INFO:     Started server process [16204]
INFO:     Waiting for application startup.
2026-07-09 03:42:52,037 - apscheduler.scheduler - INFO - Adding job tentatively -- it will be properly scheduled when the scheduler starts
2026-07-09 03:42:52,038 - apscheduler.scheduler - INFO - Added job "process_dunning_reminders" to job store "default"
2026-07-09 03:42:52,038 - apscheduler.scheduler - INFO - Scheduler started
2026-07-09 03:42:52,038 - server - INFO - Scheduler started for automated dunning reminders
INFO:     Application startup complete.
INFO:     Uvicorn running on http://0.0.0.0:8005 (Press CTRL+C to quit)
WARNING:  Unsupported upgrade request.
WARNING:  No supported WebSocket library detected. Please use "pip install 'uvicorn[standard]'", or install 'websockets' or 'wsproto' manually.
2026-07-09 03:42:52,283 - asyncio - ERROR - Exception in callback _ProactorBasePipeTransport._call_connection_lost()
handle: <Handle _ProactorBasePipeTransport._call_connection_lost()>
Traceback (most recent call last):
  File "C:\Python314\Lib\asyncio\events.py", line 94, in _run
    self._context.run(self._callback, *self._args)
    ~~~~~~~~~~~~~~~~~^^^^^^^^^^^^^^^^^^^^^^^^^^^^^
  File "C:\Python314\Lib\asyncio\proactor_events.py", line 165, in _call_connection_lost
    self._sock.shutdown(socket.SHUT_RDWR)
    ~~~~~~~~~~~~~~~~~~~^^^^^^^^^^^^^^^^^^
ConnectionResetError: [WinError 10054] Eine vorhandene Verbindung wurde vom Remotehost geschlossen
WARNING:  Unsupported upgrade request.
WARNING:  No supported WebSocket library detected. Please use "pip install 'uvicorn[standard]'", or install 'websockets' or 'wsproto' manually.
WARNING:  Unsupported upgrade request.
WARNING:  No supported WebSocket library detected. Please use "pip install 'uvicorn[standard]'", or install 'websockets' or 'wsproto' manually.
WARNING:  Unsupported upgrade request.
WARNING:  No supported WebSocket library detected. Please use "pip install 'uvicorn[standard]'", or install 'websockets' or 'wsproto' manually.
WARNING:  Unsupported upgrade request.
WARNING:  No supported WebSocket library detected. Please use "pip install 'uvicorn[standard]'", or install 'websockets' or 'wsproto' manually.
WARNING:  Unsupported upgrade request.
WARNING:  No supported WebSocket library detected. Please use "pip install 'uvicorn[standard]'", or install 'websockets' or 'wsproto' manually.
WARNING:  Unsupported upgrade request.
WARNING:  No supported WebSocket library detected. Please use "pip install 'uvicorn[standard]'", or install 'websockets' or 'wsproto' manually.
WARNING:  Unsupported upgrade request.
WARNING:  No supported WebSocket library detected. Please use "pip install 'uvicorn[standard]'", or install 'websockets' or 'wsproto' manually.
WARNING:  Unsupported upgrade request.
WARNING:  No supported WebSocket library detected. Please use "pip install 'uvicorn[standard]'", or install 'websockets' or 'wsproto' manually.
2026-07-09 03:43:03,338 - asyncio - ERROR - Exception in callback _ProactorBasePipeTransport._call_connection_lost()
handle: <Handle _ProactorBasePipeTransport._call_connection_lost()>
Traceback (most recent call last):
  File "C:\Python314\Lib\asyncio\events.py", line 94, in _run
    self._context.run(self._callback, *self._args)
    ~~~~~~~~~~~~~~~~~^^^^^^^^^^^^^^^^^^^^^^^^^^^^^
  File "C:\Python314\Lib\asyncio\proactor_events.py", line 165, in _call_connection_lost
    self._sock.shutdown(socket.SHUT_RDWR)
    ~~~~~~~~~~~~~~~~~~~^^^^^^^^^^^^^^^^^^
ConnectionResetError: [WinError 10054] Eine vorhandene Verbindung wurde vom Remotehost geschlossen
WARNING:  Unsupported upgrade request.
WARNING:  No supported WebSocket library detected. Please use "pip install 'uvicorn[standard]'", or install 'websockets' or 'wsproto' manually.
2026-07-09 03:43:07,415 - asyncio - ERROR - Exception in callback _ProactorBasePipeTransport._call_connection_lost()
handle: <Handle _ProactorBasePipeTransport._call_connection_lost()>
Traceback (most recent call last):
  File "C:\Python314\Lib\asyncio\events.py", line 94, in _run
    self._context.run(self._callback, *self._args)
    ~~~~~~~~~~~~~~~~~^^^^^^^^^^^^^^^^^^^^^^^^^^^^^
  File "C:\Python314\Lib\asyncio\proactor_events.py", line 165, in _call_connection_lost
    self._sock.shutdown(socket.SHUT_RDWR)
    ~~~~~~~~~~~~~~~~~~~^^^^^^^^^^^^^^^^^^
ConnectionResetError: [WinError 10054] Eine vorhandene Verbindung wurde vom Remotehost geschlossen
WARNING:  Unsupported upgrade request.
WARNING:  No supported WebSocket library detected. Please use "pip install 'uvicorn[standard]'", or install 'websockets' or 'wsproto' manually.
WARNING:  Unsupported upgrade request.
WARNING:  No supported WebSocket library detected. Please use "pip install 'uvicorn[standard]'", or install 'websockets' or 'wsproto' manually.
2026-07-09 03:43:08,556 - asyncio - ERROR - Exception in callback _ProactorBasePipeTransport._call_connection_lost()
handle: <Handle _ProactorBasePipeTransport._call_connection_lost()>
Traceback (most recent call last):
  File "C:\Python314\Lib\asyncio\events.py", line 94, in _run
    self._context.run(self._callback, *self._args)
    ~~~~~~~~~~~~~~~~~^^^^^^^^^^^^^^^^^^^^^^^^^^^^^
  File "C:\Python314\Lib\asyncio\proactor_events.py", line 165, in _call_connection_lost
    self._sock.shutdown(socket.SHUT_RDWR)
    ~~~~~~~~~~~~~~~~~~~^^^^^^^^^^^^^^^^^^
ConnectionResetError: [WinError 10054] Eine vorhandene Verbindung wurde vom Remotehost geschlossen
WARNING:  Unsupported upgrade request.
WARNING:  No supported WebSocket library detected. Please use "pip install 'uvicorn[standard]'", or install 'websockets' or 'wsproto' manually.
2026-07-09 03:43:12,669 - asyncio - ERROR - Exception in callback _ProactorBasePipeTransport._call_connection_lost()
handle: <Handle _ProactorBasePipeTransport._call_connection_lost()>
Traceback (most recent call last):
  File "C:\Python314\Lib\asyncio\events.py", line 94, in _run
    self._context.run(self._callback, *self._args)
    ~~~~~~~~~~~~~~~~~^^^^^^^^^^^^^^^^^^^^^^^^^^^^^
  File "C:\Python314\Lib\asyncio\proactor_events.py", line 165, in _call_connection_lost
    self._sock.shutdown(socket.SHUT_RDWR)
    ~~~~~~~~~~~~~~~~~~~^^^^^^^^^^^^^^^^^^
ConnectionResetError: [WinError 10054] Eine vorhandene Verbindung wurde vom Remotehost geschlossen
WARNING:  Unsupported upgrade request.
WARNING:  No supported WebSocket library detected. Please use "pip install 'uvicorn[standard]'", or install 'websockets' or 'wsproto' manually.
WARNING:  Unsupported upgrade request.
WARNING:  No supported WebSocket library detected. Please use "pip install 'uvicorn[standard]'", or install 'websockets' or 'wsproto' manually.
2026-07-09 03:43:13,676 - asyncio - ERROR - Exception in callback _ProactorBasePipeTransport._call_connection_lost()
handle: <Handle _ProactorBasePipeTransport._call_connection_lost()>
Traceback (most recent call last):
  File "C:\Python314\Lib\asyncio\events.py", line 94, in _run
    self._context.run(self._callback, *self._args)
    ~~~~~~~~~~~~~~~~~^^^^^^^^^^^^^^^^^^^^^^^^^^^^^
  File "C:\Python314\Lib\asyncio\proactor_events.py", line 165, in _call_connection_lost
    self._sock.shutdown(socket.SHUT_RDWR)
    ~~~~~~~~~~~~~~~~~~~^^^^^^^^^^^^^^^^^^
ConnectionResetError: [WinError 10054] Eine vorhandene Verbindung wurde vom Remotehost geschlossen
WARNING:  Unsupported upgrade request.
WARNING:  No supported WebSocket library detected. Please use "pip install 'uvicorn[standard]'", or install 'websockets' or 'wsproto' manually.
WARNING:  Unsupported upgrade request.
WARNING:  No supported WebSocket library detected. Please use "pip install 'uvicorn[standard]'", or install 'websockets' or 'wsproto' manually.
WARNING:  Unsupported upgrade request.
WARNING:  No supported WebSocket library detected. Please use "pip install 'uvicorn[standard]'", or install 'websockets' or 'wsproto' manually.
WARNING:  Unsupported upgrade request.
WARNING:  No supported WebSocket library detected. Please use "pip install 'uvicorn[standard]'", or install 'websockets' or 'wsproto' manually.
WARNING:  Unsupported upgrade request.
WARNING:  No supported WebSocket library detected. Please use "pip install 'uvicorn[standard]'", or install 'websockets' or 'wsproto' manually.
2026-07-09 03:43:25,491 - asyncio - ERROR - Exception in callback _ProactorBasePipeTransport._call_connection_lost()
handle: <Handle _ProactorBasePipeTransport._call_connection_lost()>
Traceback (most recent call last):
  File "C:\Python314\Lib\asyncio\events.py", line 94, in _run
    self._context.run(self._callback, *self._args)
    ~~~~~~~~~~~~~~~~~^^^^^^^^^^^^^^^^^^^^^^^^^^^^^
  File "C:\Python314\Lib\asyncio\proactor_events.py", line 165, in _call_connection_lost
    self._sock.shutdown(socket.SHUT_RDWR)
    ~~~~~~~~~~~~~~~~~~~^^^^^^^^^^^^^^^^^^
ConnectionResetError: [WinError 10054] Eine vorhandene Verbindung wurde vom Remotehost geschlossen
WARNING:  Unsupported upgrade request.
WARNING:  No supported WebSocket library detected. Please use "pip install 'uvicorn[standard]'", or install 'websockets' or 'wsproto' manually.
WARNING:  Unsupported upgrade request.
WARNING:  No supported WebSocket library detected. Please use "pip install 'uvicorn[standard]'", or install 'websockets' or 'wsproto' manually.
2026-07-09 03:43:30,159 - asyncio - ERROR - Exception in callback _ProactorBasePipeTransport._call_connection_lost()
handle: <Handle _ProactorBasePipeTransport._call_connection_lost()>
Traceback (most recent call last):
  File "C:\Python314\Lib\asyncio\events.py", line 94, in _run
    self._context.run(self._callback, *self._args)
    ~~~~~~~~~~~~~~~~~^^^^^^^^^^^^^^^^^^^^^^^^^^^^^
  File "C:\Python314\Lib\asyncio\proactor_events.py", line 165, in _call_connection_lost
    self._sock.shutdown(socket.SHUT_RDWR)
    ~~~~~~~~~~~~~~~~~~~^^^^^^^^^^^^^^^^^^
ConnectionResetError: [WinError 10054] Eine vorhandene Verbindung wurde vom Remotehost geschlossen
WARNING:  Unsupported upgrade request.
WARNING:  No supported WebSocket library detected. Please use "pip install 'uvicorn[standard]'", or install 'websockets' or 'wsproto' manually.
2026-07-09 03:43:30,534 - asyncio - ERROR - Exception in callback _ProactorBasePipeTransport._call_connection_lost()
handle: <Handle _ProactorBasePipeTransport._call_connection_lost()>
Traceback (most recent call last):
  File "C:\Python314\Lib\asyncio\events.py", line 94, in _run
    self._context.run(self._callback, *self._args)
    ~~~~~~~~~~~~~~~~~^^^^^^^^^^^^^^^^^^^^^^^^^^^^^
  File "C:\Python314\Lib\asyncio\proactor_events.py", line 165, in _call_connection_lost
    self._sock.shutdown(socket.SHUT_RDWR)
    ~~~~~~~~~~~~~~~~~~~^^^^^^^^^^^^^^^^^^
ConnectionResetError: [WinError 10054] Eine vorhandene Verbindung wurde vom Remotehost geschlossen
WARNING:  Unsupported upgrade request.
WARNING:  No supported WebSocket library detected. Please use "pip install 'uvicorn[standard]'", or install 'websockets' or 'wsproto' manually.
2026-07-09 03:43:32,607 - asyncio - ERROR - Exception in callback _ProactorBasePipeTransport._call_connection_lost()
handle: <Handle _ProactorBasePipeTransport._call_connection_lost()>
Traceback (most recent call last):
  File "C:\Python314\Lib\asyncio\events.py", line 94, in _run
    self._context.run(self._callback, *self._args)
    ~~~~~~~~~~~~~~~~~^^^^^^^^^^^^^^^^^^^^^^^^^^^^^
  File "C:\Python314\Lib\asyncio\proactor_events.py", line 165, in _call_connection_lost
    self._sock.shutdown(socket.SHUT_RDWR)
    ~~~~~~~~~~~~~~~~~~~^^^^^^^^^^^^^^^^^^
ConnectionResetError: [WinError 10054] Eine vorhandene Verbindung wurde vom Remotehost geschlossen
WARNING:  Unsupported upgrade request.
WARNING:  No supported WebSocket library detected. Please use "pip install 'uvicorn[standard]'", or install 'websockets' or 'wsproto' manually.
WARNING:  Unsupported upgrade request.
WARNING:  No supported WebSocket library detected. Please use "pip install 'uvicorn[standard]'", or install 'websockets' or 'wsproto' manually.
WARNING:  Unsupported upgrade request.
WARNING:  No supported WebSocket library detected. Please use "pip install 'uvicorn[standard]'", or install 'websockets' or 'wsproto' manually.
2026-07-09 03:43:36,632 - asyncio - ERROR - Exception in callback _ProactorBasePipeTransport._call_connection_lost()
handle: <Handle _ProactorBasePipeTransport._call_connection_lost()>
Traceback (most recent call last):
  File "C:\Python314\Lib\asyncio\events.py", line 94, in _run
    self._context.run(self._callback, *self._args)
    ~~~~~~~~~~~~~~~~~^^^^^^^^^^^^^^^^^^^^^^^^^^^^^
  File "C:\Python314\Lib\asyncio\proactor_events.py", line 165, in _call_connection_lost
    self._sock.shutdown(socket.SHUT_RDWR)
    ~~~~~~~~~~~~~~~~~~~^^^^^^^^^^^^^^^^^^
ConnectionResetError: [WinError 10054] Eine vorhandene Verbindung wurde vom Remotehost geschlossen
WARNING:  Unsupported upgrade request.
WARNING:  No supported WebSocket library detected. Please use "pip install 'uvicorn[standard]'", or install 'websockets' or 'wsproto' manually.
WARNING:  Unsupported upgrade request.
WARNING:  No supported WebSocket library detected. Please use "pip install 'uvicorn[standard]'", or install 'websockets' or 'wsproto' manually.
WARNING:  Unsupported upgrade request.
WARNING:  No supported WebSocket library detected. Please use "pip install 'uvicorn[standard]'", or install 'websockets' or 'wsproto' manually.
WARNING:  Unsupported upgrade request.
WARNING:  No supported WebSocket library detected. Please use "pip install 'uvicorn[standard]'", or install 'websockets' or 'wsproto' manually.
ERROR:    Exception in ASGI application
Traceback (most recent call last):
  File "C:\Users\burif\OneDrive\Desktop\YENI REDWORK SITESI\redworkch-fixed-ui-admin-hosting\redworkch-main\backend\venv\Lib\site-packages\uvicorn\protocols\http\h11_impl.py", line 408, in run_asgi
    result = await app(  # type: ignore[func-returns-value]
             ^^^^^^^^^^^^^^^^^^^^^^^^^^^^^^^^^^^^^^^^^^^^^^
        self.scope, self.receive, self.send
        ^^^^^^^^^^^^^^^^^^^^^^^^^^^^^^^^^^^
    )
    ^
  File "C:\Users\burif\OneDrive\Desktop\YENI REDWORK SITESI\redworkch-fixed-ui-admin-hosting\redworkch-main\backend\venv\Lib\site-packages\uvicorn\middleware\proxy_headers.py", line 84, in __call__
    return await self.app(scope, receive, send)
           ^^^^^^^^^^^^^^^^^^^^^^^^^^^^^^^^^^^^
  File "C:\Users\burif\OneDrive\Desktop\YENI REDWORK SITESI\redworkch-fixed-ui-admin-hosting\redworkch-main\backend\venv\Lib\site-packages\fastapi\applications.py", line 1054, in __call__
    await super().__call__(scope, receive, send)
  File "C:\Users\burif\OneDrive\Desktop\YENI REDWORK SITESI\redworkch-fixed-ui-admin-hosting\redworkch-main\backend\venv\Lib\site-packages\starlette\applications.py", line 123, in __call__
    await self.middleware_stack(scope, receive, send)
  File "C:\Users\burif\OneDrive\Desktop\YENI REDWORK SITESI\redworkch-fixed-ui-admin-hosting\redworkch-main\backend\venv\Lib\site-packages\starlette\middleware\errors.py", line 186, in __call__
    raise exc
  File "C:\Users\burif\OneDrive\Desktop\YENI REDWORK SITESI\redworkch-fixed-ui-admin-hosting\redworkch-main\backend\venv\Lib\site-packages\starlette\middleware\errors.py", line 164, in __call__
    await self.app(scope, receive, _send)
  File "C:\Users\burif\OneDrive\Desktop\YENI REDWORK SITESI\redworkch-fixed-ui-admin-hosting\redworkch-main\backend\venv\Lib\site-packages\starlette\middleware\cors.py", line 93, in __call__
    await self.simple_response(scope, receive, send, request_headers=headers)
  File "C:\Users\burif\OneDrive\Desktop\YENI REDWORK SITESI\redworkch-fixed-ui-admin-hosting\redworkch-main\backend\venv\Lib\site-packages\starlette\middleware\cors.py", line 148, in simple_response
    await self.app(scope, receive, send)
  File "C:\Users\burif\OneDrive\Desktop\YENI REDWORK SITESI\redworkch-fixed-ui-admin-hosting\redworkch-main\backend\venv\Lib\site-packages\starlette\middleware\exceptions.py", line 65, in __call__
    await wrap_app_handling_exceptions(self.app, conn)(scope, receive, send)
  File "C:\Users\burif\OneDrive\Desktop\YENI REDWORK SITESI\redworkch-fixed-ui-admin-hosting\redworkch-main\backend\venv\Lib\site-packages\starlette\_exception_handler.py", line 64, in wrapped_app
    raise exc
  File "C:\Users\burif\OneDrive\Desktop\YENI REDWORK SITESI\redworkch-fixed-ui-admin-hosting\redworkch-main\backend\venv\Lib\site-packages\starlette\_exception_handler.py", line 53, in wrapped_app
    await app(scope, receive, sender)
  File "C:\Users\burif\OneDrive\Desktop\YENI REDWORK SITESI\redworkch-fixed-ui-admin-hosting\redworkch-main\backend\venv\Lib\site-packages\starlette\routing.py", line 756, in __call__
    await self.middleware_stack(scope, receive, send)
  File "C:\Users\burif\OneDrive\Desktop\YENI REDWORK SITESI\redworkch-fixed-ui-admin-hosting\redworkch-main\backend\venv\Lib\site-packages\starlette\routing.py", line 776, in app
    await route.handle(scope, receive, send)
  File "C:\Users\burif\OneDrive\Desktop\YENI REDWORK SITESI\redworkch-fixed-ui-admin-hosting\redworkch-main\backend\venv\Lib\site-packages\starlette\routing.py", line 297, in handle
    await self.app(scope, receive, send)
  File "C:\Users\burif\OneDrive\Desktop\YENI REDWORK SITESI\redworkch-fixed-ui-admin-hosting\redworkch-main\backend\venv\Lib\site-packages\starlette\routing.py", line 77, in app
    await wrap_app_handling_exceptions(app, request)(scope, receive, send)
  File "C:\Users\burif\OneDrive\Desktop\YENI REDWORK SITESI\redworkch-fixed-ui-admin-hosting\redworkch-main\backend\venv\Lib\site-packages\starlette\_exception_handler.py", line 64, in wrapped_app
    raise exc
  File "C:\Users\burif\OneDrive\Desktop\YENI REDWORK SITESI\redworkch-fixed-ui-admin-hosting\redworkch-main\backend\venv\Lib\site-packages\starlette\_exception_handler.py", line 53, in wrapped_app
    await app(scope, receive, sender)
  File "C:\Users\burif\OneDrive\Desktop\YENI REDWORK SITESI\redworkch-fixed-ui-admin-hosting\redworkch-main\backend\venv\Lib\site-packages\starlette\routing.py", line 72, in app
    response = await func(request)
               ^^^^^^^^^^^^^^^^^^^
  File "C:\Users\burif\OneDrive\Desktop\YENI REDWORK SITESI\redworkch-fixed-ui-admin-hosting\redworkch-main\backend\venv\Lib\site-packages\fastapi\routing.py", line 278, in app
    raw_response = await run_endpoint_function(
                   ^^^^^^^^^^^^^^^^^^^^^^^^^^^^
        dependant=dependant, values=values, is_coroutine=is_coroutine
        ^^^^^^^^^^^^^^^^^^^^^^^^^^^^^^^^^^^^^^^^^^^^^^^^^^^^^^^^^^^^^
    )
    ^
  File "C:\Users\burif\OneDrive\Desktop\YENI REDWORK SITESI\redworkch-fixed-ui-admin-hosting\redworkch-main\backend\venv\Lib\site-packages\fastapi\routing.py", line 191, in run_endpoint_function
    return await dependant.call(**values)
           ^^^^^^^^^^^^^^^^^^^^^^^^^^^^^^
  File "C:\Users\burif\OneDrive\Desktop\YENI REDWORK SITESI\redworkch-fixed-ui-admin-hosting\redworkch-main\backend\server.py", line 2125, in list_orders
    user_dict = {u["id"]: f"{u['firstName']} {u['lastName']}" for u in users}
                 ~^^^^^^
KeyError: 'id'
ERROR:    Exception in ASGI application
Traceback (most recent call last):
  File "C:\Users\burif\OneDrive\Desktop\YENI REDWORK SITESI\redworkch-fixed-ui-admin-hosting\redworkch-main\backend\venv\Lib\site-packages\uvicorn\protocols\http\h11_impl.py", line 408, in run_asgi
    result = await app(  # type: ignore[func-returns-value]
             ^^^^^^^^^^^^^^^^^^^^^^^^^^^^^^^^^^^^^^^^^^^^^^
        self.scope, self.receive, self.send
        ^^^^^^^^^^^^^^^^^^^^^^^^^^^^^^^^^^^
    )
    ^
  File "C:\Users\burif\OneDrive\Desktop\YENI REDWORK SITESI\redworkch-fixed-ui-admin-hosting\redworkch-main\backend\venv\Lib\site-packages\uvicorn\middleware\proxy_headers.py", line 84, in __call__
    return await self.app(scope, receive, send)
           ^^^^^^^^^^^^^^^^^^^^^^^^^^^^^^^^^^^^
  File "C:\Users\burif\OneDrive\Desktop\YENI REDWORK SITESI\redworkch-fixed-ui-admin-hosting\redworkch-main\backend\venv\Lib\site-packages\fastapi\applications.py", line 1054, in __call__
    await super().__call__(scope, receive, send)
  File "C:\Users\burif\OneDrive\Desktop\YENI REDWORK SITESI\redworkch-fixed-ui-admin-hosting\redworkch-main\backend\venv\Lib\site-packages\starlette\applications.py", line 123, in __call__
    await self.middleware_stack(scope, receive, send)
  File "C:\Users\burif\OneDrive\Desktop\YENI REDWORK SITESI\redworkch-fixed-ui-admin-hosting\redworkch-main\backend\venv\Lib\site-packages\starlette\middleware\errors.py", line 186, in __call__
    raise exc
  File "C:\Users\burif\OneDrive\Desktop\YENI REDWORK SITESI\redworkch-fixed-ui-admin-hosting\redworkch-main\backend\venv\Lib\site-packages\starlette\middleware\errors.py", line 164, in __call__
    await self.app(scope, receive, _send)
  File "C:\Users\burif\OneDrive\Desktop\YENI REDWORK SITESI\redworkch-fixed-ui-admin-hosting\redworkch-main\backend\venv\Lib\site-packages\starlette\middleware\cors.py", line 93, in __call__
    await self.simple_response(scope, receive, send, request_headers=headers)
  File "C:\Users\burif\OneDrive\Desktop\YENI REDWORK SITESI\redworkch-fixed-ui-admin-hosting\redworkch-main\backend\venv\Lib\site-packages\starlette\middleware\cors.py", line 148, in simple_response
    await self.app(scope, receive, send)
  File "C:\Users\burif\OneDrive\Desktop\YENI REDWORK SITESI\redworkch-fixed-ui-admin-hosting\redworkch-main\backend\venv\Lib\site-packages\starlette\middleware\exceptions.py", line 65, in __call__
    await wrap_app_handling_exceptions(self.app, conn)(scope, receive, send)
  File "C:\Users\burif\OneDrive\Desktop\YENI REDWORK SITESI\redworkch-fixed-ui-admin-hosting\redworkch-main\backend\venv\Lib\site-packages\starlette\_exception_handler.py", line 64, in wrapped_app
    raise exc
  File "C:\Users\burif\OneDrive\Desktop\YENI REDWORK SITESI\redworkch-fixed-ui-admin-hosting\redworkch-main\backend\venv\Lib\site-packages\starlette\_exception_handler.py", line 53, in wrapped_app
    await app(scope, receive, sender)
  File "C:\Users\burif\OneDrive\Desktop\YENI REDWORK SITESI\redworkch-fixed-ui-admin-hosting\redworkch-main\backend\venv\Lib\site-packages\starlette\routing.py", line 756, in __call__
    await self.middleware_stack(scope, receive, send)
  File "C:\Users\burif\OneDrive\Desktop\YENI REDWORK SITESI\redworkch-fixed-ui-admin-hosting\redworkch-main\backend\venv\Lib\site-packages\starlette\routing.py", line 776, in app
    await route.handle(scope, receive, send)
  File "C:\Users\burif\OneDrive\Desktop\YENI REDWORK SITESI\redworkch-fixed-ui-admin-hosting\redworkch-main\backend\venv\Lib\site-packages\starlette\routing.py", line 297, in handle
    await self.app(scope, receive, send)
  File "C:\Users\burif\OneDrive\Desktop\YENI REDWORK SITESI\redworkch-fixed-ui-admin-hosting\redworkch-main\backend\venv\Lib\site-packages\starlette\routing.py", line 77, in app
    await wrap_app_handling_exceptions(app, request)(scope, receive, send)
  File "C:\Users\burif\OneDrive\Desktop\YENI REDWORK SITESI\redworkch-fixed-ui-admin-hosting\redworkch-main\backend\venv\Lib\site-packages\starlette\_exception_handler.py", line 64, in wrapped_app
    raise exc
  File "C:\Users\burif\OneDrive\Desktop\YENI REDWORK SITESI\redworkch-fixed-ui-admin-hosting\redworkch-main\backend\venv\Lib\site-packages\starlette\_exception_handler.py", line 53, in wrapped_app
    await app(scope, receive, sender)
  File "C:\Users\burif\OneDrive\Desktop\YENI REDWORK SITESI\redworkch-fixed-ui-admin-hosting\redworkch-main\backend\venv\Lib\site-packages\starlette\routing.py", line 72, in app
    response = await func(request)
               ^^^^^^^^^^^^^^^^^^^
  File "C:\Users\burif\OneDrive\Desktop\YENI REDWORK SITESI\redworkch-fixed-ui-admin-hosting\redworkch-main\backend\venv\Lib\site-packages\fastapi\routing.py", line 278, in app
    raw_response = await run_endpoint_function(
                   ^^^^^^^^^^^^^^^^^^^^^^^^^^^^
        dependant=dependant, values=values, is_coroutine=is_coroutine
        ^^^^^^^^^^^^^^^^^^^^^^^^^^^^^^^^^^^^^^^^^^^^^^^^^^^^^^^^^^^^^
    )
    ^
  File "C:\Users\burif\OneDrive\Desktop\YENI REDWORK SITESI\redworkch-fixed-ui-admin-hosting\redworkch-main\backend\venv\Lib\site-packages\fastapi\routing.py", line 191, in run_endpoint_function
    return await dependant.call(**values)
           ^^^^^^^^^^^^^^^^^^^^^^^^^^^^^^
  File "C:\Users\burif\OneDrive\Desktop\YENI REDWORK SITESI\redworkch-fixed-ui-admin-hosting\redworkch-main\backend\server.py", line 2125, in list_orders
    user_dict = {u["id"]: f"{u['firstName']} {u['lastName']}" for u in users}
                 ~^^^^^^
KeyError: 'id'
WARNING:  Unsupported upgrade request.
WARNING:  No supported WebSocket library detected. Please use "pip install 'uvicorn[standard]'", or install 'websockets' or 'wsproto' manually.
WARNING:  Unsupported upgrade request.
WARNING:  No supported WebSocket library detected. Please use "pip install 'uvicorn[standard]'", or install 'websockets' or 'wsproto' manually.
2026-07-09 03:43:45,239 - asyncio - ERROR - Exception in callback _ProactorBasePipeTransport._call_connection_lost()
handle: <Handle _ProactorBasePipeTransport._call_connection_lost()>
Traceback (most recent call last):
  File "C:\Python314\Lib\asyncio\events.py", line 94, in _run
    self._context.run(self._callback, *self._args)
    ~~~~~~~~~~~~~~~~~^^^^^^^^^^^^^^^^^^^^^^^^^^^^^
  File "C:\Python314\Lib\asyncio\proactor_events.py", line 165, in _call_connection_lost
    self._sock.shutdown(socket.SHUT_RDWR)
    ~~~~~~~~~~~~~~~~~~~^^^^^^^^^^^^^^^^^^
ConnectionResetError: [WinError 10054] Eine vorhandene Verbindung wurde vom Remotehost geschlossen
WARNING:  Unsupported upgrade request.
WARNING:  No supported WebSocket library detected. Please use "pip install 'uvicorn[standard]'", or install 'websockets' or 'wsproto' manually.
WARNING:  Unsupported upgrade request.
WARNING:  No supported WebSocket library detected. Please use "pip install 'uvicorn[standard]'", or install 'websockets' or 'wsproto' manually.
2026-07-09 03:43:48,257 - asyncio - ERROR - Exception in callback _ProactorBasePipeTransport._call_connection_lost()
handle: <Handle _ProactorBasePipeTransport._call_connection_lost()>
Traceback (most recent call last):
  File "C:\Python314\Lib\asyncio\events.py", line 94, in _run
    self._context.run(self._callback, *self._args)
    ~~~~~~~~~~~~~~~~~^^^^^^^^^^^^^^^^^^^^^^^^^^^^^
  File "C:\Python314\Lib\asyncio\proactor_events.py", line 165, in _call_connection_lost
    self._sock.shutdown(socket.SHUT_RDWR)
    ~~~~~~~~~~~~~~~~~~~^^^^^^^^^^^^^^^^^^
ConnectionResetError: [WinError 10054] Eine vorhandene Verbindung wurde vom Remotehost geschlossen
WARNING:  Unsupported upgrade request.
WARNING:  No supported WebSocket library detected. Please use "pip install 'uvicorn[standard]'", or install 'websockets' or 'wsproto' manually.
WARNING:  Unsupported upgrade request.
WARNING:  No supported WebSocket library detected. Please use "pip install 'uvicorn[standard]'", or install 'websockets' or 'wsproto' manually.
WARNING:  Unsupported upgrade request.
WARNING:  No supported WebSocket library detected. Please use "pip install 'uvicorn[standard]'", or install 'websockets' or 'wsproto' manually.
WARNING:  Unsupported upgrade request.
WARNING:  No supported WebSocket library detected. Please use "pip install 'uvicorn[standard]'", or install 'websockets' or 'wsproto' manually.
WARNING:  Unsupported upgrade request.
WARNING:  No supported WebSocket library detected. Please use "pip install 'uvicorn[standard]'", or install 'websockets' or 'wsproto' manually.
2026-07-09 03:43:54,828 - asyncio - ERROR - Exception in callback _ProactorBasePipeTransport._call_connection_lost()
handle: <Handle _ProactorBasePipeTransport._call_connection_lost()>
Traceback (most recent call last):
  File "C:\Python314\Lib\asyncio\events.py", line 94, in _run
    self._context.run(self._callback, *self._args)
    ~~~~~~~~~~~~~~~~~^^^^^^^^^^^^^^^^^^^^^^^^^^^^^
  File "C:\Python314\Lib\asyncio\proactor_events.py", line 165, in _call_connection_lost
    self._sock.shutdown(socket.SHUT_RDWR)
    ~~~~~~~~~~~~~~~~~~~^^^^^^^^^^^^^^^^^^
ConnectionResetError: [WinError 10054] Eine vorhandene Verbindung wurde vom Remotehost geschlossen
WARNING:  Unsupported upgrade request.
WARNING:  No supported WebSocket library detected. Please use "pip install 'uvicorn[standard]'", or install 'websockets' or 'wsproto' manually.
WARNING:  Unsupported upgrade request.
WARNING:  No supported WebSocket library detected. Please use "pip install 'uvicorn[standard]'", or install 'websockets' or 'wsproto' manually.
WARNING:  Unsupported upgrade request.
WARNING:  No supported WebSocket library detected. Please use "pip install 'uvicorn[standard]'", or install 'websockets' or 'wsproto' manually.
WARNING:  Unsupported upgrade request.
WARNING:  No supported WebSocket library detected. Please use "pip install 'uvicorn[standard]'", or install 'websockets' or 'wsproto' manually.
WARNING:  Unsupported upgrade request.
WARNING:  No supported WebSocket library detected. Please use "pip install 'uvicorn[standard]'", or install 'websockets' or 'wsproto' manually.
WARNING:  Unsupported upgrade request.
WARNING:  No supported WebSocket library detected. Please use "pip install 'uvicorn[standard]'", or install 'websockets' or 'wsproto' manually.
WARNING:  Unsupported upgrade request.
WARNING:  No supported WebSocket library detected. Please use "pip install 'uvicorn[standard]'", or install 'websockets' or 'wsproto' manually.
2026-07-09 03:44:03,243 - asyncio - ERROR - Exception in callback _ProactorBasePipeTransport._call_connection_lost()
handle: <Handle _ProactorBasePipeTransport._call_connection_lost()>
Traceback (most recent call last):
  File "C:\Python314\Lib\asyncio\events.py", line 94, in _run
    self._context.run(self._callback, *self._args)
    ~~~~~~~~~~~~~~~~~^^^^^^^^^^^^^^^^^^^^^^^^^^^^^
  File "C:\Python314\Lib\asyncio\proactor_events.py", line 165, in _call_connection_lost
    self._sock.shutdown(socket.SHUT_RDWR)
    ~~~~~~~~~~~~~~~~~~~^^^^^^^^^^^^^^^^^^
ConnectionResetError: [WinError 10054] Eine vorhandene Verbindung wurde vom Remotehost geschlossen
WARNING:  Unsupported upgrade request.
WARNING:  No supported WebSocket library detected. Please use "pip install 'uvicorn[standard]'", or install 'websockets' or 'wsproto' manually.
WARNING:  Unsupported upgrade request.
WARNING:  No supported WebSocket library detected. Please use "pip install 'uvicorn[standard]'", or install 'websockets' or 'wsproto' manually.
WARNING:  Unsupported upgrade request.
WARNING:  No supported WebSocket library detected. Please use "pip install 'uvicorn[standard]'", or install 'websockets' or 'wsproto' manually.
2026-07-09 03:44:08,252 - asyncio - ERROR - Exception in callback _ProactorBasePipeTransport._call_connection_lost()
handle: <Handle _ProactorBasePipeTransport._call_connection_lost()>
Traceback (most recent call last):
  File "C:\Python314\Lib\asyncio\events.py", line 94, in _run
    self._context.run(self._callback, *self._args)
    ~~~~~~~~~~~~~~~~~^^^^^^^^^^^^^^^^^^^^^^^^^^^^^
  File "C:\Python314\Lib\asyncio\proactor_events.py", line 165, in _call_connection_lost
    self._sock.shutdown(socket.SHUT_RDWR)
    ~~~~~~~~~~~~~~~~~~~^^^^^^^^^^^^^^^^^^
ConnectionResetError: [WinError 10054] Eine vorhandene Verbindung wurde vom Remotehost geschlossen
WARNING:  Unsupported upgrade request.
WARNING:  No supported WebSocket library detected. Please use "pip install 'uvicorn[standard]'", or install 'websockets' or 'wsproto' manually.
2026-07-09 03:44:08,786 - asyncio - ERROR - Exception in callback _ProactorBasePipeTransport._call_connection_lost()
handle: <Handle _ProactorBasePipeTransport._call_connection_lost()>
Traceback (most recent call last):
  File "C:\Python314\Lib\asyncio\events.py", line 94, in _run
    self._context.run(self._callback, *self._args)
    ~~~~~~~~~~~~~~~~~^^^^^^^^^^^^^^^^^^^^^^^^^^^^^
  File "C:\Python314\Lib\asyncio\proactor_events.py", line 165, in _call_connection_lost
    self._sock.shutdown(socket.SHUT_RDWR)
    ~~~~~~~~~~~~~~~~~~~^^^^^^^^^^^^^^^^^^
ConnectionResetError: [WinError 10054] Eine vorhandene Verbindung wurde vom Remotehost geschlossen
WARNING:  Unsupported upgrade request.
WARNING:  No supported WebSocket library detected. Please use "pip install 'uvicorn[standard]'", or install 'websockets' or 'wsproto' manually.
2026-07-09 03:44:10,188 - asyncio - ERROR - Exception in callback _ProactorBasePipeTransport._call_connection_lost()
handle: <Handle _ProactorBasePipeTransport._call_connection_lost()>
Traceback (most recent call last):
  File "C:\Python314\Lib\asyncio\events.py", line 94, in _run
    self._context.run(self._callback, *self._args)
    ~~~~~~~~~~~~~~~~~^^^^^^^^^^^^^^^^^^^^^^^^^^^^^
  File "C:\Python314\Lib\asyncio\proactor_events.py", line 165, in _call_connection_lost
    self._sock.shutdown(socket.SHUT_RDWR)
    ~~~~~~~~~~~~~~~~~~~^^^^^^^^^^^^^^^^^^
ConnectionResetError: [WinError 10054] Eine vorhandene Verbindung wurde vom Remotehost geschlossen
WARNING:  Unsupported upgrade request.
WARNING:  No supported WebSocket library detected. Please use "pip install 'uvicorn[standard]'", or install 'websockets' or 'wsproto' manually.
2026-07-09 03:44:10,257 - asyncio - ERROR - Exception in callback _ProactorBasePipeTransport._call_connection_lost()
handle: <Handle _ProactorBasePipeTransport._call_connection_lost()>
Traceback (most recent call last):
  File "C:\Python314\Lib\asyncio\events.py", line 94, in _run
    self._context.run(self._callback, *self._args)
    ~~~~~~~~~~~~~~~~~^^^^^^^^^^^^^^^^^^^^^^^^^^^^^
  File "C:\Python314\Lib\asyncio\proactor_events.py", line 165, in _call_connection_lost
    self._sock.shutdown(socket.SHUT_RDWR)
    ~~~~~~~~~~~~~~~~~~~^^^^^^^^^^^^^^^^^^
ConnectionResetError: [WinError 10054] Eine vorhandene Verbindung wurde vom Remotehost geschlossen
WARNING:  Unsupported upgrade request.
WARNING:  No supported WebSocket library detected. Please use "pip install 'uvicorn[standard]'", or install 'websockets' or 'wsproto' manually.
2026-07-09 03:44:12,819 - asyncio - ERROR - Exception in callback _ProactorBasePipeTransport._call_connection_lost()
handle: <Handle _ProactorBasePipeTransport._call_connection_lost()>
Traceback (most recent call last):
  File "C:\Python314\Lib\asyncio\events.py", line 94, in _run
    self._context.run(self._callback, *self._args)
    ~~~~~~~~~~~~~~~~~^^^^^^^^^^^^^^^^^^^^^^^^^^^^^
  File "C:\Python314\Lib\asyncio\proactor_events.py", line 165, in _call_connection_lost
    self._sock.shutdown(socket.SHUT_RDWR)
    ~~~~~~~~~~~~~~~~~~~^^^^^^^^^^^^^^^^^^
ConnectionResetError: [WinError 10054] Eine vorhandene Verbindung wurde vom Remotehost geschlossen
WARNING:  Unsupported upgrade request.
WARNING:  No supported WebSocket library detected. Please use "pip install 'uvicorn[standard]'", or install 'websockets' or 'wsproto' manually.
WARNING:  Unsupported upgrade request.
WARNING:  No supported WebSocket library detected. Please use "pip install 'uvicorn[standard]'", or install 'websockets' or 'wsproto' manually.
WARNING:  Unsupported upgrade request.
WARNING:  No supported WebSocket library detected. Please use "pip install 'uvicorn[standard]'", or install 'websockets' or 'wsproto' manually.
2026-07-09 03:44:16,162 - asyncio - ERROR - Exception in callback _ProactorBasePipeTransport._call_connection_lost()
handle: <Handle _ProactorBasePipeTransport._call_connection_lost()>
Traceback (most recent call last):
  File "C:\Python314\Lib\asyncio\events.py", line 94, in _run
    self._context.run(self._callback, *self._args)
    ~~~~~~~~~~~~~~~~~^^^^^^^^^^^^^^^^^^^^^^^^^^^^^
  File "C:\Python314\Lib\asyncio\proactor_events.py", line 165, in _call_connection_lost
    self._sock.shutdown(socket.SHUT_RDWR)
    ~~~~~~~~~~~~~~~~~~~^^^^^^^^^^^^^^^^^^
ConnectionResetError: [WinError 10054] Eine vorhandene Verbindung wurde vom Remotehost geschlossen
WARNING:  Unsupported upgrade request.
WARNING:  No supported WebSocket library detected. Please use "pip install 'uvicorn[standard]'", or install 'websockets' or 'wsproto' manually.
2026-07-09 03:44:16,847 - asyncio - ERROR - Exception in callback _ProactorBasePipeTransport._call_connection_lost()
handle: <Handle _ProactorBasePipeTransport._call_connection_lost()>
Traceback (most recent call last):
  File "C:\Python314\Lib\asyncio\events.py", line 94, in _run
    self._context.run(self._callback, *self._args)
    ~~~~~~~~~~~~~~~~~^^^^^^^^^^^^^^^^^^^^^^^^^^^^^
  File "C:\Python314\Lib\asyncio\proactor_events.py", line 165, in _call_connection_lost
    self._sock.shutdown(socket.SHUT_RDWR)
    ~~~~~~~~~~~~~~~~~~~^^^^^^^^^^^^^^^^^^
ConnectionResetError: [WinError 10054] Eine vorhandene Verbindung wurde vom Remotehost geschlossen
WARNING:  Unsupported upgrade request.
WARNING:  No supported WebSocket library detected. Please use "pip install 'uvicorn[standard]'", or install 'websockets' or 'wsproto' manually.
2026-07-09 03:44:18,261 - asyncio - ERROR - Exception in callback _ProactorBasePipeTransport._call_connection_lost()
handle: <Handle _ProactorBasePipeTransport._call_connection_lost()>
Traceback (most recent call last):
  File "C:\Python314\Lib\asyncio\events.py", line 94, in _run
    self._context.run(self._callback, *self._args)
    ~~~~~~~~~~~~~~~~~^^^^^^^^^^^^^^^^^^^^^^^^^^^^^
  File "C:\Python314\Lib\asyncio\proactor_events.py", line 165, in _call_connection_lost
    self._sock.shutdown(socket.SHUT_RDWR)
    ~~~~~~~~~~~~~~~~~~~^^^^^^^^^^^^^^^^^^
ConnectionResetError: [WinError 10054] Eine vorhandene Verbindung wurde vom Remotehost geschlossen
WARNING:  Unsupported upgrade request.
WARNING:  No supported WebSocket library detected. Please use "pip install 'uvicorn[standard]'", or install 'websockets' or 'wsproto' manually.
2026-07-09 03:44:20,267 - asyncio - ERROR - Exception in callback _ProactorBasePipeTransport._call_connection_lost()
handle: <Handle _ProactorBasePipeTransport._call_connection_lost()>
Traceback (most recent call last):
  File "C:\Python314\Lib\asyncio\events.py", line 94, in _run
    self._context.run(self._callback, *self._args)
    ~~~~~~~~~~~~~~~~~^^^^^^^^^^^^^^^^^^^^^^^^^^^^^
  File "C:\Python314\Lib\asyncio\proactor_events.py", line 165, in _call_connection_lost
    self._sock.shutdown(socket.SHUT_RDWR)
    ~~~~~~~~~~~~~~~~~~~^^^^^^^^^^^^^^^^^^
ConnectionResetError: [WinError 10054] Eine vorhandene Verbindung wurde vom Remotehost geschlossen
WARNING:  Unsupported upgrade request.
WARNING:  No supported WebSocket library detected. Please use "pip install 'uvicorn[standard]'", or install 'websockets' or 'wsproto' manually.
WARNING:  Unsupported upgrade request.
WARNING:  No supported WebSocket library detected. Please use "pip install 'uvicorn[standard]'", or install 'websockets' or 'wsproto' manually.
WARNING:  Unsupported upgrade request.
WARNING:  No supported WebSocket library detected. Please use "pip install 'uvicorn[standard]'", or install 'websockets' or 'wsproto' manually.
2026-07-09 03:44:23,255 - asyncio - ERROR - Exception in callback _ProactorBasePipeTransport._call_connection_lost()
handle: <Handle _ProactorBasePipeTransport._call_connection_lost()>
Traceback (most recent call last):
  File "C:\Python314\Lib\asyncio\events.py", line 94, in _run
    self._context.run(self._callback, *self._args)
    ~~~~~~~~~~~~~~~~~^^^^^^^^^^^^^^^^^^^^^^^^^^^^^
  File "C:\Python314\Lib\asyncio\proactor_events.py", line 165, in _call_connection_lost
    self._sock.shutdown(socket.SHUT_RDWR)
    ~~~~~~~~~~~~~~~~~~~^^^^^^^^^^^^^^^^^^
ConnectionResetError: [WinError 10054] Eine vorhandene Verbindung wurde vom Remotehost geschlossen
WARNING:  Unsupported upgrade request.
WARNING:  No supported WebSocket library detected. Please use "pip install 'uvicorn[standard]'", or install 'websockets' or 'wsproto' manually.
WARNING:  Unsupported upgrade request.
WARNING:  No supported WebSocket library detected. Please use "pip install 'uvicorn[standard]'", or install 'websockets' or 'wsproto' manually.
2026-07-09 03:44:25,274 - asyncio - ERROR - Exception in callback _ProactorBasePipeTransport._call_connection_lost()
handle: <Handle _ProactorBasePipeTransport._call_connection_lost()>
Traceback (most recent call last):
  File "C:\Python314\Lib\asyncio\events.py", line 94, in _run
    self._context.run(self._callback, *self._args)
    ~~~~~~~~~~~~~~~~~^^^^^^^^^^^^^^^^^^^^^^^^^^^^^
  File "C:\Python314\Lib\asyncio\proactor_events.py", line 165, in _call_connection_lost
    self._sock.shutdown(socket.SHUT_RDWR)
    ~~~~~~~~~~~~~~~~~~~^^^^^^^^^^^^^^^^^^
ConnectionResetError: [WinError 10054] Eine vorhandene Verbindung wurde vom Remotehost geschlossen
WARNING:  Unsupported upgrade request.
WARNING:  No supported WebSocket library detected. Please use "pip install 'uvicorn[standard]'", or install 'websockets' or 'wsproto' manually.
WARNING:  Unsupported upgrade request.
WARNING:  No supported WebSocket library detected. Please use "pip install 'uvicorn[standard]'", or install 'websockets' or 'wsproto' manually.
2026-07-09 03:44:28,945 - asyncio - ERROR - Exception in callback _ProactorBasePipeTransport._call_connection_lost()
handle: <Handle _ProactorBasePipeTransport._call_connection_lost()>
Traceback (most recent call last):
  File "C:\Python314\Lib\asyncio\events.py", line 94, in _run
    self._context.run(self._callback, *self._args)
    ~~~~~~~~~~~~~~~~~^^^^^^^^^^^^^^^^^^^^^^^^^^^^^
  File "C:\Python314\Lib\asyncio\proactor_events.py", line 165, in _call_connection_lost
    self._sock.shutdown(socket.SHUT_RDWR)
    ~~~~~~~~~~~~~~~~~~~^^^^^^^^^^^^^^^^^^
ConnectionResetError: [WinError 10054] Eine vorhandene Verbindung wurde vom Remotehost geschlossen
WARNING:  Unsupported upgrade request.
WARNING:  No supported WebSocket library detected. Please use "pip install 'uvicorn[standard]'", or install 'websockets' or 'wsproto' manually.
2026-07-09 03:44:29,527 - asyncio - ERROR - Exception in callback _ProactorBasePipeTransport._call_connection_lost()
handle: <Handle _ProactorBasePipeTransport._call_connection_lost()>
Traceback (most recent call last):
  File "C:\Python314\Lib\asyncio\events.py", line 94, in _run
    self._context.run(self._callback, *self._args)
    ~~~~~~~~~~~~~~~~~^^^^^^^^^^^^^^^^^^^^^^^^^^^^^
  File "C:\Python314\Lib\asyncio\proactor_events.py", line 165, in _call_connection_lost
    self._sock.shutdown(socket.SHUT_RDWR)
    ~~~~~~~~~~~~~~~~~~~^^^^^^^^^^^^^^^^^^
ConnectionResetError: [WinError 10054] Eine vorhandene Verbindung wurde vom Remotehost geschlossen
WARNING:  Unsupported upgrade request.
WARNING:  No supported WebSocket library detected. Please use "pip install 'uvicorn[standard]'", or install 'websockets' or 'wsproto' manually.
WARNING:  Unsupported upgrade request.
WARNING:  No supported WebSocket library detected. Please use "pip install 'uvicorn[standard]'", or install 'websockets' or 'wsproto' manually.
2026-07-09 03:44:32,965 - asyncio - ERROR - Exception in callback _ProactorBasePipeTransport._call_connection_lost()
handle: <Handle _ProactorBasePipeTransport._call_connection_lost()>
Traceback (most recent call last):
  File "C:\Python314\Lib\asyncio\events.py", line 94, in _run
    self._context.run(self._callback, *self._args)
    ~~~~~~~~~~~~~~~~~^^^^^^^^^^^^^^^^^^^^^^^^^^^^^
  File "C:\Python314\Lib\asyncio\proactor_events.py", line 165, in _call_connection_lost
    self._sock.shutdown(socket.SHUT_RDWR)
    ~~~~~~~~~~~~~~~~~~~^^^^^^^^^^^^^^^^^^
ConnectionResetError: [WinError 10054] Eine vorhandene Verbindung wurde vom Remotehost geschlossen
WARNING:  Unsupported upgrade request.
WARNING:  No supported WebSocket library detected. Please use "pip install 'uvicorn[standard]'", or install 'websockets' or 'wsproto' manually.
WARNING:  Unsupported upgrade request.
WARNING:  No supported WebSocket library detected. Please use "pip install 'uvicorn[standard]'", or install 'websockets' or 'wsproto' manually.
WARNING:  Unsupported upgrade request.
WARNING:  No supported WebSocket library detected. Please use "pip install 'uvicorn[standard]'", or install 'websockets' or 'wsproto' manually.
2026-07-09 03:44:35,975 - asyncio - ERROR - Exception in callback _ProactorBasePipeTransport._call_connection_lost()
handle: <Handle _ProactorBasePipeTransport._call_connection_lost()>
Traceback (most recent call last):
  File "C:\Python314\Lib\asyncio\events.py", line 94, in _run
    self._context.run(self._callback, *self._args)
    ~~~~~~~~~~~~~~~~~^^^^^^^^^^^^^^^^^^^^^^^^^^^^^
  File "C:\Python314\Lib\asyncio\proactor_events.py", line 165, in _call_connection_lost
    self._sock.shutdown(socket.SHUT_RDWR)
    ~~~~~~~~~~~~~~~~~~~^^^^^^^^^^^^^^^^^^
ConnectionResetError: [WinError 10054] Eine vorhandene Verbindung wurde vom Remotehost geschlossen
WARNING:  Unsupported upgrade request.
WARNING:  No supported WebSocket library detected. Please use "pip install 'uvicorn[standard]'", or install 'websockets' or 'wsproto' manually.
WARNING:  Unsupported upgrade request.
WARNING:  No supported WebSocket library detected. Please use "pip install 'uvicorn[standard]'", or install 'websockets' or 'wsproto' manually.
2026-07-09 03:44:38,287 - asyncio - ERROR - Exception in callback _ProactorBasePipeTransport._call_connection_lost()
handle: <Handle _ProactorBasePipeTransport._call_connection_lost()>
Traceback (most recent call last):
  File "C:\Python314\Lib\asyncio\events.py", line 94, in _run
    self._context.run(self._callback, *self._args)
    ~~~~~~~~~~~~~~~~~^^^^^^^^^^^^^^^^^^^^^^^^^^^^^
  File "C:\Python314\Lib\asyncio\proactor_events.py", line 165, in _call_connection_lost
    self._sock.shutdown(socket.SHUT_RDWR)
    ~~~~~~~~~~~~~~~~~~~^^^^^^^^^^^^^^^^^^
ConnectionResetError: [WinError 10054] Eine vorhandene Verbindung wurde vom Remotehost geschlossen
WARNING:  Unsupported upgrade request.
WARNING:  No supported WebSocket library detected. Please use "pip install 'uvicorn[standard]'", or install 'websockets' or 'wsproto' manually.
2026-07-09 03:44:40,537 - asyncio - ERROR - Exception in callback _ProactorBasePipeTransport._call_connection_lost()
handle: <Handle _ProactorBasePipeTransport._call_connection_lost()>
Traceback (most recent call last):
  File "C:\Python314\Lib\asyncio\events.py", line 94, in _run
    self._context.run(self._callback, *self._args)
    ~~~~~~~~~~~~~~~~~^^^^^^^^^^^^^^^^^^^^^^^^^^^^^
  File "C:\Python314\Lib\asyncio\proactor_events.py", line 165, in _call_connection_lost
    self._sock.shutdown(socket.SHUT_RDWR)
    ~~~~~~~~~~~~~~~~~~~^^^^^^^^^^^^^^^^^^
ConnectionResetError: [WinError 10054] Eine vorhandene Verbindung wurde vom Remotehost geschlossen
WARNING:  Unsupported upgrade request.
WARNING:  No supported WebSocket library detected. Please use "pip install 'uvicorn[standard]'", or install 'websockets' or 'wsproto' manually.
WARNING:  Unsupported upgrade request.
WARNING:  No supported WebSocket library detected. Please use "pip install 'uvicorn[standard]'", or install 'websockets' or 'wsproto' manually.
WARNING:  Unsupported upgrade request.
WARNING:  No supported WebSocket library detected. Please use "pip install 'uvicorn[standard]'", or install 'websockets' or 'wsproto' manually.
WARNING:  Unsupported upgrade request.
WARNING:  No supported WebSocket library detected. Please use "pip install 'uvicorn[standard]'", or install 'websockets' or 'wsproto' manually.
WARNING:  Unsupported upgrade request.
WARNING:  No supported WebSocket library detected. Please use "pip install 'uvicorn[standard]'", or install 'websockets' or 'wsproto' manually.
WARNING:  Unsupported upgrade request.
WARNING:  No supported WebSocket library detected. Please use "pip install 'uvicorn[standard]'", or install 'websockets' or 'wsproto' manually.
2026-07-09 03:44:48,385 - asyncio - ERROR - Exception in callback _ProactorBasePipeTransport._call_connection_lost()
handle: <Handle _ProactorBasePipeTransport._call_connection_lost()>
Traceback (most recent call last):
  File "C:\Python314\Lib\asyncio\events.py", line 94, in _run
    self._context.run(self._callback, *self._args)
    ~~~~~~~~~~~~~~~~~^^^^^^^^^^^^^^^^^^^^^^^^^^^^^
  File "C:\Python314\Lib\asyncio\proactor_events.py", line 165, in _call_connection_lost
    self._sock.shutdown(socket.SHUT_RDWR)
    ~~~~~~~~~~~~~~~~~~~^^^^^^^^^^^^^^^^^^
ConnectionResetError: [WinError 10054] Eine vorhandene Verbindung wurde vom Remotehost geschlossen
WARNING:  Unsupported upgrade request.
WARNING:  No supported WebSocket library detected. Please use "pip install 'uvicorn[standard]'", or install 'websockets' or 'wsproto' manually.
WARNING:  Unsupported upgrade request.
WARNING:  No supported WebSocket library detected. Please use "pip install 'uvicorn[standard]'", or install 'websockets' or 'wsproto' manually.
WARNING:  Unsupported upgrade request.
WARNING:  No supported WebSocket library detected. Please use "pip install 'uvicorn[standard]'", or install 'websockets' or 'wsproto' manually.
WARNING:  Unsupported upgrade request.
WARNING:  No supported WebSocket library detected. Please use "pip install 'uvicorn[standard]'", or install 'websockets' or 'wsproto' manually.
WARNING:  Unsupported upgrade request.
WARNING:  No supported WebSocket library detected. Please use "pip install 'uvicorn[standard]'", or install 'websockets' or 'wsproto' manually.
WARNING:  Unsupported upgrade request.
WARNING:  No supported WebSocket library detected. Please use "pip install 'uvicorn[standard]'", or install 'websockets' or 'wsproto' manually.
2026-07-09 03:44:57,375 - asyncio - ERROR - Exception in callback _ProactorBasePipeTransport._call_connection_lost()
handle: <Handle _ProactorBasePipeTransport._call_connection_lost()>
Traceback (most recent call last):
  File "C:\Python314\Lib\asyncio\events.py", line 94, in _run
    self._context.run(self._callback, *self._args)
    ~~~~~~~~~~~~~~~~~^^^^^^^^^^^^^^^^^^^^^^^^^^^^^
  File "C:\Python314\Lib\asyncio\proactor_events.py", line 165, in _call_connection_lost
    self._sock.shutdown(socket.SHUT_RDWR)
    ~~~~~~~~~~~~~~~~~~~^^^^^^^^^^^^^^^^^^
ConnectionResetError: [WinError 10054] Eine vorhandene Verbindung wurde vom Remotehost geschlossen
WARNING:  Unsupported upgrade request.
WARNING:  No supported WebSocket library detected. Please use "pip install 'uvicorn[standard]'", or install 'websockets' or 'wsproto' manually.
WARNING:  Unsupported upgrade request.
WARNING:  No supported WebSocket library detected. Please use "pip install 'uvicorn[standard]'", or install 'websockets' or 'wsproto' manually.
2026-07-09 03:44:59,084 - asyncio - ERROR - Exception in callback _ProactorBasePipeTransport._call_connection_lost()
handle: <Handle _ProactorBasePipeTransport._call_connection_lost()>
Traceback (most recent call last):
  File "C:\Python314\Lib\asyncio\events.py", line 94, in _run
    self._context.run(self._callback, *self._args)
    ~~~~~~~~~~~~~~~~~^^^^^^^^^^^^^^^^^^^^^^^^^^^^^
  File "C:\Python314\Lib\asyncio\proactor_events.py", line 165, in _call_connection_lost
    self._sock.shutdown(socket.SHUT_RDWR)
    ~~~~~~~~~~~~~~~~~~~^^^^^^^^^^^^^^^^^^
ConnectionResetError: [WinError 10054] Eine vorhandene Verbindung wurde vom Remotehost geschlossen
WARNING:  Unsupported upgrade request.
WARNING:  No supported WebSocket library detected. Please use "pip install 'uvicorn[standard]'", or install 'websockets' or 'wsproto' manually.
WARNING:  Unsupported upgrade request.
WARNING:  No supported WebSocket library detected. Please use "pip install 'uvicorn[standard]'", or install 'websockets' or 'wsproto' manually.
WARNING:  Unsupported upgrade request.
WARNING:  No supported WebSocket library detected. Please use "pip install 'uvicorn[standard]'", or install 'websockets' or 'wsproto' manually.
WARNING:  Unsupported upgrade request.
WARNING:  No supported WebSocket library detected. Please use "pip install 'uvicorn[standard]'", or install 'websockets' or 'wsproto' manually.
WARNING:  Unsupported upgrade request.
WARNING:  No supported WebSocket library detected. Please use "pip install 'uvicorn[standard]'", or install 'websockets' or 'wsproto' manually.
WARNING:  Unsupported upgrade request.
WARNING:  No supported WebSocket library detected. Please use "pip install 'uvicorn[standard]'", or install 'websockets' or 'wsproto' manually.
2026-07-09 03:45:07,950 - asyncio - ERROR - Exception in callback _ProactorBasePipeTransport._call_connection_lost()
handle: <Handle _ProactorBasePipeTransport._call_connection_lost()>
Traceback (most recent call last):
  File "C:\Python314\Lib\asyncio\events.py", line 94, in _run
    self._context.run(self._callback, *self._args)
    ~~~~~~~~~~~~~~~~~^^^^^^^^^^^^^^^^^^^^^^^^^^^^^
  File "C:\Python314\Lib\asyncio\proactor_events.py", line 165, in _call_connection_lost
    self._sock.shutdown(socket.SHUT_RDWR)
    ~~~~~~~~~~~~~~~~~~~^^^^^^^^^^^^^^^^^^
ConnectionResetError: [WinError 10054] Eine vorhandene Verbindung wurde vom Remotehost geschlossen
WARNING:  Unsupported upgrade request.
WARNING:  No supported WebSocket library detected. Please use "pip install 'uvicorn[standard]'", or install 'websockets' or 'wsproto' manually.
WARNING:  Unsupported upgrade request.
WARNING:  No supported WebSocket library detected. Please use "pip install 'uvicorn[standard]'", or install 'websockets' or 'wsproto' manually.
2026-07-09 03:45:12,825 - asyncio - ERROR - Exception in callback _ProactorBasePipeTransport._call_connection_lost()
handle: <Handle _ProactorBasePipeTransport._call_connection_lost()>
Traceback (most recent call last):
  File "C:\Python314\Lib\asyncio\events.py", line 94, in _run
    self._context.run(self._callback, *self._args)
    ~~~~~~~~~~~~~~~~~^^^^^^^^^^^^^^^^^^^^^^^^^^^^^
  File "C:\Python314\Lib\asyncio\proactor_events.py", line 165, in _call_connection_lost
    self._sock.shutdown(socket.SHUT_RDWR)
    ~~~~~~~~~~~~~~~~~~~^^^^^^^^^^^^^^^^^^
ConnectionResetError: [WinError 10054] Eine vorhandene Verbindung wurde vom Remotehost geschlossen
WARNING:  Unsupported upgrade request.
WARNING:  No supported WebSocket library detected. Please use "pip install 'uvicorn[standard]'", or install 'websockets' or 'wsproto' manually.
WARNING:  Unsupported upgrade request.
WARNING:  No supported WebSocket library detected. Please use "pip install 'uvicorn[standard]'", or install 'websockets' or 'wsproto' manually.
WARNING:  Unsupported upgrade request.
WARNING:  No supported WebSocket library detected. Please use "pip install 'uvicorn[standard]'", or install 'websockets' or 'wsproto' manually.
WARNING:  Unsupported upgrade request.
WARNING:  No supported WebSocket library detected. Please use "pip install 'uvicorn[standard]'", or install 'websockets' or 'wsproto' manually.
WARNING:  Unsupported upgrade request.
WARNING:  No supported WebSocket library detected. Please use "pip install 'uvicorn[standard]'", or install 'websockets' or 'wsproto' manually.
2026-07-09 03:45:19,895 - asyncio - ERROR - Exception in callback _ProactorBasePipeTransport._call_connection_lost()
handle: <Handle _ProactorBasePipeTransport._call_connection_lost()>
Traceback (most recent call last):
  File "C:\Python314\Lib\asyncio\events.py", line 94, in _run
    self._context.run(self._callback, *self._args)
    ~~~~~~~~~~~~~~~~~^^^^^^^^^^^^^^^^^^^^^^^^^^^^^
  File "C:\Python314\Lib\asyncio\proactor_events.py", line 165, in _call_connection_lost
    self._sock.shutdown(socket.SHUT_RDWR)
    ~~~~~~~~~~~~~~~~~~~^^^^^^^^^^^^^^^^^^
ConnectionResetError: [WinError 10054] Eine vorhandene Verbindung wurde vom Remotehost geschlossen
WARNING:  Unsupported upgrade request.
WARNING:  No supported WebSocket library detected. Please use "pip install 'uvicorn[standard]'", or install 'websockets' or 'wsproto' manually.
WARNING:  Unsupported upgrade request.
WARNING:  No supported WebSocket library detected. Please use "pip install 'uvicorn[standard]'", or install 'websockets' or 'wsproto' manually.
2026-07-09 03:45:22,776 - asyncio - ERROR - Exception in callback _ProactorBasePipeTransport._call_connection_lost()
handle: <Handle _ProactorBasePipeTransport._call_connection_lost()>
Traceback (most recent call last):
  File "C:\Python314\Lib\asyncio\events.py", line 94, in _run
    self._context.run(self._callback, *self._args)
    ~~~~~~~~~~~~~~~~~^^^^^^^^^^^^^^^^^^^^^^^^^^^^^
  File "C:\Python314\Lib\asyncio\proactor_events.py", line 165, in _call_connection_lost
    self._sock.shutdown(socket.SHUT_RDWR)
    ~~~~~~~~~~~~~~~~~~~^^^^^^^^^^^^^^^^^^
ConnectionResetError: [WinError 10054] Eine vorhandene Verbindung wurde vom Remotehost geschlossen
WARNING:  Unsupported upgrade request.
WARNING:  No supported WebSocket library detected. Please use "pip install 'uvicorn[standard]'", or install 'websockets' or 'wsproto' manually.
WARNING:  Unsupported upgrade request.
WARNING:  No supported WebSocket library detected. Please use "pip install 'uvicorn[standard]'", or install 'websockets' or 'wsproto' manually.
WARNING:  Unsupported upgrade request.
WARNING:  No supported WebSocket library detected. Please use "pip install 'uvicorn[standard]'", or install 'websockets' or 'wsproto' manually.
WARNING:  Unsupported upgrade request.
WARNING:  No supported WebSocket library detected. Please use "pip install 'uvicorn[standard]'", or install 'websockets' or 'wsproto' manually.
WARNING:  Unsupported upgrade request.
WARNING:  No supported WebSocket library detected. Please use "pip install 'uvicorn[standard]'", or install 'websockets' or 'wsproto' manually.
2026-07-09 03:45:31,448 - asyncio - ERROR - Exception in callback _ProactorBasePipeTransport._call_connection_lost()
handle: <Handle _ProactorBasePipeTransport._call_connection_lost()>
Traceback (most recent call last):
  File "C:\Python314\Lib\asyncio\events.py", line 94, in _run
    self._context.run(self._callback, *self._args)
    ~~~~~~~~~~~~~~~~~^^^^^^^^^^^^^^^^^^^^^^^^^^^^^
  File "C:\Python314\Lib\asyncio\proactor_events.py", line 165, in _call_connection_lost
    self._sock.shutdown(socket.SHUT_RDWR)
    ~~~~~~~~~~~~~~~~~~~^^^^^^^^^^^^^^^^^^
ConnectionResetError: [WinError 10054] Eine vorhandene Verbindung wurde vom Remotehost geschlossen
WARNING:  Unsupported upgrade request.
WARNING:  No supported WebSocket library detected. Please use "pip install 'uvicorn[standard]'", or install 'websockets' or 'wsproto' manually.
WARNING:  Unsupported upgrade request.
WARNING:  No supported WebSocket library detected. Please use "pip install 'uvicorn[standard]'", or install 'websockets' or 'wsproto' manually.
WARNING:  Unsupported upgrade request.
WARNING:  No supported WebSocket library detected. Please use "pip install 'uvicorn[standard]'", or install 'websockets' or 'wsproto' manually.
WARNING:  Unsupported upgrade request.
WARNING:  No supported WebSocket library detected. Please use "pip install 'uvicorn[standard]'", or install 'websockets' or 'wsproto' manually.
WARNING:  Unsupported upgrade request.
WARNING:  No supported WebSocket library detected. Please use "pip install 'uvicorn[standard]'", or install 'websockets' or 'wsproto' manually.
2026-07-09 03:45:41,329 - asyncio - ERROR - Exception in callback _ProactorBasePipeTransport._call_connection_lost()
handle: <Handle _ProactorBasePipeTransport._call_connection_lost()>
Traceback (most recent call last):
  File "C:\Python314\Lib\asyncio\events.py", line 94, in _run
    self._context.run(self._callback, *self._args)
    ~~~~~~~~~~~~~~~~~^^^^^^^^^^^^^^^^^^^^^^^^^^^^^
  File "C:\Python314\Lib\asyncio\proactor_events.py", line 165, in _call_connection_lost
    self._sock.shutdown(socket.SHUT_RDWR)
    ~~~~~~~~~~~~~~~~~~~^^^^^^^^^^^^^^^^^^
ConnectionResetError: [WinError 10054] Eine vorhandene Verbindung wurde vom Remotehost geschlossen
WARNING:  Unsupported upgrade request.
WARNING:  No supported WebSocket library detected. Please use "pip install 'uvicorn[standard]'", or install 'websockets' or 'wsproto' manually.
WARNING:  Unsupported upgrade request.
WARNING:  No supported WebSocket library detected. Please use "pip install 'uvicorn[standard]'", or install 'websockets' or 'wsproto' manually.
2026-07-09 03:45:47,430 - asyncio - ERROR - Exception in callback _ProactorBasePipeTransport._call_connection_lost()
handle: <Handle _ProactorBasePipeTransport._call_connection_lost()>
Traceback (most recent call last):
  File "C:\Python314\Lib\asyncio\events.py", line 94, in _run
    self._context.run(self._callback, *self._args)
    ~~~~~~~~~~~~~~~~~^^^^^^^^^^^^^^^^^^^^^^^^^^^^^
  File "C:\Python314\Lib\asyncio\proactor_events.py", line 165, in _call_connection_lost
    self._sock.shutdown(socket.SHUT_RDWR)
    ~~~~~~~~~~~~~~~~~~~^^^^^^^^^^^^^^^^^^
ConnectionResetError: [WinError 10054] Eine vorhandene Verbindung wurde vom Remotehost geschlossen
WARNING:  Unsupported upgrade request.
WARNING:  No supported WebSocket library detected. Please use "pip install 'uvicorn[standard]'", or install 'websockets' or 'wsproto' manually.
WARNING:  Unsupported upgrade request.
WARNING:  No supported WebSocket library detected. Please use "pip install 'uvicorn[standard]'", or install 'websockets' or 'wsproto' manually.
2026-07-09 03:45:48,251 - asyncio - ERROR - Exception in callback _ProactorBasePipeTransport._call_connection_lost()
handle: <Handle _ProactorBasePipeTransport._call_connection_lost()>
Traceback (most recent call last):
  File "C:\Python314\Lib\asyncio\events.py", line 94, in _run
    self._context.run(self._callback, *self._args)
    ~~~~~~~~~~~~~~~~~^^^^^^^^^^^^^^^^^^^^^^^^^^^^^
  File "C:\Python314\Lib\asyncio\proactor_events.py", line 165, in _call_connection_lost
    self._sock.shutdown(socket.SHUT_RDWR)
    ~~~~~~~~~~~~~~~~~~~^^^^^^^^^^^^^^^^^^
ConnectionResetError: [WinError 10054] Eine vorhandene Verbindung wurde vom Remotehost geschlossen
WARNING:  Unsupported upgrade request.
WARNING:  No supported WebSocket library detected. Please use "pip install 'uvicorn[standard]'", or install 'websockets' or 'wsproto' manually.
WARNING:  Unsupported upgrade request.
WARNING:  No supported WebSocket library detected. Please use "pip install 'uvicorn[standard]'", or install 'websockets' or 'wsproto' manually.
WARNING:  Unsupported upgrade request.
WARNING:  No supported WebSocket library detected. Please use "pip install 'uvicorn[standard]'", or install 'websockets' or 'wsproto' manually.
WARNING:  Unsupported upgrade request.
WARNING:  No supported WebSocket library detected. Please use "pip install 'uvicorn[standard]'", or install 'websockets' or 'wsproto' manually.
WARNING:  Unsupported upgrade request.
WARNING:  No supported WebSocket library detected. Please use "pip install 'uvicorn[standard]'", or install 'websockets' or 'wsproto' manually.
WARNING:  Unsupported upgrade request.
WARNING:  No supported WebSocket library detected. Please use "pip install 'uvicorn[standard]'", or install 'websockets' or 'wsproto' manually.
WARNING:  Unsupported upgrade request.
WARNING:  No supported WebSocket library detected. Please use "pip install 'uvicorn[standard]'", or install 'websockets' or 'wsproto' manually.
WARNING:  Unsupported upgrade request.
WARNING:  No supported WebSocket library detected. Please use "pip install 'uvicorn[standard]'", or install 'websockets' or 'wsproto' manually.
WARNING:  Unsupported upgrade request.
WARNING:  No supported WebSocket library detected. Please use "pip install 'uvicorn[standard]'", or install 'websockets' or 'wsproto' manually.
WARNING:  Unsupported upgrade request.
WARNING:  No supported WebSocket library detected. Please use "pip install 'uvicorn[standard]'", or install 'websockets' or 'wsproto' manually.
WARNING:  Unsupported upgrade request.
WARNING:  No supported WebSocket library detected. Please use "pip install 'uvicorn[standard]'", or install 'websockets' or 'wsproto' manually.
WARNING:  Unsupported upgrade request.
WARNING:  No supported WebSocket library detected. Please use "pip install 'uvicorn[standard]'", or install 'websockets' or 'wsproto' manually.
WARNING:  Unsupported upgrade request.
WARNING:  No supported WebSocket library detected. Please use "pip install 'uvicorn[standard]'", or install 'websockets' or 'wsproto' manually.
2026-07-09 03:46:09,064 - asyncio - ERROR - Exception in callback _ProactorBasePipeTransport._call_connection_lost()
handle: <Handle _ProactorBasePipeTransport._call_connection_lost()>
Traceback (most recent call last):
  File "C:\Python314\Lib\asyncio\events.py", line 94, in _run
    self._context.run(self._callback, *self._args)
    ~~~~~~~~~~~~~~~~~^^^^^^^^^^^^^^^^^^^^^^^^^^^^^
  File "C:\Python314\Lib\asyncio\proactor_events.py", line 165, in _call_connection_lost
    self._sock.shutdown(socket.SHUT_RDWR)
    ~~~~~~~~~~~~~~~~~~~^^^^^^^^^^^^^^^^^^
ConnectionResetError: [WinError 10054] Eine vorhandene Verbindung wurde vom Remotehost geschlossen
WARNING:  Unsupported upgrade request.
WARNING:  No supported WebSocket library detected. Please use "pip install 'uvicorn[standard]'", or install 'websockets' or 'wsproto' manually.
2026-07-09 03:46:10,425 - asyncio - ERROR - Exception in callback _ProactorBasePipeTransport._call_connection_lost()
handle: <Handle _ProactorBasePipeTransport._call_connection_lost()>
Traceback (most recent call last):
  File "C:\Python314\Lib\asyncio\events.py", line 94, in _run
    self._context.run(self._callback, *self._args)
    ~~~~~~~~~~~~~~~~~^^^^^^^^^^^^^^^^^^^^^^^^^^^^^
  File "C:\Python314\Lib\asyncio\proactor_events.py", line 165, in _call_connection_lost
    self._sock.shutdown(socket.SHUT_RDWR)
    ~~~~~~~~~~~~~~~~~~~^^^^^^^^^^^^^^^^^^
ConnectionResetError: [WinError 10054] Eine vorhandene Verbindung wurde vom Remotehost geschlossen
WARNING:  Unsupported upgrade request.
WARNING:  No supported WebSocket library detected. Please use "pip install 'uvicorn[standard]'", or install 'websockets' or 'wsproto' manually.
2026-07-09 03:46:11,568 - asyncio - ERROR - Exception in callback _ProactorBasePipeTransport._call_connection_lost()
handle: <Handle _ProactorBasePipeTransport._call_connection_lost()>
Traceback (most recent call last):
  File "C:\Python314\Lib\asyncio\events.py", line 94, in _run
    self._context.run(self._callback, *self._args)
    ~~~~~~~~~~~~~~~~~^^^^^^^^^^^^^^^^^^^^^^^^^^^^^
  File "C:\Python314\Lib\asyncio\proactor_events.py", line 165, in _call_connection_lost
    self._sock.shutdown(socket.SHUT_RDWR)
    ~~~~~~~~~~~~~~~~~~~^^^^^^^^^^^^^^^^^^
ConnectionResetError: [WinError 10054] Eine vorhandene Verbindung wurde vom Remotehost geschlossen
WARNING:  Unsupported upgrade request.
WARNING:  No supported WebSocket library detected. Please use "pip install 'uvicorn[standard]'", or install 'websockets' or 'wsproto' manually.
WARNING:  Unsupported upgrade request.
WARNING:  No supported WebSocket library detected. Please use "pip install 'uvicorn[standard]'", or install 'websockets' or 'wsproto' manually.
WARNING:  Unsupported upgrade request.
WARNING:  No supported WebSocket library detected. Please use "pip install 'uvicorn[standard]'", or install 'websockets' or 'wsproto' manually.
2026-07-09 03:46:16,508 - asyncio - ERROR - Exception in callback _ProactorBasePipeTransport._call_connection_lost()
handle: <Handle _ProactorBasePipeTransport._call_connection_lost()>
Traceback (most recent call last):
  File "C:\Python314\Lib\asyncio\events.py", line 94, in _run
    self._context.run(self._callback, *self._args)
    ~~~~~~~~~~~~~~~~~^^^^^^^^^^^^^^^^^^^^^^^^^^^^^
  File "C:\Python314\Lib\asyncio\proactor_events.py", line 165, in _call_connection_lost
    self._sock.shutdown(socket.SHUT_RDWR)
    ~~~~~~~~~~~~~~~~~~~^^^^^^^^^^^^^^^^^^
ConnectionResetError: [WinError 10054] Eine vorhandene Verbindung wurde vom Remotehost geschlossen
WARNING:  Unsupported upgrade request.
WARNING:  No supported WebSocket library detected. Please use "pip install 'uvicorn[standard]'", or install 'websockets' or 'wsproto' manually.
2026-07-09 03:46:18,659 - asyncio - ERROR - Exception in callback _ProactorBasePipeTransport._call_connection_lost()
handle: <Handle _ProactorBasePipeTransport._call_connection_lost()>
Traceback (most recent call last):
  File "C:\Python314\Lib\asyncio\events.py", line 94, in _run
    self._context.run(self._callback, *self._args)
    ~~~~~~~~~~~~~~~~~^^^^^^^^^^^^^^^^^^^^^^^^^^^^^
  File "C:\Python314\Lib\asyncio\proactor_events.py", line 165, in _call_connection_lost
    self._sock.shutdown(socket.SHUT_RDWR)
    ~~~~~~~~~~~~~~~~~~~^^^^^^^^^^^^^^^^^^
ConnectionResetError: [WinError 10054] Eine vorhandene Verbindung wurde vom Remotehost geschlossen
WARNING:  Unsupported upgrade request.
WARNING:  No supported WebSocket library detected. Please use "pip install 'uvicorn[standard]'", or install 'websockets' or 'wsproto' manually.
WARNING:  Unsupported upgrade request.
WARNING:  No supported WebSocket library detected. Please use "pip install 'uvicorn[standard]'", or install 'websockets' or 'wsproto' manually.
2026-07-09 03:46:22,989 - asyncio - ERROR - Exception in callback _ProactorBasePipeTransport._call_connection_lost()
handle: <Handle _ProactorBasePipeTransport._call_connection_lost()>
Traceback (most recent call last):
  File "C:\Python314\Lib\asyncio\events.py", line 94, in _run
    self._context.run(self._callback, *self._args)
    ~~~~~~~~~~~~~~~~~^^^^^^^^^^^^^^^^^^^^^^^^^^^^^
  File "C:\Python314\Lib\asyncio\proactor_events.py", line 165, in _call_connection_lost
    self._sock.shutdown(socket.SHUT_RDWR)
    ~~~~~~~~~~~~~~~~~~~^^^^^^^^^^^^^^^^^^
ConnectionResetError: [WinError 10054] Eine vorhandene Verbindung wurde vom Remotehost geschlossen
WARNING:  Unsupported upgrade request.
WARNING:  No supported WebSocket library detected. Please use "pip install 'uvicorn[standard]'", or install 'websockets' or 'wsproto' manually.
WARNING:  Unsupported upgrade request.
WARNING:  No supported WebSocket library detected. Please use "pip install 'uvicorn[standard]'", or install 'websockets' or 'wsproto' manually.
WARNING:  Unsupported upgrade request.
WARNING:  No supported WebSocket library detected. Please use "pip install 'uvicorn[standard]'", or install 'websockets' or 'wsproto' manually.
WARNING:  Unsupported upgrade request.
WARNING:  No supported WebSocket library detected. Please use "pip install 'uvicorn[standard]'", or install 'websockets' or 'wsproto' manually.
WARNING:  Unsupported upgrade request.
WARNING:  No supported WebSocket library detected. Please use "pip install 'uvicorn[standard]'", or install 'websockets' or 'wsproto' manually.
WARNING:  Unsupported upgrade request.
WARNING:  No supported WebSocket library detected. Please use "pip install 'uvicorn[standard]'", or install 'websockets' or 'wsproto' manually.
WARNING:  Unsupported upgrade request.
WARNING:  No supported WebSocket library detected. Please use "pip install 'uvicorn[standard]'", or install 'websockets' or 'wsproto' manually.
WARNING:  Unsupported upgrade request.
WARNING:  No supported WebSocket library detected. Please use "pip install 'uvicorn[standard]'", or install 'websockets' or 'wsproto' manually.
2026-07-09 03:46:33,280 - asyncio - ERROR - Exception in callback _ProactorBasePipeTransport._call_connection_lost()
handle: <Handle _ProactorBasePipeTransport._call_connection_lost()>
Traceback (most recent call last):
  File "C:\Python314\Lib\asyncio\events.py", line 94, in _run
    self._context.run(self._callback, *self._args)
    ~~~~~~~~~~~~~~~~~^^^^^^^^^^^^^^^^^^^^^^^^^^^^^
  File "C:\Python314\Lib\asyncio\proactor_events.py", line 165, in _call_connection_lost
    self._sock.shutdown(socket.SHUT_RDWR)
    ~~~~~~~~~~~~~~~~~~~^^^^^^^^^^^^^^^^^^
ConnectionResetError: [WinError 10054] Eine vorhandene Verbindung wurde vom Remotehost geschlossen
WARNING:  Unsupported upgrade request.
WARNING:  No supported WebSocket library detected. Please use "pip install 'uvicorn[standard]'", or install 'websockets' or 'wsproto' manually.
WARNING:  Unsupported upgrade request.
WARNING:  No supported WebSocket library detected. Please use "pip install 'uvicorn[standard]'", or install 'websockets' or 'wsproto' manually.
WARNING:  Unsupported upgrade request.
WARNING:  No supported WebSocket library detected. Please use "pip install 'uvicorn[standard]'", or install 'websockets' or 'wsproto' manually.
2026-07-09 03:46:39,570 - asyncio - ERROR - Exception in callback _ProactorBasePipeTransport._call_connection_lost()
handle: <Handle _ProactorBasePipeTransport._call_connection_lost()>
Traceback (most recent call last):
  File "C:\Python314\Lib\asyncio\events.py", line 94, in _run
    self._context.run(self._callback, *self._args)
    ~~~~~~~~~~~~~~~~~^^^^^^^^^^^^^^^^^^^^^^^^^^^^^
  File "C:\Python314\Lib\asyncio\proactor_events.py", line 165, in _call_connection_lost
    self._sock.shutdown(socket.SHUT_RDWR)
    ~~~~~~~~~~~~~~~~~~~^^^^^^^^^^^^^^^^^^
ConnectionResetError: [WinError 10054] Eine vorhandene Verbindung wurde vom Remotehost geschlossen
WARNING:  Unsupported upgrade request.
WARNING:  No supported WebSocket library detected. Please use "pip install 'uvicorn[standard]'", or install 'websockets' or 'wsproto' manually.
WARNING:  Unsupported upgrade request.
WARNING:  No supported WebSocket library detected. Please use "pip install 'uvicorn[standard]'", or install 'websockets' or 'wsproto' manually.
WARNING:  Unsupported upgrade request.
WARNING:  No supported WebSocket library detected. Please use "pip install 'uvicorn[standard]'", or install 'websockets' or 'wsproto' manually.
WARNING:  Unsupported upgrade request.
WARNING:  No supported WebSocket library detected. Please use "pip install 'uvicorn[standard]'", or install 'websockets' or 'wsproto' manually.
WARNING:  Unsupported upgrade request.
WARNING:  No supported WebSocket library detected. Please use "pip install 'uvicorn[standard]'", or install 'websockets' or 'wsproto' manually.
2026-07-09 03:46:46,898 - asyncio - ERROR - Exception in callback _ProactorBasePipeTransport._call_connection_lost()
handle: <Handle _ProactorBasePipeTransport._call_connection_lost()>
Traceback (most recent call last):
  File "C:\Python314\Lib\asyncio\events.py", line 94, in _run
    self._context.run(self._callback, *self._args)
    ~~~~~~~~~~~~~~~~~^^^^^^^^^^^^^^^^^^^^^^^^^^^^^
  File "C:\Python314\Lib\asyncio\proactor_events.py", line 165, in _call_connection_lost
    self._sock.shutdown(socket.SHUT_RDWR)
    ~~~~~~~~~~~~~~~~~~~^^^^^^^^^^^^^^^^^^
ConnectionResetError: [WinError 10054] Eine vorhandene Verbindung wurde vom Remotehost geschlossen
WARNING:  Unsupported upgrade request.
WARNING:  No supported WebSocket library detected. Please use "pip install 'uvicorn[standard]'", or install 'websockets' or 'wsproto' manually.
WARNING:  Unsupported upgrade request.
WARNING:  No supported WebSocket library detected. Please use "pip install 'uvicorn[standard]'", or install 'websockets' or 'wsproto' manually.
WARNING:  Unsupported upgrade request.
WARNING:  No supported WebSocket library detected. Please use "pip install 'uvicorn[standard]'", or install 'websockets' or 'wsproto' manually.
2026-07-09 03:46:52,938 - asyncio - ERROR - Exception in callback _ProactorBasePipeTransport._call_connection_lost()
handle: <Handle _ProactorBasePipeTransport._call_connection_lost()>
Traceback (most recent call last):
  File "C:\Python314\Lib\asyncio\events.py", line 94, in _run
    self._context.run(self._callback, *self._args)
    ~~~~~~~~~~~~~~~~~^^^^^^^^^^^^^^^^^^^^^^^^^^^^^
  File "C:\Python314\Lib\asyncio\proactor_events.py", line 165, in _call_connection_lost
    self._sock.shutdown(socket.SHUT_RDWR)
    ~~~~~~~~~~~~~~~~~~~^^^^^^^^^^^^^^^^^^
ConnectionResetError: [WinError 10054] Eine vorhandene Verbindung wurde vom Remotehost geschlossen
WARNING:  Unsupported upgrade request.
WARNING:  No supported WebSocket library detected. Please use "pip install 'uvicorn[standard]'", or install 'websockets' or 'wsproto' manually.
WARNING:  Unsupported upgrade request.
WARNING:  No supported WebSocket library detected. Please use "pip install 'uvicorn[standard]'", or install 'websockets' or 'wsproto' manually.
WARNING:  Unsupported upgrade request.
WARNING:  No supported WebSocket library detected. Please use "pip install 'uvicorn[standard]'", or install 'websockets' or 'wsproto' manually.
WARNING:  Unsupported upgrade request.
WARNING:  No supported WebSocket library detected. Please use "pip install 'uvicorn[standard]'", or install 'websockets' or 'wsproto' manually.
2026-07-09 03:47:00,069 - asyncio - ERROR - Exception in callback _ProactorBasePipeTransport._call_connection_lost()
handle: <Handle _ProactorBasePipeTransport._call_connection_lost()>
Traceback (most recent call last):
  File "C:\Python314\Lib\asyncio\events.py", line 94, in _run
    self._context.run(self._callback, *self._args)
    ~~~~~~~~~~~~~~~~~^^^^^^^^^^^^^^^^^^^^^^^^^^^^^
  File "C:\Python314\Lib\asyncio\proactor_events.py", line 165, in _call_connection_lost
    self._sock.shutdown(socket.SHUT_RDWR)
    ~~~~~~~~~~~~~~~~~~~^^^^^^^^^^^^^^^^^^
ConnectionResetError: [WinError 10054] Eine vorhandene Verbindung wurde vom Remotehost geschlossen
WARNING:  Unsupported upgrade request.
WARNING:  No supported WebSocket library detected. Please use "pip install 'uvicorn[standard]'", or install 'websockets' or 'wsproto' manually.
WARNING:  Unsupported upgrade request.
WARNING:  No supported WebSocket library detected. Please use "pip install 'uvicorn[standard]'", or install 'websockets' or 'wsproto' manually.
WARNING:  Unsupported upgrade request.
WARNING:  No supported WebSocket library detected. Please use "pip install 'uvicorn[standard]'", or install 'websockets' or 'wsproto' manually.
WARNING:  Unsupported upgrade request.
WARNING:  No supported WebSocket library detected. Please use "pip install 'uvicorn[standard]'", or install 'websockets' or 'wsproto' manually.
2026-07-09 03:47:07,506 - asyncio - ERROR - Exception in callback _ProactorBasePipeTransport._call_connection_lost()
handle: <Handle _ProactorBasePipeTransport._call_connection_lost()>
Traceback (most recent call last):
  File "C:\Python314\Lib\asyncio\events.py", line 94, in _run
    self._context.run(self._callback, *self._args)
    ~~~~~~~~~~~~~~~~~^^^^^^^^^^^^^^^^^^^^^^^^^^^^^
  File "C:\Python314\Lib\asyncio\proactor_events.py", line 165, in _call_connection_lost
    self._sock.shutdown(socket.SHUT_RDWR)
    ~~~~~~~~~~~~~~~~~~~^^^^^^^^^^^^^^^^^^
ConnectionResetError: [WinError 10054] Eine vorhandene Verbindung wurde vom Remotehost geschlossen
WARNING:  Unsupported upgrade request.
WARNING:  No supported WebSocket library detected. Please use "pip install 'uvicorn[standard]'", or install 'websockets' or 'wsproto' manually.
WARNING:  Unsupported upgrade request.
WARNING:  No supported WebSocket library detected. Please use "pip install 'uvicorn[standard]'", or install 'websockets' or 'wsproto' manually.
WARNING:  Unsupported upgrade request.
WARNING:  No supported WebSocket library detected. Please use "pip install 'uvicorn[standard]'", or install 'websockets' or 'wsproto' manually.
WARNING:  Unsupported upgrade request.
WARNING:  No supported WebSocket library detected. Please use "pip install 'uvicorn[standard]'", or install 'websockets' or 'wsproto' manually.
WARNING:  Unsupported upgrade request.
WARNING:  No supported WebSocket library detected. Please use "pip install 'uvicorn[standard]'", or install 'websockets' or 'wsproto' manually.
2026-07-09 03:47:15,529 - asyncio - ERROR - Exception in callback _ProactorBasePipeTransport._call_connection_lost()
handle: <Handle _ProactorBasePipeTransport._call_connection_lost()>
Traceback (most recent call last):
  File "C:\Python314\Lib\asyncio\events.py", line 94, in _run
    self._context.run(self._callback, *self._args)
    ~~~~~~~~~~~~~~~~~^^^^^^^^^^^^^^^^^^^^^^^^^^^^^
  File "C:\Python314\Lib\asyncio\proactor_events.py", line 165, in _call_connection_lost
    self._sock.shutdown(socket.SHUT_RDWR)
    ~~~~~~~~~~~~~~~~~~~^^^^^^^^^^^^^^^^^^
ConnectionResetError: [WinError 10054] Eine vorhandene Verbindung wurde vom Remotehost geschlossen
WARNING:  Unsupported upgrade request.
WARNING:  No supported WebSocket library detected. Please use "pip install 'uvicorn[standard]'", or install 'websockets' or 'wsproto' manually.
WARNING:  Unsupported upgrade request.
WARNING:  No supported WebSocket library detected. Please use "pip install 'uvicorn[standard]'", or install 'websockets' or 'wsproto' manually.
WARNING:  Unsupported upgrade request.
WARNING:  No supported WebSocket library detected. Please use "pip install 'uvicorn[standard]'", or install 'websockets' or 'wsproto' manually.
WARNING:  Unsupported upgrade request.
WARNING:  No supported WebSocket library detected. Please use "pip install 'uvicorn[standard]'", or install 'websockets' or 'wsproto' manually.
WARNING:  Unsupported upgrade request.
WARNING:  No supported WebSocket library detected. Please use "pip install 'uvicorn[standard]'", or install 'websockets' or 'wsproto' manually.
2026-07-09 03:47:24,096 - asyncio - ERROR - Exception in callback _ProactorBasePipeTransport._call_connection_lost()
handle: <Handle _ProactorBasePipeTransport._call_connection_lost()>
Traceback (most recent call last):
  File "C:\Python314\Lib\asyncio\events.py", line 94, in _run
    self._context.run(self._callback, *self._args)
    ~~~~~~~~~~~~~~~~~^^^^^^^^^^^^^^^^^^^^^^^^^^^^^
  File "C:\Python314\Lib\asyncio\proactor_events.py", line 165, in _call_connection_lost
    self._sock.shutdown(socket.SHUT_RDWR)
    ~~~~~~~~~~~~~~~~~~~^^^^^^^^^^^^^^^^^^
ConnectionResetError: [WinError 10054] Eine vorhandene Verbindung wurde vom Remotehost geschlossen
WARNING:  Unsupported upgrade request.
WARNING:  No supported WebSocket library detected. Please use "pip install 'uvicorn[standard]'", or install 'websockets' or 'wsproto' manually.
2026-07-09 03:47:28,665 - asyncio - ERROR - Exception in callback _ProactorBasePipeTransport._call_connection_lost()
handle: <Handle _ProactorBasePipeTransport._call_connection_lost()>
Traceback (most recent call last):
  File "C:\Python314\Lib\asyncio\events.py", line 94, in _run
    self._context.run(self._callback, *self._args)
    ~~~~~~~~~~~~~~~~~^^^^^^^^^^^^^^^^^^^^^^^^^^^^^
  File "C:\Python314\Lib\asyncio\proactor_events.py", line 165, in _call_connection_lost
    self._sock.shutdown(socket.SHUT_RDWR)
    ~~~~~~~~~~~~~~~~~~~^^^^^^^^^^^^^^^^^^
ConnectionResetError: [WinError 10054] Eine vorhandene Verbindung wurde vom Remotehost geschlossen
WARNING:  Unsupported upgrade request.
WARNING:  No supported WebSocket library detected. Please use "pip install 'uvicorn[standard]'", or install 'websockets' or 'wsproto' manually.
WARNING:  Unsupported upgrade request.
WARNING:  No supported WebSocket library detected. Please use "pip install 'uvicorn[standard]'", or install 'websockets' or 'wsproto' manually.
2026-07-09 03:47:30,407 - asyncio - ERROR - Exception in callback _ProactorBasePipeTransport._call_connection_lost()
handle: <Handle _ProactorBasePipeTransport._call_connection_lost()>
Traceback (most recent call last):
  File "C:\Python314\Lib\asyncio\events.py", line 94, in _run
    self._context.run(self._callback, *self._args)
    ~~~~~~~~~~~~~~~~~^^^^^^^^^^^^^^^^^^^^^^^^^^^^^
  File "C:\Python314\Lib\asyncio\proactor_events.py", line 165, in _call_connection_lost
    self._sock.shutdown(socket.SHUT_RDWR)
    ~~~~~~~~~~~~~~~~~~~^^^^^^^^^^^^^^^^^^
ConnectionResetError: [WinError 10054] Eine vorhandene Verbindung wurde vom Remotehost geschlossen
WARNING:  Unsupported upgrade request.
WARNING:  No supported WebSocket library detected. Please use "pip install 'uvicorn[standard]'", or install 'websockets' or 'wsproto' manually.
2026-07-09 03:47:30,613 - asyncio - ERROR - Exception in callback _ProactorBasePipeTransport._call_connection_lost()
handle: <Handle _ProactorBasePipeTransport._call_connection_lost()>
Traceback (most recent call last):
  File "C:\Python314\Lib\asyncio\events.py", line 94, in _run
    self._context.run(self._callback, *self._args)
    ~~~~~~~~~~~~~~~~~^^^^^^^^^^^^^^^^^^^^^^^^^^^^^
  File "C:\Python314\Lib\asyncio\proactor_events.py", line 165, in _call_connection_lost
    self._sock.shutdown(socket.SHUT_RDWR)
    ~~~~~~~~~~~~~~~~~~~^^^^^^^^^^^^^^^^^^
ConnectionResetError: [WinError 10054] Eine vorhandene Verbindung wurde vom Remotehost geschlossen
ERROR:    Exception in ASGI application
Traceback (most recent call last):
  File "C:\Users\burif\OneDrive\Desktop\YENI REDWORK SITESI\redworkch-fixed-ui-admin-hosting\redworkch-main\backend\venv\Lib\site-packages\uvicorn\protocols\http\h11_impl.py", line 408, in run_asgi
    result = await app(  # type: ignore[func-returns-value]
             ^^^^^^^^^^^^^^^^^^^^^^^^^^^^^^^^^^^^^^^^^^^^^^
        self.scope, self.receive, self.send
        ^^^^^^^^^^^^^^^^^^^^^^^^^^^^^^^^^^^
    )
    ^
  File "C:\Users\burif\OneDrive\Desktop\YENI REDWORK SITESI\redworkch-fixed-ui-admin-hosting\redworkch-main\backend\venv\Lib\site-packages\uvicorn\middleware\proxy_headers.py", line 84, in __call__
    return await self.app(scope, receive, send)
           ^^^^^^^^^^^^^^^^^^^^^^^^^^^^^^^^^^^^
  File "C:\Users\burif\OneDrive\Desktop\YENI REDWORK SITESI\redworkch-fixed-ui-admin-hosting\redworkch-main\backend\venv\Lib\site-packages\fastapi\applications.py", line 1054, in __call__
    await super().__call__(scope, receive, send)
  File "C:\Users\burif\OneDrive\Desktop\YENI REDWORK SITESI\redworkch-fixed-ui-admin-hosting\redworkch-main\backend\venv\Lib\site-packages\starlette\applications.py", line 123, in __call__
    await self.middleware_stack(scope, receive, send)
  File "C:\Users\burif\OneDrive\Desktop\YENI REDWORK SITESI\redworkch-fixed-ui-admin-hosting\redworkch-main\backend\venv\Lib\site-packages\starlette\middleware\errors.py", line 186, in __call__
    raise exc
  File "C:\Users\burif\OneDrive\Desktop\YENI REDWORK SITESI\redworkch-fixed-ui-admin-hosting\redworkch-main\backend\venv\Lib\site-packages\starlette\middleware\errors.py", line 164, in __call__
    await self.app(scope, receive, _send)
  File "C:\Users\burif\OneDrive\Desktop\YENI REDWORK SITESI\redworkch-fixed-ui-admin-hosting\redworkch-main\backend\venv\Lib\site-packages\starlette\middleware\cors.py", line 93, in __call__
    await self.simple_response(scope, receive, send, request_headers=headers)
  File "C:\Users\burif\OneDrive\Desktop\YENI REDWORK SITESI\redworkch-fixed-ui-admin-hosting\redworkch-main\backend\venv\Lib\site-packages\starlette\middleware\cors.py", line 148, in simple_response
    await self.app(scope, receive, send)
  File "C:\Users\burif\OneDrive\Desktop\YENI REDWORK SITESI\redworkch-fixed-ui-admin-hosting\redworkch-main\backend\venv\Lib\site-packages\starlette\middleware\exceptions.py", line 65, in __call__
    await wrap_app_handling_exceptions(self.app, conn)(scope, receive, send)
  File "C:\Users\burif\OneDrive\Desktop\YENI REDWORK SITESI\redworkch-fixed-ui-admin-hosting\redworkch-main\backend\venv\Lib\site-packages\starlette\_exception_handler.py", line 64, in wrapped_app
    raise exc
  File "C:\Users\burif\OneDrive\Desktop\YENI REDWORK SITESI\redworkch-fixed-ui-admin-hosting\redworkch-main\backend\venv\Lib\site-packages\starlette\_exception_handler.py", line 53, in wrapped_app
    await app(scope, receive, sender)
  File "C:\Users\burif\OneDrive\Desktop\YENI REDWORK SITESI\redworkch-fixed-ui-admin-hosting\redworkch-main\backend\venv\Lib\site-packages\starlette\routing.py", line 756, in __call__
    await self.middleware_stack(scope, receive, send)
  File "C:\Users\burif\OneDrive\Desktop\YENI REDWORK SITESI\redworkch-fixed-ui-admin-hosting\redworkch-main\backend\venv\Lib\site-packages\starlette\routing.py", line 776, in app
    await route.handle(scope, receive, send)
  File "C:\Users\burif\OneDrive\Desktop\YENI REDWORK SITESI\redworkch-fixed-ui-admin-hosting\redworkch-main\backend\venv\Lib\site-packages\starlette\routing.py", line 297, in handle
    await self.app(scope, receive, send)
  File "C:\Users\burif\OneDrive\Desktop\YENI REDWORK SITESI\redworkch-fixed-ui-admin-hosting\redworkch-main\backend\venv\Lib\site-packages\starlette\routing.py", line 77, in app
    await wrap_app_handling_exceptions(app, request)(scope, receive, send)
  File "C:\Users\burif\OneDrive\Desktop\YENI REDWORK SITESI\redworkch-fixed-ui-admin-hosting\redworkch-main\backend\venv\Lib\site-packages\starlette\_exception_handler.py", line 64, in wrapped_app
    raise exc
  File "C:\Users\burif\OneDrive\Desktop\YENI REDWORK SITESI\redworkch-fixed-ui-admin-hosting\redworkch-main\backend\venv\Lib\site-packages\starlette\_exception_handler.py", line 53, in wrapped_app
    await app(scope, receive, sender)
  File "C:\Users\burif\OneDrive\Desktop\YENI REDWORK SITESI\redworkch-fixed-ui-admin-hosting\redworkch-main\backend\venv\Lib\site-packages\starlette\routing.py", line 72, in app
    response = await func(request)
               ^^^^^^^^^^^^^^^^^^^
  File "C:\Users\burif\OneDrive\Desktop\YENI REDWORK SITESI\redworkch-fixed-ui-admin-hosting\redworkch-main\backend\venv\Lib\site-packages\fastapi\routing.py", line 278, in app
    raw_response = await run_endpoint_function(
                   ^^^^^^^^^^^^^^^^^^^^^^^^^^^^
        dependant=dependant, values=values, is_coroutine=is_coroutine
        ^^^^^^^^^^^^^^^^^^^^^^^^^^^^^^^^^^^^^^^^^^^^^^^^^^^^^^^^^^^^^
    )
    ^
  File "C:\Users\burif\OneDrive\Desktop\YENI REDWORK SITESI\redworkch-fixed-ui-admin-hosting\redworkch-main\backend\venv\Lib\site-packages\fastapi\routing.py", line 191, in run_endpoint_function
    return await dependant.call(**values)
           ^^^^^^^^^^^^^^^^^^^^^^^^^^^^^^
  File "C:\Users\burif\OneDrive\Desktop\YENI REDWORK SITESI\redworkch-fixed-ui-admin-hosting\redworkch-main\backend\server.py", line 2125, in list_orders
    user_dict = {u["id"]: f"{u['firstName']} {u['lastName']}" for u in users}
                 ~^^^^^^
KeyError: 'id'
ERROR:    Exception in ASGI application
Traceback (most recent call last):
  File "C:\Users\burif\OneDrive\Desktop\YENI REDWORK SITESI\redworkch-fixed-ui-admin-hosting\redworkch-main\backend\venv\Lib\site-packages\uvicorn\protocols\http\h11_impl.py", line 408, in run_asgi
    result = await app(  # type: ignore[func-returns-value]
             ^^^^^^^^^^^^^^^^^^^^^^^^^^^^^^^^^^^^^^^^^^^^^^
        self.scope, self.receive, self.send
        ^^^^^^^^^^^^^^^^^^^^^^^^^^^^^^^^^^^
    )
    ^
  File "C:\Users\burif\OneDrive\Desktop\YENI REDWORK SITESI\redworkch-fixed-ui-admin-hosting\redworkch-main\backend\venv\Lib\site-packages\uvicorn\middleware\proxy_headers.py", line 84, in __call__
    return await self.app(scope, receive, send)
           ^^^^^^^^^^^^^^^^^^^^^^^^^^^^^^^^^^^^
  File "C:\Users\burif\OneDrive\Desktop\YENI REDWORK SITESI\redworkch-fixed-ui-admin-hosting\redworkch-main\backend\venv\Lib\site-packages\fastapi\applications.py", line 1054, in __call__
    await super().__call__(scope, receive, send)
  File "C:\Users\burif\OneDrive\Desktop\YENI REDWORK SITESI\redworkch-fixed-ui-admin-hosting\redworkch-main\backend\venv\Lib\site-packages\starlette\applications.py", line 123, in __call__
    await self.middleware_stack(scope, receive, send)
  File "C:\Users\burif\OneDrive\Desktop\YENI REDWORK SITESI\redworkch-fixed-ui-admin-hosting\redworkch-main\backend\venv\Lib\site-packages\starlette\middleware\errors.py", line 186, in __call__
    raise exc
  File "C:\Users\burif\OneDrive\Desktop\YENI REDWORK SITESI\redworkch-fixed-ui-admin-hosting\redworkch-main\backend\venv\Lib\site-packages\starlette\middleware\errors.py", line 164, in __call__
    await self.app(scope, receive, _send)
  File "C:\Users\burif\OneDrive\Desktop\YENI REDWORK SITESI\redworkch-fixed-ui-admin-hosting\redworkch-main\backend\venv\Lib\site-packages\starlette\middleware\cors.py", line 93, in __call__
    await self.simple_response(scope, receive, send, request_headers=headers)
  File "C:\Users\burif\OneDrive\Desktop\YENI REDWORK SITESI\redworkch-fixed-ui-admin-hosting\redworkch-main\backend\venv\Lib\site-packages\starlette\middleware\cors.py", line 148, in simple_response
    await self.app(scope, receive, send)
  File "C:\Users\burif\OneDrive\Desktop\YENI REDWORK SITESI\redworkch-fixed-ui-admin-hosting\redworkch-main\backend\venv\Lib\site-packages\starlette\middleware\exceptions.py", line 65, in __call__
    await wrap_app_handling_exceptions(self.app, conn)(scope, receive, send)
  File "C:\Users\burif\OneDrive\Desktop\YENI REDWORK SITESI\redworkch-fixed-ui-admin-hosting\redworkch-main\backend\venv\Lib\site-packages\starlette\_exception_handler.py", line 64, in wrapped_app
    raise exc
  File "C:\Users\burif\OneDrive\Desktop\YENI REDWORK SITESI\redworkch-fixed-ui-admin-hosting\redworkch-main\backend\venv\Lib\site-packages\starlette\_exception_handler.py", line 53, in wrapped_app
    await app(scope, receive, sender)
  File "C:\Users\burif\OneDrive\Desktop\YENI REDWORK SITESI\redworkch-fixed-ui-admin-hosting\redworkch-main\backend\venv\Lib\site-packages\starlette\routing.py", line 756, in __call__
    await self.middleware_stack(scope, receive, send)
  File "C:\Users\burif\OneDrive\Desktop\YENI REDWORK SITESI\redworkch-fixed-ui-admin-hosting\redworkch-main\backend\venv\Lib\site-packages\starlette\routing.py", line 776, in app
    await route.handle(scope, receive, send)
  File "C:\Users\burif\OneDrive\Desktop\YENI REDWORK SITESI\redworkch-fixed-ui-admin-hosting\redworkch-main\backend\venv\Lib\site-packages\starlette\routing.py", line 297, in handle
    await self.app(scope, receive, send)
  File "C:\Users\burif\OneDrive\Desktop\YENI REDWORK SITESI\redworkch-fixed-ui-admin-hosting\redworkch-main\backend\venv\Lib\site-packages\starlette\routing.py", line 77, in app
    await wrap_app_handling_exceptions(app, request)(scope, receive, send)
  File "C:\Users\burif\OneDrive\Desktop\YENI REDWORK SITESI\redworkch-fixed-ui-admin-hosting\redworkch-main\backend\venv\Lib\site-packages\starlette\_exception_handler.py", line 64, in wrapped_app
    raise exc
  File "C:\Users\burif\OneDrive\Desktop\YENI REDWORK SITESI\redworkch-fixed-ui-admin-hosting\redworkch-main\backend\venv\Lib\site-packages\starlette\_exception_handler.py", line 53, in wrapped_app
    await app(scope, receive, sender)
  File "C:\Users\burif\OneDrive\Desktop\YENI REDWORK SITESI\redworkch-fixed-ui-admin-hosting\redworkch-main\backend\venv\Lib\site-packages\starlette\routing.py", line 72, in app
    response = await func(request)
               ^^^^^^^^^^^^^^^^^^^
  File "C:\Users\burif\OneDrive\Desktop\YENI REDWORK SITESI\redworkch-fixed-ui-admin-hosting\redworkch-main\backend\venv\Lib\site-packages\fastapi\routing.py", line 278, in app
    raw_response = await run_endpoint_function(
                   ^^^^^^^^^^^^^^^^^^^^^^^^^^^^
        dependant=dependant, values=values, is_coroutine=is_coroutine
        ^^^^^^^^^^^^^^^^^^^^^^^^^^^^^^^^^^^^^^^^^^^^^^^^^^^^^^^^^^^^^
    )
    ^
  File "C:\Users\burif\OneDrive\Desktop\YENI REDWORK SITESI\redworkch-fixed-ui-admin-hosting\redworkch-main\backend\venv\Lib\site-packages\fastapi\routing.py", line 191, in run_endpoint_function
    return await dependant.call(**values)
           ^^^^^^^^^^^^^^^^^^^^^^^^^^^^^^
  File "C:\Users\burif\OneDrive\Desktop\YENI REDWORK SITESI\redworkch-fixed-ui-admin-hosting\redworkch-main\backend\server.py", line 2125, in list_orders
    user_dict = {u["id"]: f"{u['firstName']} {u['lastName']}" for u in users}
                 ~^^^^^^
KeyError: 'id'
WARNING:  Unsupported upgrade request.
WARNING:  No supported WebSocket library detected. Please use "pip install 'uvicorn[standard]'", or install 'websockets' or 'wsproto' manually.
WARNING:  Unsupported upgrade request.
WARNING:  No supported WebSocket library detected. Please use "pip install 'uvicorn[standard]'", or install 'websockets' or 'wsproto' manually.
WARNING:  Unsupported upgrade request.
WARNING:  No supported WebSocket library detected. Please use "pip install 'uvicorn[standard]'", or install 'websockets' or 'wsproto' manually.
2026-07-09 03:47:38,378 - asyncio - ERROR - Exception in callback _ProactorBasePipeTransport._call_connection_lost()
handle: <Handle _ProactorBasePipeTransport._call_connection_lost()>
Traceback (most recent call last):
  File "C:\Python314\Lib\asyncio\events.py", line 94, in _run
    self._context.run(self._callback, *self._args)
    ~~~~~~~~~~~~~~~~~^^^^^^^^^^^^^^^^^^^^^^^^^^^^^
  File "C:\Python314\Lib\asyncio\proactor_events.py", line 165, in _call_connection_lost
    self._sock.shutdown(socket.SHUT_RDWR)
    ~~~~~~~~~~~~~~~~~~~^^^^^^^^^^^^^^^^^^
ConnectionResetError: [WinError 10054] Eine vorhandene Verbindung wurde vom Remotehost geschlossen
WARNING:  Unsupported upgrade request.
WARNING:  No supported WebSocket library detected. Please use "pip install 'uvicorn[standard]'", or install 'websockets' or 'wsproto' manually.
WARNING:  Unsupported upgrade request.
WARNING:  No supported WebSocket library detected. Please use "pip install 'uvicorn[standard]'", or install 'websockets' or 'wsproto' manually.
2026-07-09 03:47:42,250 - asyncio - ERROR - Exception in callback _ProactorBasePipeTransport._call_connection_lost()
handle: <Handle _ProactorBasePipeTransport._call_connection_lost()>
Traceback (most recent call last):
  File "C:\Python314\Lib\asyncio\events.py", line 94, in _run
    self._context.run(self._callback, *self._args)
    ~~~~~~~~~~~~~~~~~^^^^^^^^^^^^^^^^^^^^^^^^^^^^^
  File "C:\Python314\Lib\asyncio\proactor_events.py", line 165, in _call_connection_lost
    self._sock.shutdown(socket.SHUT_RDWR)
    ~~~~~~~~~~~~~~~~~~~^^^^^^^^^^^^^^^^^^
ConnectionResetError: [WinError 10054] Eine vorhandene Verbindung wurde vom Remotehost geschlossen
WARNING:  Unsupported upgrade request.
WARNING:  No supported WebSocket library detected. Please use "pip install 'uvicorn[standard]'", or install 'websockets' or 'wsproto' manually.
WARNING:  Unsupported upgrade request.
WARNING:  No supported WebSocket library detected. Please use "pip install 'uvicorn[standard]'", or install 'websockets' or 'wsproto' manually.
2026-07-09 03:47:45,518 - asyncio - ERROR - Exception in callback _ProactorBasePipeTransport._call_connection_lost()
handle: <Handle _ProactorBasePipeTransport._call_connection_lost()>
Traceback (most recent call last):
  File "C:\Python314\Lib\asyncio\events.py", line 94, in _run
    self._context.run(self._callback, *self._args)
    ~~~~~~~~~~~~~~~~~^^^^^^^^^^^^^^^^^^^^^^^^^^^^^
  File "C:\Python314\Lib\asyncio\proactor_events.py", line 165, in _call_connection_lost
    self._sock.shutdown(socket.SHUT_RDWR)
    ~~~~~~~~~~~~~~~~~~~^^^^^^^^^^^^^^^^^^
ConnectionResetError: [WinError 10054] Eine vorhandene Verbindung wurde vom Remotehost geschlossen
WARNING:  Unsupported upgrade request.
WARNING:  No supported WebSocket library detected. Please use "pip install 'uvicorn[standard]'", or install 'websockets' or 'wsproto' manually.
2026-07-09 03:47:45,612 - asyncio - ERROR - Exception in callback _ProactorBasePipeTransport._call_connection_lost()
handle: <Handle _ProactorBasePipeTransport._call_connection_lost()>
Traceback (most recent call last):
  File "C:\Python314\Lib\asyncio\events.py", line 94, in _run
    self._context.run(self._callback, *self._args)
    ~~~~~~~~~~~~~~~~~^^^^^^^^^^^^^^^^^^^^^^^^^^^^^
  File "C:\Python314\Lib\asyncio\proactor_events.py", line 165, in _call_connection_lost
    self._sock.shutdown(socket.SHUT_RDWR)
    ~~~~~~~~~~~~~~~~~~~^^^^^^^^^^^^^^^^^^
ConnectionResetError: [WinError 10054] Eine vorhandene Verbindung wurde vom Remotehost geschlossen
WARNING:  Unsupported upgrade request.
WARNING:  No supported WebSocket library detected. Please use "pip install 'uvicorn[standard]'", or install 'websockets' or 'wsproto' manually.
2026-07-09 03:47:47,258 - asyncio - ERROR - Exception in callback _ProactorBasePipeTransport._call_connection_lost()
handle: <Handle _ProactorBasePipeTransport._call_connection_lost()>
Traceback (most recent call last):
  File "C:\Python314\Lib\asyncio\events.py", line 94, in _run
    self._context.run(self._callback, *self._args)
    ~~~~~~~~~~~~~~~~~^^^^^^^^^^^^^^^^^^^^^^^^^^^^^
  File "C:\Python314\Lib\asyncio\proactor_events.py", line 165, in _call_connection_lost
    self._sock.shutdown(socket.SHUT_RDWR)
    ~~~~~~~~~~~~~~~~~~~^^^^^^^^^^^^^^^^^^
ConnectionResetError: [WinError 10054] Eine vorhandene Verbindung wurde vom Remotehost geschlossen
WARNING:  Unsupported upgrade request.
WARNING:  No supported WebSocket library detected. Please use "pip install 'uvicorn[standard]'", or install 'websockets' or 'wsproto' manually.
WARNING:  Unsupported upgrade request.
WARNING:  No supported WebSocket library detected. Please use "pip install 'uvicorn[standard]'", or install 'websockets' or 'wsproto' manually.
WARNING:  Unsupported upgrade request.
WARNING:  No supported WebSocket library detected. Please use "pip install 'uvicorn[standard]'", or install 'websockets' or 'wsproto' manually.
2026-07-09 03:47:50,286 - asyncio - ERROR - Exception in callback _ProactorBasePipeTransport._call_connection_lost()
handle: <Handle _ProactorBasePipeTransport._call_connection_lost()>
Traceback (most recent call last):
  File "C:\Python314\Lib\asyncio\events.py", line 94, in _run
    self._context.run(self._callback, *self._args)
    ~~~~~~~~~~~~~~~~~^^^^^^^^^^^^^^^^^^^^^^^^^^^^^
  File "C:\Python314\Lib\asyncio\proactor_events.py", line 165, in _call_connection_lost
    self._sock.shutdown(socket.SHUT_RDWR)
    ~~~~~~~~~~~~~~~~~~~^^^^^^^^^^^^^^^^^^
ConnectionResetError: [WinError 10054] Eine vorhandene Verbindung wurde vom Remotehost geschlossen
WARNING:  Unsupported upgrade request.
WARNING:  No supported WebSocket library detected. Please use "pip install 'uvicorn[standard]'", or install 'websockets' or 'wsproto' manually.
2026-07-09 03:47:52,242 - asyncio - ERROR - Exception in callback _ProactorBasePipeTransport._call_connection_lost()
handle: <Handle _ProactorBasePipeTransport._call_connection_lost()>
Traceback (most recent call last):
  File "C:\Python314\Lib\asyncio\events.py", line 94, in _run
    self._context.run(self._callback, *self._args)
    ~~~~~~~~~~~~~~~~~^^^^^^^^^^^^^^^^^^^^^^^^^^^^^
  File "C:\Python314\Lib\asyncio\proactor_events.py", line 165, in _call_connection_lost
    self._sock.shutdown(socket.SHUT_RDWR)
    ~~~~~~~~~~~~~~~~~~~^^^^^^^^^^^^^^^^^^
ConnectionResetError: [WinError 10054] Eine vorhandene Verbindung wurde vom Remotehost geschlossen
WARNING:  Unsupported upgrade request.
WARNING:  No supported WebSocket library detected. Please use "pip install 'uvicorn[standard]'", or install 'websockets' or 'wsproto' manually.
WARNING:  Unsupported upgrade request.
WARNING:  No supported WebSocket library detected. Please use "pip install 'uvicorn[standard]'", or install 'websockets' or 'wsproto' manually.
2026-07-09 03:47:54,247 - asyncio - ERROR - Exception in callback _ProactorBasePipeTransport._call_connection_lost()
handle: <Handle _ProactorBasePipeTransport._call_connection_lost()>
Traceback (most recent call last):
  File "C:\Python314\Lib\asyncio\events.py", line 94, in _run
    self._context.run(self._callback, *self._args)
    ~~~~~~~~~~~~~~~~~^^^^^^^^^^^^^^^^^^^^^^^^^^^^^
  File "C:\Python314\Lib\asyncio\proactor_events.py", line 165, in _call_connection_lost
    self._sock.shutdown(socket.SHUT_RDWR)
    ~~~~~~~~~~~~~~~~~~~^^^^^^^^^^^^^^^^^^
ConnectionResetError: [WinError 10054] Eine vorhandene Verbindung wurde vom Remotehost geschlossen
WARNING:  Unsupported upgrade request.
WARNING:  No supported WebSocket library detected. Please use "pip install 'uvicorn[standard]'", or install 'websockets' or 'wsproto' manually.
2026-07-09 03:47:55,404 - asyncio - ERROR - Exception in callback _ProactorBasePipeTransport._call_connection_lost()
handle: <Handle _ProactorBasePipeTransport._call_connection_lost()>
Traceback (most recent call last):
  File "C:\Python314\Lib\asyncio\events.py", line 94, in _run
    self._context.run(self._callback, *self._args)
    ~~~~~~~~~~~~~~~~~^^^^^^^^^^^^^^^^^^^^^^^^^^^^^
  File "C:\Python314\Lib\asyncio\proactor_events.py", line 165, in _call_connection_lost
    self._sock.shutdown(socket.SHUT_RDWR)
    ~~~~~~~~~~~~~~~~~~~^^^^^^^^^^^^^^^^^^
ConnectionResetError: [WinError 10054] Eine vorhandene Verbindung wurde vom Remotehost geschlossen
WARNING:  Unsupported upgrade request.
WARNING:  No supported WebSocket library detected. Please use "pip install 'uvicorn[standard]'", or install 'websockets' or 'wsproto' manually.
WARNING:  Unsupported upgrade request.
WARNING:  No supported WebSocket library detected. Please use "pip install 'uvicorn[standard]'", or install 'websockets' or 'wsproto' manually.
WARNING:  Unsupported upgrade request.
WARNING:  No supported WebSocket library detected. Please use "pip install 'uvicorn[standard]'", or install 'websockets' or 'wsproto' manually.
WARNING:  Unsupported upgrade request.
WARNING:  No supported WebSocket library detected. Please use "pip install 'uvicorn[standard]'", or install 'websockets' or 'wsproto' manually.
WARNING:  Unsupported upgrade request.
WARNING:  No supported WebSocket library detected. Please use "pip install 'uvicorn[standard]'", or install 'websockets' or 'wsproto' manually.
WARNING:  Unsupported upgrade request.
WARNING:  No supported WebSocket library detected. Please use "pip install 'uvicorn[standard]'", or install 'websockets' or 'wsproto' manually.
WARNING:  Unsupported upgrade request.
WARNING:  No supported WebSocket library detected. Please use "pip install 'uvicorn[standard]'", or install 'websockets' or 'wsproto' manually.
WARNING:  Unsupported upgrade request.
WARNING:  No supported WebSocket library detected. Please use "pip install 'uvicorn[standard]'", or install 'websockets' or 'wsproto' manually.
WARNING:  Unsupported upgrade request.
WARNING:  No supported WebSocket library detected. Please use "pip install 'uvicorn[standard]'", or install 'websockets' or 'wsproto' manually.
WARNING:  Unsupported upgrade request.
WARNING:  No supported WebSocket library detected. Please use "pip install 'uvicorn[standard]'", or install 'websockets' or 'wsproto' manually.
2026-07-09 03:48:07,253 - asyncio - ERROR - Exception in callback _ProactorBasePipeTransport._call_connection_lost()
handle: <Handle _ProactorBasePipeTransport._call_connection_lost()>
Traceback (most recent call last):
  File "C:\Python314\Lib\asyncio\events.py", line 94, in _run
    self._context.run(self._callback, *self._args)
    ~~~~~~~~~~~~~~~~~^^^^^^^^^^^^^^^^^^^^^^^^^^^^^
  File "C:\Python314\Lib\asyncio\proactor_events.py", line 165, in _call_connection_lost
    self._sock.shutdown(socket.SHUT_RDWR)
    ~~~~~~~~~~~~~~~~~~~^^^^^^^^^^^^^^^^^^
ConnectionResetError: [WinError 10054] Eine vorhandene Verbindung wurde vom Remotehost geschlossen
WARNING:  Unsupported upgrade request.
WARNING:  No supported WebSocket library detected. Please use "pip install 'uvicorn[standard]'", or install 'websockets' or 'wsproto' manually.
WARNING:  Unsupported upgrade request.
WARNING:  No supported WebSocket library detected. Please use "pip install 'uvicorn[standard]'", or install 'websockets' or 'wsproto' manually.
2026-07-09 03:48:10,039 - asyncio - ERROR - Exception in callback _ProactorBasePipeTransport._call_connection_lost()
handle: <Handle _ProactorBasePipeTransport._call_connection_lost()>
Traceback (most recent call last):
  File "C:\Python314\Lib\asyncio\events.py", line 94, in _run
    self._context.run(self._callback, *self._args)
    ~~~~~~~~~~~~~~~~~^^^^^^^^^^^^^^^^^^^^^^^^^^^^^
  File "C:\Python314\Lib\asyncio\proactor_events.py", line 165, in _call_connection_lost
    self._sock.shutdown(socket.SHUT_RDWR)
    ~~~~~~~~~~~~~~~~~~~^^^^^^^^^^^^^^^^^^
ConnectionResetError: [WinError 10054] Eine vorhandene Verbindung wurde vom Remotehost geschlossen
WARNING:  Unsupported upgrade request.
WARNING:  No supported WebSocket library detected. Please use "pip install 'uvicorn[standard]'", or install 'websockets' or 'wsproto' manually.
WARNING:  Unsupported upgrade request.
WARNING:  No supported WebSocket library detected. Please use "pip install 'uvicorn[standard]'", or install 'websockets' or 'wsproto' manually.
2026-07-09 03:48:12,248 - asyncio - ERROR - Exception in callback _ProactorBasePipeTransport._call_connection_lost()
handle: <Handle _ProactorBasePipeTransport._call_connection_lost()>
Traceback (most recent call last):
  File "C:\Python314\Lib\asyncio\events.py", line 94, in _run
    self._context.run(self._callback, *self._args)
    ~~~~~~~~~~~~~~~~~^^^^^^^^^^^^^^^^^^^^^^^^^^^^^
  File "C:\Python314\Lib\asyncio\proactor_events.py", line 165, in _call_connection_lost
    self._sock.shutdown(socket.SHUT_RDWR)
    ~~~~~~~~~~~~~~~~~~~^^^^^^^^^^^^^^^^^^
ConnectionResetError: [WinError 10054] Eine vorhandene Verbindung wurde vom Remotehost geschlossen
WARNING:  Unsupported upgrade request.
WARNING:  No supported WebSocket library detected. Please use "pip install 'uvicorn[standard]'", or install 'websockets' or 'wsproto' manually.
WARNING:  Unsupported upgrade request.
WARNING:  No supported WebSocket library detected. Please use "pip install 'uvicorn[standard]'", or install 'websockets' or 'wsproto' manually.
WARNING:  Unsupported upgrade request.
WARNING:  No supported WebSocket library detected. Please use "pip install 'uvicorn[standard]'", or install 'websockets' or 'wsproto' manually.
WARNING:  Unsupported upgrade request.
WARNING:  No supported WebSocket library detected. Please use "pip install 'uvicorn[standard]'", or install 'websockets' or 'wsproto' manually.
WARNING:  Unsupported upgrade request.
WARNING:  No supported WebSocket library detected. Please use "pip install 'uvicorn[standard]'", or install 'websockets' or 'wsproto' manually.
2026-07-09 03:48:18,257 - asyncio - ERROR - Exception in callback _ProactorBasePipeTransport._call_connection_lost()
handle: <Handle _ProactorBasePipeTransport._call_connection_lost()>
Traceback (most recent call last):
  File "C:\Python314\Lib\asyncio\events.py", line 94, in _run
    self._context.run(self._callback, *self._args)
    ~~~~~~~~~~~~~~~~~^^^^^^^^^^^^^^^^^^^^^^^^^^^^^
  File "C:\Python314\Lib\asyncio\proactor_events.py", line 165, in _call_connection_lost
    self._sock.shutdown(socket.SHUT_RDWR)
    ~~~~~~~~~~~~~~~~~~~^^^^^^^^^^^^^^^^^^
ConnectionResetError: [WinError 10054] Eine vorhandene Verbindung wurde vom Remotehost geschlossen
WARNING:  Unsupported upgrade request.
WARNING:  No supported WebSocket library detected. Please use "pip install 'uvicorn[standard]'", or install 'websockets' or 'wsproto' manually.
WARNING:  Unsupported upgrade request.
WARNING:  No supported WebSocket library detected. Please use "pip install 'uvicorn[standard]'", or install 'websockets' or 'wsproto' manually.
2026-07-09 03:48:20,865 - asyncio - ERROR - Exception in callback _ProactorBasePipeTransport._call_connection_lost()
handle: <Handle _ProactorBasePipeTransport._call_connection_lost()>
Traceback (most recent call last):
  File "C:\Python314\Lib\asyncio\events.py", line 94, in _run
    self._context.run(self._callback, *self._args)
    ~~~~~~~~~~~~~~~~~^^^^^^^^^^^^^^^^^^^^^^^^^^^^^
  File "C:\Python314\Lib\asyncio\proactor_events.py", line 165, in _call_connection_lost
    self._sock.shutdown(socket.SHUT_RDWR)
    ~~~~~~~~~~~~~~~~~~~^^^^^^^^^^^^^^^^^^
ConnectionResetError: [WinError 10054] Eine vorhandene Verbindung wurde vom Remotehost geschlossen
WARNING:  Unsupported upgrade request.
WARNING:  No supported WebSocket library detected. Please use "pip install 'uvicorn[standard]'", or install 'websockets' or 'wsproto' manually.
2026-07-09 03:48:22,247 - asyncio - ERROR - Exception in callback _ProactorBasePipeTransport._call_connection_lost()
handle: <Handle _ProactorBasePipeTransport._call_connection_lost()>
Traceback (most recent call last):
  File "C:\Python314\Lib\asyncio\events.py", line 94, in _run
    self._context.run(self._callback, *self._args)
    ~~~~~~~~~~~~~~~~~^^^^^^^^^^^^^^^^^^^^^^^^^^^^^
  File "C:\Python314\Lib\asyncio\proactor_events.py", line 165, in _call_connection_lost
    self._sock.shutdown(socket.SHUT_RDWR)
    ~~~~~~~~~~~~~~~~~~~^^^^^^^^^^^^^^^^^^
ConnectionResetError: [WinError 10054] Eine vorhandene Verbindung wurde vom Remotehost geschlossen
WARNING:  Unsupported upgrade request.
WARNING:  No supported WebSocket library detected. Please use "pip install 'uvicorn[standard]'", or install 'websockets' or 'wsproto' manually.
WARNING:  Unsupported upgrade request.
WARNING:  No supported WebSocket library detected. Please use "pip install 'uvicorn[standard]'", or install 'websockets' or 'wsproto' manually.
WARNING:  Unsupported upgrade request.
WARNING:  No supported WebSocket library detected. Please use "pip install 'uvicorn[standard]'", or install 'websockets' or 'wsproto' manually.
WARNING:  Unsupported upgrade request.
WARNING:  No supported WebSocket library detected. Please use "pip install 'uvicorn[standard]'", or install 'websockets' or 'wsproto' manually.
WARNING:  Unsupported upgrade request.
WARNING:  No supported WebSocket library detected. Please use "pip install 'uvicorn[standard]'", or install 'websockets' or 'wsproto' manually.
WARNING:  Unsupported upgrade request.
WARNING:  No supported WebSocket library detected. Please use "pip install 'uvicorn[standard]'", or install 'websockets' or 'wsproto' manually.
2026-07-09 03:48:28,374 - asyncio - ERROR - Exception in callback _ProactorBasePipeTransport._call_connection_lost()
handle: <Handle _ProactorBasePipeTransport._call_connection_lost()>
Traceback (most recent call last):
  File "C:\Python314\Lib\asyncio\events.py", line 94, in _run
    self._context.run(self._callback, *self._args)
    ~~~~~~~~~~~~~~~~~^^^^^^^^^^^^^^^^^^^^^^^^^^^^^
  File "C:\Python314\Lib\asyncio\proactor_events.py", line 165, in _call_connection_lost
    self._sock.shutdown(socket.SHUT_RDWR)
    ~~~~~~~~~~~~~~~~~~~^^^^^^^^^^^^^^^^^^
ConnectionResetError: [WinError 10054] Eine vorhandene Verbindung wurde vom Remotehost geschlossen
WARNING:  Unsupported upgrade request.
WARNING:  No supported WebSocket library detected. Please use "pip install 'uvicorn[standard]'", or install 'websockets' or 'wsproto' manually.
2026-07-09 03:48:32,430 - asyncio - ERROR - Exception in callback _ProactorBasePipeTransport._call_connection_lost()
handle: <Handle _ProactorBasePipeTransport._call_connection_lost()>
Traceback (most recent call last):
  File "C:\Python314\Lib\asyncio\events.py", line 94, in _run
    self._context.run(self._callback, *self._args)
    ~~~~~~~~~~~~~~~~~^^^^^^^^^^^^^^^^^^^^^^^^^^^^^
  File "C:\Python314\Lib\asyncio\proactor_events.py", line 165, in _call_connection_lost
    self._sock.shutdown(socket.SHUT_RDWR)
    ~~~~~~~~~~~~~~~~~~~^^^^^^^^^^^^^^^^^^
ConnectionResetError: [WinError 10054] Eine vorhandene Verbindung wurde vom Remotehost geschlossen
WARNING:  Unsupported upgrade request.
WARNING:  No supported WebSocket library detected. Please use "pip install 'uvicorn[standard]'", or install 'websockets' or 'wsproto' manually.
2026-07-09 03:48:33,294 - asyncio - ERROR - Exception in callback _ProactorBasePipeTransport._call_connection_lost()
handle: <Handle _ProactorBasePipeTransport._call_connection_lost()>
Traceback (most recent call last):
  File "C:\Python314\Lib\asyncio\events.py", line 94, in _run
    self._context.run(self._callback, *self._args)
    ~~~~~~~~~~~~~~~~~^^^^^^^^^^^^^^^^^^^^^^^^^^^^^
  File "C:\Python314\Lib\asyncio\proactor_events.py", line 165, in _call_connection_lost
    self._sock.shutdown(socket.SHUT_RDWR)
    ~~~~~~~~~~~~~~~~~~~^^^^^^^^^^^^^^^^^^
ConnectionResetError: [WinError 10054] Eine vorhandene Verbindung wurde vom Remotehost geschlossen
WARNING:  Unsupported upgrade request.
WARNING:  No supported WebSocket library detected. Please use "pip install 'uvicorn[standard]'", or install 'websockets' or 'wsproto' manually.
2026-07-09 03:48:35,328 - asyncio - ERROR - Exception in callback _ProactorBasePipeTransport._call_connection_lost()
handle: <Handle _ProactorBasePipeTransport._call_connection_lost()>
Traceback (most recent call last):
  File "C:\Python314\Lib\asyncio\events.py", line 94, in _run
    self._context.run(self._callback, *self._args)
    ~~~~~~~~~~~~~~~~~^^^^^^^^^^^^^^^^^^^^^^^^^^^^^
  File "C:\Python314\Lib\asyncio\proactor_events.py", line 165, in _call_connection_lost
    self._sock.shutdown(socket.SHUT_RDWR)
    ~~~~~~~~~~~~~~~~~~~^^^^^^^^^^^^^^^^^^
ConnectionResetError: [WinError 10054] Eine vorhandene Verbindung wurde vom Remotehost geschlossen
WARNING:  Unsupported upgrade request.
WARNING:  No supported WebSocket library detected. Please use "pip install 'uvicorn[standard]'", or install 'websockets' or 'wsproto' manually.
WARNING:  Unsupported upgrade request.
WARNING:  No supported WebSocket library detected. Please use "pip install 'uvicorn[standard]'", or install 'websockets' or 'wsproto' manually.
WARNING:  Unsupported upgrade request.
WARNING:  No supported WebSocket library detected. Please use "pip install 'uvicorn[standard]'", or install 'websockets' or 'wsproto' manually.
WARNING:  Unsupported upgrade request.
WARNING:  No supported WebSocket library detected. Please use "pip install 'uvicorn[standard]'", or install 'websockets' or 'wsproto' manually.
2026-07-09 03:48:42,247 - asyncio - ERROR - Exception in callback _ProactorBasePipeTransport._call_connection_lost()
handle: <Handle _ProactorBasePipeTransport._call_connection_lost()>
Traceback (most recent call last):
  File "C:\Python314\Lib\asyncio\events.py", line 94, in _run
    self._context.run(self._callback, *self._args)
    ~~~~~~~~~~~~~~~~~^^^^^^^^^^^^^^^^^^^^^^^^^^^^^
  File "C:\Python314\Lib\asyncio\proactor_events.py", line 165, in _call_connection_lost
    self._sock.shutdown(socket.SHUT_RDWR)
    ~~~~~~~~~~~~~~~~~~~^^^^^^^^^^^^^^^^^^
ConnectionResetError: [WinError 10054] Eine vorhandene Verbindung wurde vom Remotehost geschlossen
WARNING:  Unsupported upgrade request.
WARNING:  No supported WebSocket library detected. Please use "pip install 'uvicorn[standard]'", or install 'websockets' or 'wsproto' manually.
WARNING:  Unsupported upgrade request.
WARNING:  No supported WebSocket library detected. Please use "pip install 'uvicorn[standard]'", or install 'websockets' or 'wsproto' manually.
2026-07-09 03:48:44,029 - asyncio - ERROR - Exception in callback _ProactorBasePipeTransport._call_connection_lost()
handle: <Handle _ProactorBasePipeTransport._call_connection_lost()>
Traceback (most recent call last):
  File "C:\Python314\Lib\asyncio\events.py", line 94, in _run
    self._context.run(self._callback, *self._args)
    ~~~~~~~~~~~~~~~~~^^^^^^^^^^^^^^^^^^^^^^^^^^^^^
  File "C:\Python314\Lib\asyncio\proactor_events.py", line 165, in _call_connection_lost
    self._sock.shutdown(socket.SHUT_RDWR)
    ~~~~~~~~~~~~~~~~~~~^^^^^^^^^^^^^^^^^^
ConnectionResetError: [WinError 10054] Eine vorhandene Verbindung wurde vom Remotehost geschlossen
WARNING:  Unsupported upgrade request.
WARNING:  No supported WebSocket library detected. Please use "pip install 'uvicorn[standard]'", or install 'websockets' or 'wsproto' manually.
WARNING:  Unsupported upgrade request.
WARNING:  No supported WebSocket library detected. Please use "pip install 'uvicorn[standard]'", or install 'websockets' or 'wsproto' manually.
WARNING:  Unsupported upgrade request.
WARNING:  No supported WebSocket library detected. Please use "pip install 'uvicorn[standard]'", or install 'websockets' or 'wsproto' manually.
2026-07-09 03:48:49,753 - passlib.handlers.bcrypt - WARNING - (trapped) error reading bcrypt version
Traceback (most recent call last):
  File "C:\Users\burif\OneDrive\Desktop\YENI REDWORK SITESI\redworkch-fixed-ui-admin-hosting\redworkch-main\backend\venv\Lib\site-packages\passlib\handlers\bcrypt.py", line 620, in _load_backend_mixin
    version = _bcrypt.__about__.__version__
              ^^^^^^^^^^^^^^^^^
AttributeError: module 'bcrypt' has no attribute '__about__'
WARNING:  Unsupported upgrade request.
WARNING:  No supported WebSocket library detected. Please use "pip install 'uvicorn[standard]'", or install 'websockets' or 'wsproto' manually.
WARNING:  Unsupported upgrade request.
WARNING:  No supported WebSocket library detected. Please use "pip install 'uvicorn[standard]'", or install 'websockets' or 'wsproto' manually.
WARNING:  Unsupported upgrade request.
WARNING:  No supported WebSocket library detected. Please use "pip install 'uvicorn[standard]'", or install 'websockets' or 'wsproto' manually.
WARNING:  Unsupported upgrade request.
WARNING:  No supported WebSocket library detected. Please use "pip install 'uvicorn[standard]'", or install 'websockets' or 'wsproto' manually.
WARNING:  Unsupported upgrade request.
WARNING:  No supported WebSocket library detected. Please use "pip install 'uvicorn[standard]'", or install 'websockets' or 'wsproto' manually.
WARNING:  Unsupported upgrade request.
WARNING:  No supported WebSocket library detected. Please use "pip install 'uvicorn[standard]'", or install 'websockets' or 'wsproto' manually.
WARNING:  Unsupported upgrade request.
WARNING:  No supported WebSocket library detected. Please use "pip install 'uvicorn[standard]'", or install 'websockets' or 'wsproto' manually.
WARNING:  Unsupported upgrade request.
WARNING:  No supported WebSocket library detected. Please use "pip install 'uvicorn[standard]'", or install 'websockets' or 'wsproto' manually.
2026-07-09 03:48:56,264 - asyncio - ERROR - Exception in callback _ProactorBasePipeTransport._call_connection_lost()
handle: <Handle _ProactorBasePipeTransport._call_connection_lost()>
Traceback (most recent call last):
  File "C:\Python314\Lib\asyncio\events.py", line 94, in _run
    self._context.run(self._callback, *self._args)
    ~~~~~~~~~~~~~~~~~^^^^^^^^^^^^^^^^^^^^^^^^^^^^^
  File "C:\Python314\Lib\asyncio\proactor_events.py", line 165, in _call_connection_lost
    self._sock.shutdown(socket.SHUT_RDWR)
    ~~~~~~~~~~~~~~~~~~~^^^^^^^^^^^^^^^^^^
ConnectionResetError: [WinError 10054] Eine vorhandene Verbindung wurde vom Remotehost geschlossen
WARNING:  Unsupported upgrade request.
WARNING:  No supported WebSocket library detected. Please use "pip install 'uvicorn[standard]'", or install 'websockets' or 'wsproto' manually.
WARNING:  Unsupported upgrade request.
WARNING:  No supported WebSocket library detected. Please use "pip install 'uvicorn[standard]'", or install 'websockets' or 'wsproto' manually.
WARNING:  Unsupported upgrade request.
WARNING:  No supported WebSocket library detected. Please use "pip install 'uvicorn[standard]'", or install 'websockets' or 'wsproto' manually.
2026-07-09 03:48:58,452 - asyncio - ERROR - Exception in callback _ProactorBasePipeTransport._call_connection_lost()
handle: <Handle _ProactorBasePipeTransport._call_connection_lost()>
Traceback (most recent call last):
  File "C:\Python314\Lib\asyncio\events.py", line 94, in _run
    self._context.run(self._callback, *self._args)
    ~~~~~~~~~~~~~~~~~^^^^^^^^^^^^^^^^^^^^^^^^^^^^^
  File "C:\Python314\Lib\asyncio\proactor_events.py", line 165, in _call_connection_lost
    self._sock.shutdown(socket.SHUT_RDWR)
    ~~~~~~~~~~~~~~~~~~~^^^^^^^^^^^^^^^^^^
ConnectionResetError: [WinError 10054] Eine vorhandene Verbindung wurde vom Remotehost geschlossen
WARNING:  Unsupported upgrade request.
WARNING:  No supported WebSocket library detected. Please use "pip install 'uvicorn[standard]'", or install 'websockets' or 'wsproto' manually.
WARNING:  Unsupported upgrade request.
WARNING:  No supported WebSocket library detected. Please use "pip install 'uvicorn[standard]'", or install 'websockets' or 'wsproto' manually.
2026-07-09 03:49:01,287 - asyncio - ERROR - Exception in callback _ProactorBasePipeTransport._call_connection_lost()
handle: <Handle _ProactorBasePipeTransport._call_connection_lost()>
Traceback (most recent call last):
  File "C:\Python314\Lib\asyncio\events.py", line 94, in _run
    self._context.run(self._callback, *self._args)
    ~~~~~~~~~~~~~~~~~^^^^^^^^^^^^^^^^^^^^^^^^^^^^^
  File "C:\Python314\Lib\asyncio\proactor_events.py", line 165, in _call_connection_lost
    self._sock.shutdown(socket.SHUT_RDWR)
    ~~~~~~~~~~~~~~~~~~~^^^^^^^^^^^^^^^^^^
ConnectionResetError: [WinError 10054] Eine vorhandene Verbindung wurde vom Remotehost geschlossen
WARNING:  Unsupported upgrade request.
WARNING:  No supported WebSocket library detected. Please use "pip install 'uvicorn[standard]'", or install 'websockets' or 'wsproto' manually.
2026-07-09 03:49:02,031 - asyncio - ERROR - Exception in callback _ProactorBasePipeTransport._call_connection_lost()
handle: <Handle _ProactorBasePipeTransport._call_connection_lost()>
Traceback (most recent call last):
  File "C:\Python314\Lib\asyncio\events.py", line 94, in _run
    self._context.run(self._callback, *self._args)
    ~~~~~~~~~~~~~~~~~^^^^^^^^^^^^^^^^^^^^^^^^^^^^^
  File "C:\Python314\Lib\asyncio\proactor_events.py", line 165, in _call_connection_lost
    self._sock.shutdown(socket.SHUT_RDWR)
    ~~~~~~~~~~~~~~~~~~~^^^^^^^^^^^^^^^^^^
ConnectionResetError: [WinError 10054] Eine vorhandene Verbindung wurde vom Remotehost geschlossen
WARNING:  Unsupported upgrade request.
WARNING:  No supported WebSocket library detected. Please use "pip install 'uvicorn[standard]'", or install 'websockets' or 'wsproto' manually.
2026-07-09 03:49:02,328 - asyncio - ERROR - Exception in callback _ProactorBasePipeTransport._call_connection_lost()
handle: <Handle _ProactorBasePipeTransport._call_connection_lost()>
Traceback (most recent call last):
  File "C:\Python314\Lib\asyncio\events.py", line 94, in _run
    self._context.run(self._callback, *self._args)
    ~~~~~~~~~~~~~~~~~^^^^^^^^^^^^^^^^^^^^^^^^^^^^^
  File "C:\Python314\Lib\asyncio\proactor_events.py", line 165, in _call_connection_lost
    self._sock.shutdown(socket.SHUT_RDWR)
    ~~~~~~~~~~~~~~~~~~~^^^^^^^^^^^^^^^^^^
ConnectionResetError: [WinError 10054] Eine vorhandene Verbindung wurde vom Remotehost geschlossen
WARNING:  Unsupported upgrade request.
WARNING:  No supported WebSocket library detected. Please use "pip install 'uvicorn[standard]'", or install 'websockets' or 'wsproto' manually.
WARNING:  Unsupported upgrade request.
WARNING:  No supported WebSocket library detected. Please use "pip install 'uvicorn[standard]'", or install 'websockets' or 'wsproto' manually.
WARNING:  Unsupported upgrade request.
WARNING:  No supported WebSocket library detected. Please use "pip install 'uvicorn[standard]'", or install 'websockets' or 'wsproto' manually.
WARNING:  Unsupported upgrade request.
WARNING:  No supported WebSocket library detected. Please use "pip install 'uvicorn[standard]'", or install 'websockets' or 'wsproto' manually.
2026-07-09 03:49:06,280 - asyncio - ERROR - Exception in callback _ProactorBasePipeTransport._call_connection_lost()
handle: <Handle _ProactorBasePipeTransport._call_connection_lost()>
Traceback (most recent call last):
  File "C:\Python314\Lib\asyncio\events.py", line 94, in _run
    self._context.run(self._callback, *self._args)
    ~~~~~~~~~~~~~~~~~^^^^^^^^^^^^^^^^^^^^^^^^^^^^^
  File "C:\Python314\Lib\asyncio\proactor_events.py", line 165, in _call_connection_lost
    self._sock.shutdown(socket.SHUT_RDWR)
    ~~~~~~~~~~~~~~~~~~~^^^^^^^^^^^^^^^^^^
ConnectionResetError: [WinError 10054] Eine vorhandene Verbindung wurde vom Remotehost geschlossen
WARNING:  Unsupported upgrade request.
WARNING:  No supported WebSocket library detected. Please use "pip install 'uvicorn[standard]'", or install 'websockets' or 'wsproto' manually.
WARNING:  Unsupported upgrade request.
WARNING:  No supported WebSocket library detected. Please use "pip install 'uvicorn[standard]'", or install 'websockets' or 'wsproto' manually.
2026-07-09 03:49:08,469 - asyncio - ERROR - Exception in callback _ProactorBasePipeTransport._call_connection_lost()
handle: <Handle _ProactorBasePipeTransport._call_connection_lost()>
Traceback (most recent call last):
  File "C:\Python314\Lib\asyncio\events.py", line 94, in _run
    self._context.run(self._callback, *self._args)
    ~~~~~~~~~~~~~~~~~^^^^^^^^^^^^^^^^^^^^^^^^^^^^^
  File "C:\Python314\Lib\asyncio\proactor_events.py", line 165, in _call_connection_lost
    self._sock.shutdown(socket.SHUT_RDWR)
    ~~~~~~~~~~~~~~~~~~~^^^^^^^^^^^^^^^^^^
ConnectionResetError: [WinError 10054] Eine vorhandene Verbindung wurde vom Remotehost geschlossen
WARNING:  Unsupported upgrade request.
WARNING:  No supported WebSocket library detected. Please use "pip install 'uvicorn[standard]'", or install 'websockets' or 'wsproto' manually.
WARNING:  Unsupported upgrade request.
WARNING:  No supported WebSocket library detected. Please use "pip install 'uvicorn[standard]'", or install 'websockets' or 'wsproto' manually.
2026-07-09 03:49:10,325 - asyncio - ERROR - Exception in callback _ProactorBasePipeTransport._call_connection_lost()
handle: <Handle _ProactorBasePipeTransport._call_connection_lost()>
Traceback (most recent call last):
  File "C:\Python314\Lib\asyncio\events.py", line 94, in _run
    self._context.run(self._callback, *self._args)
    ~~~~~~~~~~~~~~~~~^^^^^^^^^^^^^^^^^^^^^^^^^^^^^
  File "C:\Python314\Lib\asyncio\proactor_events.py", line 165, in _call_connection_lost
    self._sock.shutdown(socket.SHUT_RDWR)
    ~~~~~~~~~~~~~~~~~~~^^^^^^^^^^^^^^^^^^
ConnectionResetError: [WinError 10054] Eine vorhandene Verbindung wurde vom Remotehost geschlossen
WARNING:  Unsupported upgrade request.
WARNING:  No supported WebSocket library detected. Please use "pip install 'uvicorn[standard]'", or install 'websockets' or 'wsproto' manually.
2026-07-09 03:49:11,276 - asyncio - ERROR - Exception in callback _ProactorBasePipeTransport._call_connection_lost()
handle: <Handle _ProactorBasePipeTransport._call_connection_lost()>
Traceback (most recent call last):
  File "C:\Python314\Lib\asyncio\events.py", line 94, in _run
    self._context.run(self._callback, *self._args)
    ~~~~~~~~~~~~~~~~~^^^^^^^^^^^^^^^^^^^^^^^^^^^^^
  File "C:\Python314\Lib\asyncio\proactor_events.py", line 165, in _call_connection_lost
    self._sock.shutdown(socket.SHUT_RDWR)
    ~~~~~~~~~~~~~~~~~~~^^^^^^^^^^^^^^^^^^
ConnectionResetError: [WinError 10054] Eine vorhandene Verbindung wurde vom Remotehost geschlossen
WARNING:  Unsupported upgrade request.
WARNING:  No supported WebSocket library detected. Please use "pip install 'uvicorn[standard]'", or install 'websockets' or 'wsproto' manually.
WARNING:  Unsupported upgrade request.
WARNING:  No supported WebSocket library detected. Please use "pip install 'uvicorn[standard]'", or install 'websockets' or 'wsproto' manually.
WARNING:  Unsupported upgrade request.
WARNING:  No supported WebSocket library detected. Please use "pip install 'uvicorn[standard]'", or install 'websockets' or 'wsproto' manually.
2026-07-09 03:49:14,073 - asyncio - ERROR - Exception in callback _ProactorBasePipeTransport._call_connection_lost()
handle: <Handle _ProactorBasePipeTransport._call_connection_lost()>
Traceback (most recent call last):
  File "C:\Python314\Lib\asyncio\events.py", line 94, in _run
    self._context.run(self._callback, *self._args)
    ~~~~~~~~~~~~~~~~~^^^^^^^^^^^^^^^^^^^^^^^^^^^^^
  File "C:\Python314\Lib\asyncio\proactor_events.py", line 165, in _call_connection_lost
    self._sock.shutdown(socket.SHUT_RDWR)
    ~~~~~~~~~~~~~~~~~~~^^^^^^^^^^^^^^^^^^
ConnectionResetError: [WinError 10054] Eine vorhandene Verbindung wurde vom Remotehost geschlossen
WARNING:  Unsupported upgrade request.
WARNING:  No supported WebSocket library detected. Please use "pip install 'uvicorn[standard]'", or install 'websockets' or 'wsproto' manually.
WARNING:  Unsupported upgrade request.
WARNING:  No supported WebSocket library detected. Please use "pip install 'uvicorn[standard]'", or install 'websockets' or 'wsproto' manually.
WARNING:  Unsupported upgrade request.
WARNING:  No supported WebSocket library detected. Please use "pip install 'uvicorn[standard]'", or install 'websockets' or 'wsproto' manually.
WARNING:  Unsupported upgrade request.
WARNING:  No supported WebSocket library detected. Please use "pip install 'uvicorn[standard]'", or install 'websockets' or 'wsproto' manually.
2026-07-09 03:49:18,079 - asyncio - ERROR - Exception in callback _ProactorBasePipeTransport._call_connection_lost()
handle: <Handle _ProactorBasePipeTransport._call_connection_lost()>
Traceback (most recent call last):
  File "C:\Python314\Lib\asyncio\events.py", line 94, in _run
    self._context.run(self._callback, *self._args)
    ~~~~~~~~~~~~~~~~~^^^^^^^^^^^^^^^^^^^^^^^^^^^^^
  File "C:\Python314\Lib\asyncio\proactor_events.py", line 165, in _call_connection_lost
    self._sock.shutdown(socket.SHUT_RDWR)
    ~~~~~~~~~~~~~~~~~~~^^^^^^^^^^^^^^^^^^
ConnectionResetError: [WinError 10054] Eine vorhandene Verbindung wurde vom Remotehost geschlossen
WARNING:  Unsupported upgrade request.
WARNING:  No supported WebSocket library detected. Please use "pip install 'uvicorn[standard]'", or install 'websockets' or 'wsproto' manually.
2026-07-09 03:49:18,524 - asyncio - ERROR - Exception in callback _ProactorBasePipeTransport._call_connection_lost()
handle: <Handle _ProactorBasePipeTransport._call_connection_lost()>
Traceback (most recent call last):
  File "C:\Python314\Lib\asyncio\events.py", line 94, in _run
    self._context.run(self._callback, *self._args)
    ~~~~~~~~~~~~~~~~~^^^^^^^^^^^^^^^^^^^^^^^^^^^^^
  File "C:\Python314\Lib\asyncio\proactor_events.py", line 165, in _call_connection_lost
    self._sock.shutdown(socket.SHUT_RDWR)
    ~~~~~~~~~~~~~~~~~~~^^^^^^^^^^^^^^^^^^
ConnectionResetError: [WinError 10054] Eine vorhandene Verbindung wurde vom Remotehost geschlossen
WARNING:  Unsupported upgrade request.
WARNING:  No supported WebSocket library detected. Please use "pip install 'uvicorn[standard]'", or install 'websockets' or 'wsproto' manually.
WARNING:  Unsupported upgrade request.
WARNING:  No supported WebSocket library detected. Please use "pip install 'uvicorn[standard]'", or install 'websockets' or 'wsproto' manually.
WARNING:  Unsupported upgrade request.
WARNING:  No supported WebSocket library detected. Please use "pip install 'uvicorn[standard]'", or install 'websockets' or 'wsproto' manually.
WARNING:  Unsupported upgrade request.
WARNING:  No supported WebSocket library detected. Please use "pip install 'uvicorn[standard]'", or install 'websockets' or 'wsproto' manually.
2026-07-09 03:49:22,813 - asyncio - ERROR - Exception in callback _ProactorBasePipeTransport._call_connection_lost()
handle: <Handle _ProactorBasePipeTransport._call_connection_lost()>
Traceback (most recent call last):
  File "C:\Python314\Lib\asyncio\events.py", line 94, in _run
    self._context.run(self._callback, *self._args)
    ~~~~~~~~~~~~~~~~~^^^^^^^^^^^^^^^^^^^^^^^^^^^^^
  File "C:\Python314\Lib\asyncio\proactor_events.py", line 165, in _call_connection_lost
    self._sock.shutdown(socket.SHUT_RDWR)
    ~~~~~~~~~~~~~~~~~~~^^^^^^^^^^^^^^^^^^
ConnectionResetError: [WinError 10054] Eine vorhandene Verbindung wurde vom Remotehost geschlossen
WARNING:  Unsupported upgrade request.
WARNING:  No supported WebSocket library detected. Please use "pip install 'uvicorn[standard]'", or install 'websockets' or 'wsproto' manually.
2026-07-09 03:49:23,742 - asyncio - ERROR - Exception in callback _ProactorBasePipeTransport._call_connection_lost()
handle: <Handle _ProactorBasePipeTransport._call_connection_lost()>
Traceback (most recent call last):
  File "C:\Python314\Lib\asyncio\events.py", line 94, in _run
    self._context.run(self._callback, *self._args)
    ~~~~~~~~~~~~~~~~~^^^^^^^^^^^^^^^^^^^^^^^^^^^^^
  File "C:\Python314\Lib\asyncio\proactor_events.py", line 165, in _call_connection_lost
    self._sock.shutdown(socket.SHUT_RDWR)
    ~~~~~~~~~~~~~~~~~~~^^^^^^^^^^^^^^^^^^
ConnectionResetError: [WinError 10054] Eine vorhandene Verbindung wurde vom Remotehost geschlossen
WARNING:  Unsupported upgrade request.
WARNING:  No supported WebSocket library detected. Please use "pip install 'uvicorn[standard]'", or install 'websockets' or 'wsproto' manually.
2026-07-09 03:49:25,372 - asyncio - ERROR - Exception in callback _ProactorBasePipeTransport._call_connection_lost()
handle: <Handle _ProactorBasePipeTransport._call_connection_lost()>
Traceback (most recent call last):
  File "C:\Python314\Lib\asyncio\events.py", line 94, in _run
    self._context.run(self._callback, *self._args)
    ~~~~~~~~~~~~~~~~~^^^^^^^^^^^^^^^^^^^^^^^^^^^^^
  File "C:\Python314\Lib\asyncio\proactor_events.py", line 165, in _call_connection_lost
    self._sock.shutdown(socket.SHUT_RDWR)
    ~~~~~~~~~~~~~~~~~~~^^^^^^^^^^^^^^^^^^
ConnectionResetError: [WinError 10054] Eine vorhandene Verbindung wurde vom Remotehost geschlossen
WARNING:  Unsupported upgrade request.
WARNING:  No supported WebSocket library detected. Please use "pip install 'uvicorn[standard]'", or install 'websockets' or 'wsproto' manually.
WARNING:  Unsupported upgrade request.
WARNING:  No supported WebSocket library detected. Please use "pip install 'uvicorn[standard]'", or install 'websockets' or 'wsproto' manually.
WARNING:  Unsupported upgrade request.
WARNING:  No supported WebSocket library detected. Please use "pip install 'uvicorn[standard]'", or install 'websockets' or 'wsproto' manually.
2026-07-09 03:49:27,836 - asyncio - ERROR - Exception in callback _ProactorBasePipeTransport._call_connection_lost()
handle: <Handle _ProactorBasePipeTransport._call_connection_lost()>
Traceback (most recent call last):
  File "C:\Python314\Lib\asyncio\events.py", line 94, in _run
    self._context.run(self._callback, *self._args)
    ~~~~~~~~~~~~~~~~~^^^^^^^^^^^^^^^^^^^^^^^^^^^^^
  File "C:\Python314\Lib\asyncio\proactor_events.py", line 165, in _call_connection_lost
    self._sock.shutdown(socket.SHUT_RDWR)
    ~~~~~~~~~~~~~~~~~~~^^^^^^^^^^^^^^^^^^
ConnectionResetError: [WinError 10054] Eine vorhandene Verbindung wurde vom Remotehost geschlossen
WARNING:  Unsupported upgrade request.
WARNING:  No supported WebSocket library detected. Please use "pip install 'uvicorn[standard]'", or install 'websockets' or 'wsproto' manually.
WARNING:  Unsupported upgrade request.
WARNING:  No supported WebSocket library detected. Please use "pip install 'uvicorn[standard]'", or install 'websockets' or 'wsproto' manually.
2026-07-09 03:49:30,095 - asyncio - ERROR - Exception in callback _ProactorBasePipeTransport._call_connection_lost()
handle: <Handle _ProactorBasePipeTransport._call_connection_lost()>
Traceback (most recent call last):
  File "C:\Python314\Lib\asyncio\events.py", line 94, in _run
    self._context.run(self._callback, *self._args)
    ~~~~~~~~~~~~~~~~~^^^^^^^^^^^^^^^^^^^^^^^^^^^^^
  File "C:\Python314\Lib\asyncio\proactor_events.py", line 165, in _call_connection_lost
    self._sock.shutdown(socket.SHUT_RDWR)
    ~~~~~~~~~~~~~~~~~~~^^^^^^^^^^^^^^^^^^
ConnectionResetError: [WinError 10054] Eine vorhandene Verbindung wurde vom Remotehost geschlossen
WARNING:  Unsupported upgrade request.
WARNING:  No supported WebSocket library detected. Please use "pip install 'uvicorn[standard]'", or install 'websockets' or 'wsproto' manually.
WARNING:  Unsupported upgrade request.
WARNING:  No supported WebSocket library detected. Please use "pip install 'uvicorn[standard]'", or install 'websockets' or 'wsproto' manually.
2026-07-09 03:49:31,371 - asyncio - ERROR - Exception in callback _ProactorBasePipeTransport._call_connection_lost()
handle: <Handle _ProactorBasePipeTransport._call_connection_lost()>
Traceback (most recent call last):
  File "C:\Python314\Lib\asyncio\events.py", line 94, in _run
    self._context.run(self._callback, *self._args)
    ~~~~~~~~~~~~~~~~~^^^^^^^^^^^^^^^^^^^^^^^^^^^^^
  File "C:\Python314\Lib\asyncio\proactor_events.py", line 165, in _call_connection_lost
    self._sock.shutdown(socket.SHUT_RDWR)
    ~~~~~~~~~~~~~~~~~~~^^^^^^^^^^^^^^^^^^
ConnectionResetError: [WinError 10054] Eine vorhandene Verbindung wurde vom Remotehost geschlossen
WARNING:  Unsupported upgrade request.
WARNING:  No supported WebSocket library detected. Please use "pip install 'uvicorn[standard]'", or install 'websockets' or 'wsproto' manually.
WARNING:  Unsupported upgrade request.
WARNING:  No supported WebSocket library detected. Please use "pip install 'uvicorn[standard]'", or install 'websockets' or 'wsproto' manually.
2026-07-09 03:49:34,110 - asyncio - ERROR - Exception in callback _ProactorBasePipeTransport._call_connection_lost()
handle: <Handle _ProactorBasePipeTransport._call_connection_lost()>
Traceback (most recent call last):
  File "C:\Python314\Lib\asyncio\events.py", line 94, in _run
    self._context.run(self._callback, *self._args)
    ~~~~~~~~~~~~~~~~~^^^^^^^^^^^^^^^^^^^^^^^^^^^^^
  File "C:\Python314\Lib\asyncio\proactor_events.py", line 165, in _call_connection_lost
    self._sock.shutdown(socket.SHUT_RDWR)
    ~~~~~~~~~~~~~~~~~~~^^^^^^^^^^^^^^^^^^
ConnectionResetError: [WinError 10054] Eine vorhandene Verbindung wurde vom Remotehost geschlossen
WARNING:  Unsupported upgrade request.
WARNING:  No supported WebSocket library detected. Please use "pip install 'uvicorn[standard]'", or install 'websockets' or 'wsproto' manually.
WARNING:  Unsupported upgrade request.
WARNING:  No supported WebSocket library detected. Please use "pip install 'uvicorn[standard]'", or install 'websockets' or 'wsproto' manually.
WARNING:  Unsupported upgrade request.
WARNING:  No supported WebSocket library detected. Please use "pip install 'uvicorn[standard]'", or install 'websockets' or 'wsproto' manually.
WARNING:  Unsupported upgrade request.
WARNING:  No supported WebSocket library detected. Please use "pip install 'uvicorn[standard]'", or install 'websockets' or 'wsproto' manually.
WARNING:  Unsupported upgrade request.
WARNING:  No supported WebSocket library detected. Please use "pip install 'uvicorn[standard]'", or install 'websockets' or 'wsproto' manually.
2026-07-09 03:49:38,117 - asyncio - ERROR - Exception in callback _ProactorBasePipeTransport._call_connection_lost()
handle: <Handle _ProactorBasePipeTransport._call_connection_lost()>
Traceback (most recent call last):
  File "C:\Python314\Lib\asyncio\events.py", line 94, in _run
    self._context.run(self._callback, *self._args)
    ~~~~~~~~~~~~~~~~~^^^^^^^^^^^^^^^^^^^^^^^^^^^^^
  File "C:\Python314\Lib\asyncio\proactor_events.py", line 165, in _call_connection_lost
    self._sock.shutdown(socket.SHUT_RDWR)
    ~~~~~~~~~~~~~~~~~~~^^^^^^^^^^^^^^^^^^
ConnectionResetError: [WinError 10054] Eine vorhandene Verbindung wurde vom Remotehost geschlossen
WARNING:  Unsupported upgrade request.
WARNING:  No supported WebSocket library detected. Please use "pip install 'uvicorn[standard]'", or install 'websockets' or 'wsproto' manually.
2026-07-09 03:49:40,581 - asyncio - ERROR - Exception in callback _ProactorBasePipeTransport._call_connection_lost()
handle: <Handle _ProactorBasePipeTransport._call_connection_lost()>
Traceback (most recent call last):
  File "C:\Python314\Lib\asyncio\events.py", line 94, in _run
    self._context.run(self._callback, *self._args)
    ~~~~~~~~~~~~~~~~~^^^^^^^^^^^^^^^^^^^^^^^^^^^^^
  File "C:\Python314\Lib\asyncio\proactor_events.py", line 165, in _call_connection_lost
    self._sock.shutdown(socket.SHUT_RDWR)
    ~~~~~~~~~~~~~~~~~~~^^^^^^^^^^^^^^^^^^
ConnectionResetError: [WinError 10054] Eine vorhandene Verbindung wurde vom Remotehost geschlossen
WARNING:  Unsupported upgrade request.
WARNING:  No supported WebSocket library detected. Please use "pip install 'uvicorn[standard]'", or install 'websockets' or 'wsproto' manually.
WARNING:  Unsupported upgrade request.
WARNING:  No supported WebSocket library detected. Please use "pip install 'uvicorn[standard]'", or install 'websockets' or 'wsproto' manually.
2026-07-09 03:49:41,384 - asyncio - ERROR - Exception in callback _ProactorBasePipeTransport._call_connection_lost()
handle: <Handle _ProactorBasePipeTransport._call_connection_lost()>
Traceback (most recent call last):
  File "C:\Python314\Lib\asyncio\events.py", line 94, in _run
    self._context.run(self._callback, *self._args)
    ~~~~~~~~~~~~~~~~~^^^^^^^^^^^^^^^^^^^^^^^^^^^^^
  File "C:\Python314\Lib\asyncio\proactor_events.py", line 165, in _call_connection_lost
    self._sock.shutdown(socket.SHUT_RDWR)
    ~~~~~~~~~~~~~~~~~~~^^^^^^^^^^^^^^^^^^
ConnectionResetError: [WinError 10054] Eine vorhandene Verbindung wurde vom Remotehost geschlossen
WARNING:  Unsupported upgrade request.
WARNING:  No supported WebSocket library detected. Please use "pip install 'uvicorn[standard]'", or install 'websockets' or 'wsproto' manually.
2026-07-09 03:49:42,129 - asyncio - ERROR - Exception in callback _ProactorBasePipeTransport._call_connection_lost()
handle: <Handle _ProactorBasePipeTransport._call_connection_lost()>
Traceback (most recent call last):
  File "C:\Python314\Lib\asyncio\events.py", line 94, in _run
    self._context.run(self._callback, *self._args)
    ~~~~~~~~~~~~~~~~~^^^^^^^^^^^^^^^^^^^^^^^^^^^^^
  File "C:\Python314\Lib\asyncio\proactor_events.py", line 165, in _call_connection_lost
    self._sock.shutdown(socket.SHUT_RDWR)
    ~~~~~~~~~~~~~~~~~~~^^^^^^^^^^^^^^^^^^
ConnectionResetError: [WinError 10054] Eine vorhandene Verbindung wurde vom Remotehost geschlossen
WARNING:  Unsupported upgrade request.
WARNING:  No supported WebSocket library detected. Please use "pip install 'uvicorn[standard]'", or install 'websockets' or 'wsproto' manually.
WARNING:  Unsupported upgrade request.
WARNING:  No supported WebSocket library detected. Please use "pip install 'uvicorn[standard]'", or install 'websockets' or 'wsproto' manually.
2026-07-09 03:49:45,588 - asyncio - ERROR - Exception in callback _ProactorBasePipeTransport._call_connection_lost()
handle: <Handle _ProactorBasePipeTransport._call_connection_lost()>
Traceback (most recent call last):
  File "C:\Python314\Lib\asyncio\events.py", line 94, in _run
    self._context.run(self._callback, *self._args)
    ~~~~~~~~~~~~~~~~~^^^^^^^^^^^^^^^^^^^^^^^^^^^^^
  File "C:\Python314\Lib\asyncio\proactor_events.py", line 165, in _call_connection_lost
    self._sock.shutdown(socket.SHUT_RDWR)
    ~~~~~~~~~~~~~~~~~~~^^^^^^^^^^^^^^^^^^
ConnectionResetError: [WinError 10054] Eine vorhandene Verbindung wurde vom Remotehost geschlossen
WARNING:  Unsupported upgrade request.
WARNING:  No supported WebSocket library detected. Please use "pip install 'uvicorn[standard]'", or install 'websockets' or 'wsproto' manually.
WARNING:  Unsupported upgrade request.
WARNING:  No supported WebSocket library detected. Please use "pip install 'uvicorn[standard]'", or install 'websockets' or 'wsproto' manually.
WARNING:  Unsupported upgrade request.
WARNING:  No supported WebSocket library detected. Please use "pip install 'uvicorn[standard]'", or install 'websockets' or 'wsproto' manually.
WARNING:  Unsupported upgrade request.
WARNING:  No supported WebSocket library detected. Please use "pip install 'uvicorn[standard]'", or install 'websockets' or 'wsproto' manually.
2026-07-09 03:49:48,432 - asyncio - ERROR - Exception in callback _ProactorBasePipeTransport._call_connection_lost()
handle: <Handle _ProactorBasePipeTransport._call_connection_lost()>
Traceback (most recent call last):
  File "C:\Python314\Lib\asyncio\events.py", line 94, in _run
    self._context.run(self._callback, *self._args)
    ~~~~~~~~~~~~~~~~~^^^^^^^^^^^^^^^^^^^^^^^^^^^^^
  File "C:\Python314\Lib\asyncio\proactor_events.py", line 165, in _call_connection_lost
    self._sock.shutdown(socket.SHUT_RDWR)
    ~~~~~~~~~~~~~~~~~~~^^^^^^^^^^^^^^^^^^
ConnectionResetError: [WinError 10054] Eine vorhandene Verbindung wurde vom Remotehost geschlossen
WARNING:  Unsupported upgrade request.
WARNING:  No supported WebSocket library detected. Please use "pip install 'uvicorn[standard]'", or install 'websockets' or 'wsproto' manually.
WARNING:  Unsupported upgrade request.
WARNING:  No supported WebSocket library detected. Please use "pip install 'uvicorn[standard]'", or install 'websockets' or 'wsproto' manually.
WARNING:  Unsupported upgrade request.
WARNING:  No supported WebSocket library detected. Please use "pip install 'uvicorn[standard]'", or install 'websockets' or 'wsproto' manually.
WARNING:  Unsupported upgrade request.
WARNING:  No supported WebSocket library detected. Please use "pip install 'uvicorn[standard]'", or install 'websockets' or 'wsproto' manually.
WARNING:  Unsupported upgrade request.
WARNING:  No supported WebSocket library detected. Please use "pip install 'uvicorn[standard]'", or install 'websockets' or 'wsproto' manually.
WARNING:  Unsupported upgrade request.
WARNING:  No supported WebSocket library detected. Please use "pip install 'uvicorn[standard]'", or install 'websockets' or 'wsproto' manually.
WARNING:  Unsupported upgrade request.
WARNING:  No supported WebSocket library detected. Please use "pip install 'uvicorn[standard]'", or install 'websockets' or 'wsproto' manually.
WARNING:  Unsupported upgrade request.
WARNING:  No supported WebSocket library detected. Please use "pip install 'uvicorn[standard]'", or install 'websockets' or 'wsproto' manually.
2026-07-09 03:49:57,151 - asyncio - ERROR - Exception in callback _ProactorBasePipeTransport._call_connection_lost()
handle: <Handle _ProactorBasePipeTransport._call_connection_lost()>
Traceback (most recent call last):
  File "C:\Python314\Lib\asyncio\events.py", line 94, in _run
    self._context.run(self._callback, *self._args)
    ~~~~~~~~~~~~~~~~~^^^^^^^^^^^^^^^^^^^^^^^^^^^^^
  File "C:\Python314\Lib\asyncio\proactor_events.py", line 165, in _call_connection_lost
    self._sock.shutdown(socket.SHUT_RDWR)
    ~~~~~~~~~~~~~~~~~~~^^^^^^^^^^^^^^^^^^
ConnectionResetError: [WinError 10054] Eine vorhandene Verbindung wurde vom Remotehost geschlossen
WARNING:  Unsupported upgrade request.
WARNING:  No supported WebSocket library detected. Please use "pip install 'uvicorn[standard]'", or install 'websockets' or 'wsproto' manually.
2026-07-09 03:49:57,395 - asyncio - ERROR - Exception in callback _ProactorBasePipeTransport._call_connection_lost()
handle: <Handle _ProactorBasePipeTransport._call_connection_lost()>
Traceback (most recent call last):
  File "C:\Python314\Lib\asyncio\events.py", line 94, in _run
    self._context.run(self._callback, *self._args)
    ~~~~~~~~~~~~~~~~~^^^^^^^^^^^^^^^^^^^^^^^^^^^^^
  File "C:\Python314\Lib\asyncio\proactor_events.py", line 165, in _call_connection_lost
    self._sock.shutdown(socket.SHUT_RDWR)
    ~~~~~~~~~~~~~~~~~~~^^^^^^^^^^^^^^^^^^
ConnectionResetError: [WinError 10054] Eine vorhandene Verbindung wurde vom Remotehost geschlossen
WARNING:  Unsupported upgrade request.
WARNING:  No supported WebSocket library detected. Please use "pip install 'uvicorn[standard]'", or install 'websockets' or 'wsproto' manually.
2026-07-09 03:49:58,194 - asyncio - ERROR - Exception in callback _ProactorBasePipeTransport._call_connection_lost()
handle: <Handle _ProactorBasePipeTransport._call_connection_lost()>
Traceback (most recent call last):
  File "C:\Python314\Lib\asyncio\events.py", line 94, in _run
    self._context.run(self._callback, *self._args)
    ~~~~~~~~~~~~~~~~~^^^^^^^^^^^^^^^^^^^^^^^^^^^^^
  File "C:\Python314\Lib\asyncio\proactor_events.py", line 165, in _call_connection_lost
    self._sock.shutdown(socket.SHUT_RDWR)
    ~~~~~~~~~~~~~~~~~~~^^^^^^^^^^^^^^^^^^
ConnectionResetError: [WinError 10054] Eine vorhandene Verbindung wurde vom Remotehost geschlossen
WARNING:  Unsupported upgrade request.
WARNING:  No supported WebSocket library detected. Please use "pip install 'uvicorn[standard]'", or install 'websockets' or 'wsproto' manually.
2026-07-09 03:50:00,007 - asyncio - ERROR - Exception in callback _ProactorBasePipeTransport._call_connection_lost()
handle: <Handle _ProactorBasePipeTransport._call_connection_lost()>
Traceback (most recent call last):
  File "C:\Python314\Lib\asyncio\events.py", line 94, in _run
    self._context.run(self._callback, *self._args)
    ~~~~~~~~~~~~~~~~~^^^^^^^^^^^^^^^^^^^^^^^^^^^^^
  File "C:\Python314\Lib\asyncio\proactor_events.py", line 165, in _call_connection_lost
    self._sock.shutdown(socket.SHUT_RDWR)
    ~~~~~~~~~~~~~~~~~~~^^^^^^^^^^^^^^^^^^
ConnectionResetError: [WinError 10054] Eine vorhandene Verbindung wurde vom Remotehost geschlossen
WARNING:  Unsupported upgrade request.
WARNING:  No supported WebSocket library detected. Please use "pip install 'uvicorn[standard]'", or install 'websockets' or 'wsproto' manually.
WARNING:  Unsupported upgrade request.
WARNING:  No supported WebSocket library detected. Please use "pip install 'uvicorn[standard]'", or install 'websockets' or 'wsproto' manually.
WARNING:  Unsupported upgrade request.
WARNING:  No supported WebSocket library detected. Please use "pip install 'uvicorn[standard]'", or install 'websockets' or 'wsproto' manually.
WARNING:  Unsupported upgrade request.
WARNING:  No supported WebSocket library detected. Please use "pip install 'uvicorn[standard]'", or install 'websockets' or 'wsproto' manually.
WARNING:  Unsupported upgrade request.
WARNING:  No supported WebSocket library detected. Please use "pip install 'uvicorn[standard]'", or install 'websockets' or 'wsproto' manually.
WARNING:  Unsupported upgrade request.
WARNING:  No supported WebSocket library detected. Please use "pip install 'uvicorn[standard]'", or install 'websockets' or 'wsproto' manually.
2026-07-09 03:50:06,236 - asyncio - ERROR - Exception in callback _ProactorBasePipeTransport._call_connection_lost()
handle: <Handle _ProactorBasePipeTransport._call_connection_lost()>
Traceback (most recent call last):
  File "C:\Python314\Lib\asyncio\events.py", line 94, in _run
    self._context.run(self._callback, *self._args)
    ~~~~~~~~~~~~~~~~~^^^^^^^^^^^^^^^^^^^^^^^^^^^^^
  File "C:\Python314\Lib\asyncio\proactor_events.py", line 165, in _call_connection_lost
    self._sock.shutdown(socket.SHUT_RDWR)
    ~~~~~~~~~~~~~~~~~~~^^^^^^^^^^^^^^^^^^
ConnectionResetError: [WinError 10054] Eine vorhandene Verbindung wurde vom Remotehost geschlossen
WARNING:  Unsupported upgrade request.
WARNING:  No supported WebSocket library detected. Please use "pip install 'uvicorn[standard]'", or install 'websockets' or 'wsproto' manually.
WARNING:  Unsupported upgrade request.
WARNING:  No supported WebSocket library detected. Please use "pip install 'uvicorn[standard]'", or install 'websockets' or 'wsproto' manually.
2026-07-09 03:50:07,179 - asyncio - ERROR - Exception in callback _ProactorBasePipeTransport._call_connection_lost()
handle: <Handle _ProactorBasePipeTransport._call_connection_lost()>
Traceback (most recent call last):
  File "C:\Python314\Lib\asyncio\events.py", line 94, in _run
    self._context.run(self._callback, *self._args)
    ~~~~~~~~~~~~~~~~~^^^^^^^^^^^^^^^^^^^^^^^^^^^^^
  File "C:\Python314\Lib\asyncio\proactor_events.py", line 165, in _call_connection_lost
    self._sock.shutdown(socket.SHUT_RDWR)
    ~~~~~~~~~~~~~~~~~~~^^^^^^^^^^^^^^^^^^
ConnectionResetError: [WinError 10054] Eine vorhandene Verbindung wurde vom Remotehost geschlossen
WARNING:  Unsupported upgrade request.
WARNING:  No supported WebSocket library detected. Please use "pip install 'uvicorn[standard]'", or install 'websockets' or 'wsproto' manually.
WARNING:  Unsupported upgrade request.
WARNING:  No supported WebSocket library detected. Please use "pip install 'uvicorn[standard]'", or install 'websockets' or 'wsproto' manually.
WARNING:  Unsupported upgrade request.
WARNING:  No supported WebSocket library detected. Please use "pip install 'uvicorn[standard]'", or install 'websockets' or 'wsproto' manually.
WARNING:  Unsupported upgrade request.
WARNING:  No supported WebSocket library detected. Please use "pip install 'uvicorn[standard]'", or install 'websockets' or 'wsproto' manually.
WARNING:  Unsupported upgrade request.
WARNING:  No supported WebSocket library detected. Please use "pip install 'uvicorn[standard]'", or install 'websockets' or 'wsproto' manually.
2026-07-09 03:50:13,605 - asyncio - ERROR - Exception in callback _ProactorBasePipeTransport._call_connection_lost()
handle: <Handle _ProactorBasePipeTransport._call_connection_lost()>
Traceback (most recent call last):
  File "C:\Python314\Lib\asyncio\events.py", line 94, in _run
    self._context.run(self._callback, *self._args)
    ~~~~~~~~~~~~~~~~~^^^^^^^^^^^^^^^^^^^^^^^^^^^^^
  File "C:\Python314\Lib\asyncio\proactor_events.py", line 165, in _call_connection_lost
    self._sock.shutdown(socket.SHUT_RDWR)
    ~~~~~~~~~~~~~~~~~~~^^^^^^^^^^^^^^^^^^
ConnectionResetError: [WinError 10054] Eine vorhandene Verbindung wurde vom Remotehost geschlossen
WARNING:  Unsupported upgrade request.
WARNING:  No supported WebSocket library detected. Please use "pip install 'uvicorn[standard]'", or install 'websockets' or 'wsproto' manually.
WARNING:  Unsupported upgrade request.
WARNING:  No supported WebSocket library detected. Please use "pip install 'uvicorn[standard]'", or install 'websockets' or 'wsproto' manually.
WARNING:  Unsupported upgrade request.
WARNING:  No supported WebSocket library detected. Please use "pip install 'uvicorn[standard]'", or install 'websockets' or 'wsproto' manually.
WARNING:  Unsupported upgrade request.
WARNING:  No supported WebSocket library detected. Please use "pip install 'uvicorn[standard]'", or install 'websockets' or 'wsproto' manually.
WARNING:  Unsupported upgrade request.
WARNING:  No supported WebSocket library detected. Please use "pip install 'uvicorn[standard]'", or install 'websockets' or 'wsproto' manually.
2026-07-09 03:50:19,006 - asyncio - ERROR - Exception in callback _ProactorBasePipeTransport._call_connection_lost()
handle: <Handle _ProactorBasePipeTransport._call_connection_lost()>
Traceback (most recent call last):
  File "C:\Python314\Lib\asyncio\events.py", line 94, in _run
    self._context.run(self._callback, *self._args)
    ~~~~~~~~~~~~~~~~~^^^^^^^^^^^^^^^^^^^^^^^^^^^^^
  File "C:\Python314\Lib\asyncio\proactor_events.py", line 165, in _call_connection_lost
    self._sock.shutdown(socket.SHUT_RDWR)
    ~~~~~~~~~~~~~~~~~~~^^^^^^^^^^^^^^^^^^
ConnectionResetError: [WinError 10054] Eine vorhandene Verbindung wurde vom Remotehost geschlossen
WARNING:  Unsupported upgrade request.
WARNING:  No supported WebSocket library detected. Please use "pip install 'uvicorn[standard]'", or install 'websockets' or 'wsproto' manually.
WARNING:  Unsupported upgrade request.
WARNING:  No supported WebSocket library detected. Please use "pip install 'uvicorn[standard]'", or install 'websockets' or 'wsproto' manually.
WARNING:  Unsupported upgrade request.
WARNING:  No supported WebSocket library detected. Please use "pip install 'uvicorn[standard]'", or install 'websockets' or 'wsproto' manually.
2026-07-09 03:50:22,332 - asyncio - ERROR - Exception in callback _ProactorBasePipeTransport._call_connection_lost()
handle: <Handle _ProactorBasePipeTransport._call_connection_lost()>
Traceback (most recent call last):
  File "C:\Python314\Lib\asyncio\events.py", line 94, in _run
    self._context.run(self._callback, *self._args)
    ~~~~~~~~~~~~~~~~~^^^^^^^^^^^^^^^^^^^^^^^^^^^^^
  File "C:\Python314\Lib\asyncio\proactor_events.py", line 165, in _call_connection_lost
    self._sock.shutdown(socket.SHUT_RDWR)
    ~~~~~~~~~~~~~~~~~~~^^^^^^^^^^^^^^^^^^
ConnectionResetError: [WinError 10054] Eine vorhandene Verbindung wurde vom Remotehost geschlossen
WARNING:  Unsupported upgrade request.
WARNING:  No supported WebSocket library detected. Please use "pip install 'uvicorn[standard]'", or install 'websockets' or 'wsproto' manually.
WARNING:  Unsupported upgrade request.
WARNING:  No supported WebSocket library detected. Please use "pip install 'uvicorn[standard]'", or install 'websockets' or 'wsproto' manually.
WARNING:  Unsupported upgrade request.
WARNING:  No supported WebSocket library detected. Please use "pip install 'uvicorn[standard]'", or install 'websockets' or 'wsproto' manually.
2026-07-09 03:50:25,919 - asyncio - ERROR - Exception in callback _ProactorBasePipeTransport._call_connection_lost()
handle: <Handle _ProactorBasePipeTransport._call_connection_lost()>
Traceback (most recent call last):
  File "C:\Python314\Lib\asyncio\events.py", line 94, in _run
    self._context.run(self._callback, *self._args)
    ~~~~~~~~~~~~~~~~~^^^^^^^^^^^^^^^^^^^^^^^^^^^^^
  File "C:\Python314\Lib\asyncio\proactor_events.py", line 165, in _call_connection_lost
    self._sock.shutdown(socket.SHUT_RDWR)
    ~~~~~~~~~~~~~~~~~~~^^^^^^^^^^^^^^^^^^
ConnectionResetError: [WinError 10054] Eine vorhandene Verbindung wurde vom Remotehost geschlossen
WARNING:  Unsupported upgrade request.
WARNING:  No supported WebSocket library detected. Please use "pip install 'uvicorn[standard]'", or install 'websockets' or 'wsproto' manually.
WARNING:  Unsupported upgrade request.
WARNING:  No supported WebSocket library detected. Please use "pip install 'uvicorn[standard]'", or install 'websockets' or 'wsproto' manually.
WARNING:  Unsupported upgrade request.
WARNING:  No supported WebSocket library detected. Please use "pip install 'uvicorn[standard]'", or install 'websockets' or 'wsproto' manually.
WARNING:  Unsupported upgrade request.
WARNING:  No supported WebSocket library detected. Please use "pip install 'uvicorn[standard]'", or install 'websockets' or 'wsproto' manually.
WARNING:  Unsupported upgrade request.
WARNING:  No supported WebSocket library detected. Please use "pip install 'uvicorn[standard]'", or install 'websockets' or 'wsproto' manually.
2026-07-09 03:50:33,390 - asyncio - ERROR - Exception in callback _ProactorBasePipeTransport._call_connection_lost()
handle: <Handle _ProactorBasePipeTransport._call_connection_lost()>
Traceback (most recent call last):
  File "C:\Python314\Lib\asyncio\events.py", line 94, in _run
    self._context.run(self._callback, *self._args)
    ~~~~~~~~~~~~~~~~~^^^^^^^^^^^^^^^^^^^^^^^^^^^^^
  File "C:\Python314\Lib\asyncio\proactor_events.py", line 165, in _call_connection_lost
    self._sock.shutdown(socket.SHUT_RDWR)
    ~~~~~~~~~~~~~~~~~~~^^^^^^^^^^^^^^^^^^
ConnectionResetError: [WinError 10054] Eine vorhandene Verbindung wurde vom Remotehost geschlossen
WARNING:  Unsupported upgrade request.
WARNING:  No supported WebSocket library detected. Please use "pip install 'uvicorn[standard]'", or install 'websockets' or 'wsproto' manually.
2026-07-09 03:50:33,925 - asyncio - ERROR - Exception in callback _ProactorBasePipeTransport._call_connection_lost()
handle: <Handle _ProactorBasePipeTransport._call_connection_lost()>
Traceback (most recent call last):
  File "C:\Python314\Lib\asyncio\events.py", line 94, in _run
    self._context.run(self._callback, *self._args)
    ~~~~~~~~~~~~~~~~~^^^^^^^^^^^^^^^^^^^^^^^^^^^^^
  File "C:\Python314\Lib\asyncio\proactor_events.py", line 165, in _call_connection_lost
    self._sock.shutdown(socket.SHUT_RDWR)
    ~~~~~~~~~~~~~~~~~~~^^^^^^^^^^^^^^^^^^
ConnectionResetError: [WinError 10054] Eine vorhandene Verbindung wurde vom Remotehost geschlossen
WARNING:  Unsupported upgrade request.
WARNING:  No supported WebSocket library detected. Please use "pip install 'uvicorn[standard]'", or install 'websockets' or 'wsproto' manually.
WARNING:  Unsupported upgrade request.
WARNING:  No supported WebSocket library detected. Please use "pip install 'uvicorn[standard]'", or install 'websockets' or 'wsproto' manually.
WARNING:  Unsupported upgrade request.
WARNING:  No supported WebSocket library detected. Please use "pip install 'uvicorn[standard]'", or install 'websockets' or 'wsproto' manually.
WARNING:  Unsupported upgrade request.
WARNING:  No supported WebSocket library detected. Please use "pip install 'uvicorn[standard]'", or install 'websockets' or 'wsproto' manually.
WARNING:  Unsupported upgrade request.
WARNING:  No supported WebSocket library detected. Please use "pip install 'uvicorn[standard]'", or install 'websockets' or 'wsproto' manually.
2026-07-09 03:50:37,981 - asyncio - ERROR - Exception in callback _ProactorBasePipeTransport._call_connection_lost()
handle: <Handle _ProactorBasePipeTransport._call_connection_lost()>
Traceback (most recent call last):
  File "C:\Python314\Lib\asyncio\events.py", line 94, in _run
    self._context.run(self._callback, *self._args)
    ~~~~~~~~~~~~~~~~~^^^^^^^^^^^^^^^^^^^^^^^^^^^^^
  File "C:\Python314\Lib\asyncio\proactor_events.py", line 165, in _call_connection_lost
    self._sock.shutdown(socket.SHUT_RDWR)
    ~~~~~~~~~~~~~~~~~~~^^^^^^^^^^^^^^^^^^
ConnectionResetError: [WinError 10054] Eine vorhandene Verbindung wurde vom Remotehost geschlossen
WARNING:  Unsupported upgrade request.
WARNING:  No supported WebSocket library detected. Please use "pip install 'uvicorn[standard]'", or install 'websockets' or 'wsproto' manually.
2026-07-09 03:50:38,443 - asyncio - ERROR - Exception in callback _ProactorBasePipeTransport._call_connection_lost()
handle: <Handle _ProactorBasePipeTransport._call_connection_lost()>
Traceback (most recent call last):
  File "C:\Python314\Lib\asyncio\events.py", line 94, in _run
    self._context.run(self._callback, *self._args)
    ~~~~~~~~~~~~~~~~~^^^^^^^^^^^^^^^^^^^^^^^^^^^^^
  File "C:\Python314\Lib\asyncio\proactor_events.py", line 165, in _call_connection_lost
    self._sock.shutdown(socket.SHUT_RDWR)
    ~~~~~~~~~~~~~~~~~~~^^^^^^^^^^^^^^^^^^
ConnectionResetError: [WinError 10054] Eine vorhandene Verbindung wurde vom Remotehost geschlossen
WARNING:  Unsupported upgrade request.
WARNING:  No supported WebSocket library detected. Please use "pip install 'uvicorn[standard]'", or install 'websockets' or 'wsproto' manually.
2026-07-09 03:50:40,166 - asyncio - ERROR - Exception in callback _ProactorBasePipeTransport._call_connection_lost()
handle: <Handle _ProactorBasePipeTransport._call_connection_lost()>
Traceback (most recent call last):
  File "C:\Python314\Lib\asyncio\events.py", line 94, in _run
    self._context.run(self._callback, *self._args)
    ~~~~~~~~~~~~~~~~~^^^^^^^^^^^^^^^^^^^^^^^^^^^^^
  File "C:\Python314\Lib\asyncio\proactor_events.py", line 165, in _call_connection_lost
    self._sock.shutdown(socket.SHUT_RDWR)
    ~~~~~~~~~~~~~~~~~~~^^^^^^^^^^^^^^^^^^
ConnectionResetError: [WinError 10054] Eine vorhandene Verbindung wurde vom Remotehost geschlossen
WARNING:  Unsupported upgrade request.
WARNING:  No supported WebSocket library detected. Please use "pip install 'uvicorn[standard]'", or install 'websockets' or 'wsproto' manually.
WARNING:  Unsupported upgrade request.
WARNING:  No supported WebSocket library detected. Please use "pip install 'uvicorn[standard]'", or install 'websockets' or 'wsproto' manually.
WARNING:  Unsupported upgrade request.
WARNING:  No supported WebSocket library detected. Please use "pip install 'uvicorn[standard]'", or install 'websockets' or 'wsproto' manually.
WARNING:  Unsupported upgrade request.
WARNING:  No supported WebSocket library detected. Please use "pip install 'uvicorn[standard]'", or install 'websockets' or 'wsproto' manually.
WARNING:  Unsupported upgrade request.
WARNING:  No supported WebSocket library detected. Please use "pip install 'uvicorn[standard]'", or install 'websockets' or 'wsproto' manually.
2026-07-09 03:50:43,855 - asyncio - ERROR - Exception in callback _ProactorBasePipeTransport._call_connection_lost()
handle: <Handle _ProactorBasePipeTransport._call_connection_lost()>
Traceback (most recent call last):
  File "C:\Python314\Lib\asyncio\events.py", line 94, in _run
    self._context.run(self._callback, *self._args)
    ~~~~~~~~~~~~~~~~~^^^^^^^^^^^^^^^^^^^^^^^^^^^^^
  File "C:\Python314\Lib\asyncio\proactor_events.py", line 165, in _call_connection_lost
    self._sock.shutdown(socket.SHUT_RDWR)
    ~~~~~~~~~~~~~~~~~~~^^^^^^^^^^^^^^^^^^
ConnectionResetError: [WinError 10054] Eine vorhandene Verbindung wurde vom Remotehost geschlossen
WARNING:  Unsupported upgrade request.
WARNING:  No supported WebSocket library detected. Please use "pip install 'uvicorn[standard]'", or install 'websockets' or 'wsproto' manually.
WARNING:  Unsupported upgrade request.
WARNING:  No supported WebSocket library detected. Please use "pip install 'uvicorn[standard]'", or install 'websockets' or 'wsproto' manually.
WARNING:  Unsupported upgrade request.
WARNING:  No supported WebSocket library detected. Please use "pip install 'uvicorn[standard]'", or install 'websockets' or 'wsproto' manually.
WARNING:  Unsupported upgrade request.
WARNING:  No supported WebSocket library detected. Please use "pip install 'uvicorn[standard]'", or install 'websockets' or 'wsproto' manually.
2026-07-09 03:50:49,247 - asyncio - ERROR - Exception in callback _ProactorBasePipeTransport._call_connection_lost()
handle: <Handle _ProactorBasePipeTransport._call_connection_lost()>
Traceback (most recent call last):
  File "C:\Python314\Lib\asyncio\events.py", line 94, in _run
    self._context.run(self._callback, *self._args)
    ~~~~~~~~~~~~~~~~~^^^^^^^^^^^^^^^^^^^^^^^^^^^^^
  File "C:\Python314\Lib\asyncio\proactor_events.py", line 165, in _call_connection_lost
    self._sock.shutdown(socket.SHUT_RDWR)
    ~~~~~~~~~~~~~~~~~~~^^^^^^^^^^^^^^^^^^
ConnectionResetError: [WinError 10054] Eine vorhandene Verbindung wurde vom Remotehost geschlossen
WARNING:  Unsupported upgrade request.
WARNING:  No supported WebSocket library detected. Please use "pip install 'uvicorn[standard]'", or install 'websockets' or 'wsproto' manually.
2026-07-09 03:50:49,623 - asyncio - ERROR - Exception in callback _ProactorBasePipeTransport._call_connection_lost()
handle: <Handle _ProactorBasePipeTransport._call_connection_lost()>
Traceback (most recent call last):
  File "C:\Python314\Lib\asyncio\events.py", line 94, in _run
    self._context.run(self._callback, *self._args)
    ~~~~~~~~~~~~~~~~~^^^^^^^^^^^^^^^^^^^^^^^^^^^^^
  File "C:\Python314\Lib\asyncio\proactor_events.py", line 165, in _call_connection_lost
    self._sock.shutdown(socket.SHUT_RDWR)
    ~~~~~~~~~~~~~~~~~~~^^^^^^^^^^^^^^^^^^
ConnectionResetError: [WinError 10054] Eine vorhandene Verbindung wurde vom Remotehost geschlossen
WARNING:  Unsupported upgrade request.
WARNING:  No supported WebSocket library detected. Please use "pip install 'uvicorn[standard]'", or install 'websockets' or 'wsproto' manually.
2026-07-09 03:50:50,273 - asyncio - ERROR - Exception in callback _ProactorBasePipeTransport._call_connection_lost()
handle: <Handle _ProactorBasePipeTransport._call_connection_lost()>
Traceback (most recent call last):
  File "C:\Python314\Lib\asyncio\events.py", line 94, in _run
    self._context.run(self._callback, *self._args)
    ~~~~~~~~~~~~~~~~~^^^^^^^^^^^^^^^^^^^^^^^^^^^^^
  File "C:\Python314\Lib\asyncio\proactor_events.py", line 165, in _call_connection_lost
    self._sock.shutdown(socket.SHUT_RDWR)
    ~~~~~~~~~~~~~~~~~~~^^^^^^^^^^^^^^^^^^
ConnectionResetError: [WinError 10054] Eine vorhandene Verbindung wurde vom Remotehost geschlossen
WARNING:  Unsupported upgrade request.
WARNING:  No supported WebSocket library detected. Please use "pip install 'uvicorn[standard]'", or install 'websockets' or 'wsproto' manually.
2026-07-09 03:50:50,572 - asyncio - ERROR - Exception in callback _ProactorBasePipeTransport._call_connection_lost()
handle: <Handle _ProactorBasePipeTransport._call_connection_lost()>
Traceback (most recent call last):
  File "C:\Python314\Lib\asyncio\events.py", line 94, in _run
    self._context.run(self._callback, *self._args)
    ~~~~~~~~~~~~~~~~~^^^^^^^^^^^^^^^^^^^^^^^^^^^^^
  File "C:\Python314\Lib\asyncio\proactor_events.py", line 165, in _call_connection_lost
    self._sock.shutdown(socket.SHUT_RDWR)
    ~~~~~~~~~~~~~~~~~~~^^^^^^^^^^^^^^^^^^
ConnectionResetError: [WinError 10054] Eine vorhandene Verbindung wurde vom Remotehost geschlossen
WARNING:  Unsupported upgrade request.
WARNING:  No supported WebSocket library detected. Please use "pip install 'uvicorn[standard]'", or install 'websockets' or 'wsproto' manually.
2026-07-09 03:50:51,409 - asyncio - ERROR - Exception in callback _ProactorBasePipeTransport._call_connection_lost()
handle: <Handle _ProactorBasePipeTransport._call_connection_lost()>
Traceback (most recent call last):
  File "C:\Python314\Lib\asyncio\events.py", line 94, in _run
    self._context.run(self._callback, *self._args)
    ~~~~~~~~~~~~~~~~~^^^^^^^^^^^^^^^^^^^^^^^^^^^^^
  File "C:\Python314\Lib\asyncio\proactor_events.py", line 165, in _call_connection_lost
    self._sock.shutdown(socket.SHUT_RDWR)
    ~~~~~~~~~~~~~~~~~~~^^^^^^^^^^^^^^^^^^
ConnectionResetError: [WinError 10054] Eine vorhandene Verbindung wurde vom Remotehost geschlossen
WARNING:  Unsupported upgrade request.
WARNING:  No supported WebSocket library detected. Please use "pip install 'uvicorn[standard]'", or install 'websockets' or 'wsproto' manually.
WARNING:  Unsupported upgrade request.
WARNING:  No supported WebSocket library detected. Please use "pip install 'uvicorn[standard]'", or install 'websockets' or 'wsproto' manually.
WARNING:  Unsupported upgrade request.
WARNING:  No supported WebSocket library detected. Please use "pip install 'uvicorn[standard]'", or install 'websockets' or 'wsproto' manually.
2026-07-09 03:50:54,614 - asyncio - ERROR - Exception in callback _ProactorBasePipeTransport._call_connection_lost()
handle: <Handle _ProactorBasePipeTransport._call_connection_lost()>
Traceback (most recent call last):
  File "C:\Python314\Lib\asyncio\events.py", line 94, in _run
    self._context.run(self._callback, *self._args)
    ~~~~~~~~~~~~~~~~~^^^^^^^^^^^^^^^^^^^^^^^^^^^^^
  File "C:\Python314\Lib\asyncio\proactor_events.py", line 165, in _call_connection_lost
    self._sock.shutdown(socket.SHUT_RDWR)
    ~~~~~~~~~~~~~~~~~~~^^^^^^^^^^^^^^^^^^
ConnectionResetError: [WinError 10054] Eine vorhandene Verbindung wurde vom Remotehost geschlossen
WARNING:  Unsupported upgrade request.
WARNING:  No supported WebSocket library detected. Please use "pip install 'uvicorn[standard]'", or install 'websockets' or 'wsproto' manually.
WARNING:  Unsupported upgrade request.
WARNING:  No supported WebSocket library detected. Please use "pip install 'uvicorn[standard]'", or install 'websockets' or 'wsproto' manually.
WARNING:  Unsupported upgrade request.
WARNING:  No supported WebSocket library detected. Please use "pip install 'uvicorn[standard]'", or install 'websockets' or 'wsproto' manually.
WARNING:  Unsupported upgrade request.
WARNING:  No supported WebSocket library detected. Please use "pip install 'uvicorn[standard]'", or install 'websockets' or 'wsproto' manually.
WARNING:  Unsupported upgrade request.
WARNING:  No supported WebSocket library detected. Please use "pip install 'uvicorn[standard]'", or install 'websockets' or 'wsproto' manually.
2026-07-09 03:50:59,242 - asyncio - ERROR - Exception in callback _ProactorBasePipeTransport._call_connection_lost()
handle: <Handle _ProactorBasePipeTransport._call_connection_lost()>
Traceback (most recent call last):
  File "C:\Python314\Lib\asyncio\events.py", line 94, in _run
    self._context.run(self._callback, *self._args)
    ~~~~~~~~~~~~~~~~~^^^^^^^^^^^^^^^^^^^^^^^^^^^^^
  File "C:\Python314\Lib\asyncio\proactor_events.py", line 165, in _call_connection_lost
    self._sock.shutdown(socket.SHUT_RDWR)
    ~~~~~~~~~~~~~~~~~~~^^^^^^^^^^^^^^^^^^
ConnectionResetError: [WinError 10054] Eine vorhandene Verbindung wurde vom Remotehost geschlossen
WARNING:  Unsupported upgrade request.
WARNING:  No supported WebSocket library detected. Please use "pip install 'uvicorn[standard]'", or install 'websockets' or 'wsproto' manually.
WARNING:  Unsupported upgrade request.
WARNING:  No supported WebSocket library detected. Please use "pip install 'uvicorn[standard]'", or install 'websockets' or 'wsproto' manually.
2026-07-09 03:51:02,827 - asyncio - ERROR - Exception in callback _ProactorBasePipeTransport._call_connection_lost()
handle: <Handle _ProactorBasePipeTransport._call_connection_lost()>
Traceback (most recent call last):
  File "C:\Python314\Lib\asyncio\events.py", line 94, in _run
    self._context.run(self._callback, *self._args)
    ~~~~~~~~~~~~~~~~~^^^^^^^^^^^^^^^^^^^^^^^^^^^^^
  File "C:\Python314\Lib\asyncio\proactor_events.py", line 165, in _call_connection_lost
    self._sock.shutdown(socket.SHUT_RDWR)
    ~~~~~~~~~~~~~~~~~~~^^^^^^^^^^^^^^^^^^
ConnectionResetError: [WinError 10054] Eine vorhandene Verbindung wurde vom Remotehost geschlossen
WARNING:  Unsupported upgrade request.
WARNING:  No supported WebSocket library detected. Please use "pip install 'uvicorn[standard]'", or install 'websockets' or 'wsproto' manually.
WARNING:  Unsupported upgrade request.
WARNING:  No supported WebSocket library detected. Please use "pip install 'uvicorn[standard]'", or install 'websockets' or 'wsproto' manually.
WARNING:  Unsupported upgrade request.
WARNING:  No supported WebSocket library detected. Please use "pip install 'uvicorn[standard]'", or install 'websockets' or 'wsproto' manually.
WARNING:  Unsupported upgrade request.
WARNING:  No supported WebSocket library detected. Please use "pip install 'uvicorn[standard]'", or install 'websockets' or 'wsproto' manually.
WARNING:  Unsupported upgrade request.
WARNING:  No supported WebSocket library detected. Please use "pip install 'uvicorn[standard]'", or install 'websockets' or 'wsproto' manually.
WARNING:  Unsupported upgrade request.
WARNING:  No supported WebSocket library detected. Please use "pip install 'uvicorn[standard]'", or install 'websockets' or 'wsproto' manually.
WARNING:  Unsupported upgrade request.
WARNING:  No supported WebSocket library detected. Please use "pip install 'uvicorn[standard]'", or install 'websockets' or 'wsproto' manually.
WARNING:  Unsupported upgrade request.
WARNING:  No supported WebSocket library detected. Please use "pip install 'uvicorn[standard]'", or install 'websockets' or 'wsproto' manually.
WARNING:  Unsupported upgrade request.
WARNING:  No supported WebSocket library detected. Please use "pip install 'uvicorn[standard]'", or install 'websockets' or 'wsproto' manually.
WARNING:  Unsupported upgrade request.
WARNING:  No supported WebSocket library detected. Please use "pip install 'uvicorn[standard]'", or install 'websockets' or 'wsproto' manually.
WARNING:  Unsupported upgrade request.
WARNING:  No supported WebSocket library detected. Please use "pip install 'uvicorn[standard]'", or install 'websockets' or 'wsproto' manually.
WARNING:  Unsupported upgrade request.
WARNING:  No supported WebSocket library detected. Please use "pip install 'uvicorn[standard]'", or install 'websockets' or 'wsproto' manually.
WARNING:  Unsupported upgrade request.
WARNING:  No supported WebSocket library detected. Please use "pip install 'uvicorn[standard]'", or install 'websockets' or 'wsproto' manually.
2026-07-09 03:51:14,608 - asyncio - ERROR - Exception in callback _ProactorBasePipeTransport._call_connection_lost()
handle: <Handle _ProactorBasePipeTransport._call_connection_lost()>
Traceback (most recent call last):
  File "C:\Python314\Lib\asyncio\events.py", line 94, in _run
    self._context.run(self._callback, *self._args)
    ~~~~~~~~~~~~~~~~~^^^^^^^^^^^^^^^^^^^^^^^^^^^^^
  File "C:\Python314\Lib\asyncio\proactor_events.py", line 165, in _call_connection_lost
    self._sock.shutdown(socket.SHUT_RDWR)
    ~~~~~~~~~~~~~~~~~~~^^^^^^^^^^^^^^^^^^
ConnectionResetError: [WinError 10054] Eine vorhandene Verbindung wurde vom Remotehost geschlossen
WARNING:  Unsupported upgrade request.
WARNING:  No supported WebSocket library detected. Please use "pip install 'uvicorn[standard]'", or install 'websockets' or 'wsproto' manually.
WARNING:  Unsupported upgrade request.
WARNING:  No supported WebSocket library detected. Please use "pip install 'uvicorn[standard]'", or install 'websockets' or 'wsproto' manually.
WARNING:  Unsupported upgrade request.
WARNING:  No supported WebSocket library detected. Please use "pip install 'uvicorn[standard]'", or install 'websockets' or 'wsproto' manually.
WARNING:  Unsupported upgrade request.
WARNING:  No supported WebSocket library detected. Please use "pip install 'uvicorn[standard]'", or install 'websockets' or 'wsproto' manually.
WARNING:  Unsupported upgrade request.
WARNING:  No supported WebSocket library detected. Please use "pip install 'uvicorn[standard]'", or install 'websockets' or 'wsproto' manually.
2026-07-09 03:51:20,389 - asyncio - ERROR - Exception in callback _ProactorBasePipeTransport._call_connection_lost()
handle: <Handle _ProactorBasePipeTransport._call_connection_lost()>
Traceback (most recent call last):
  File "C:\Python314\Lib\asyncio\events.py", line 94, in _run
    self._context.run(self._callback, *self._args)
    ~~~~~~~~~~~~~~~~~^^^^^^^^^^^^^^^^^^^^^^^^^^^^^
  File "C:\Python314\Lib\asyncio\proactor_events.py", line 165, in _call_connection_lost
    self._sock.shutdown(socket.SHUT_RDWR)
    ~~~~~~~~~~~~~~~~~~~^^^^^^^^^^^^^^^^^^
ConnectionResetError: [WinError 10054] Eine vorhandene Verbindung wurde vom Remotehost geschlossen
WARNING:  Unsupported upgrade request.
WARNING:  No supported WebSocket library detected. Please use "pip install 'uvicorn[standard]'", or install 'websockets' or 'wsproto' manually.
2026-07-09 03:51:22,557 - asyncio - ERROR - Exception in callback _ProactorBasePipeTransport._call_connection_lost()
handle: <Handle _ProactorBasePipeTransport._call_connection_lost()>
Traceback (most recent call last):
  File "C:\Python314\Lib\asyncio\events.py", line 94, in _run
    self._context.run(self._callback, *self._args)
    ~~~~~~~~~~~~~~~~~^^^^^^^^^^^^^^^^^^^^^^^^^^^^^
  File "C:\Python314\Lib\asyncio\proactor_events.py", line 165, in _call_connection_lost
    self._sock.shutdown(socket.SHUT_RDWR)
    ~~~~~~~~~~~~~~~~~~~^^^^^^^^^^^^^^^^^^
ConnectionResetError: [WinError 10054] Eine vorhandene Verbindung wurde vom Remotehost geschlossen
WARNING:  Unsupported upgrade request.
WARNING:  No supported WebSocket library detected. Please use "pip install 'uvicorn[standard]'", or install 'websockets' or 'wsproto' manually.
WARNING:  Unsupported upgrade request.
WARNING:  No supported WebSocket library detected. Please use "pip install 'uvicorn[standard]'", or install 'websockets' or 'wsproto' manually.
2026-07-09 03:51:22,764 - asyncio - ERROR - Exception in callback _ProactorBasePipeTransport._call_connection_lost()
handle: <Handle _ProactorBasePipeTransport._call_connection_lost()>
Traceback (most recent call last):
  File "C:\Python314\Lib\asyncio\events.py", line 94, in _run
    self._context.run(self._callback, *self._args)
    ~~~~~~~~~~~~~~~~~^^^^^^^^^^^^^^^^^^^^^^^^^^^^^
  File "C:\Python314\Lib\asyncio\proactor_events.py", line 165, in _call_connection_lost
    self._sock.shutdown(socket.SHUT_RDWR)
    ~~~~~~~~~~~~~~~~~~~^^^^^^^^^^^^^^^^^^
ConnectionResetError: [WinError 10054] Eine vorhandene Verbindung wurde vom Remotehost geschlossen
WARNING:  Unsupported upgrade request.
WARNING:  No supported WebSocket library detected. Please use "pip install 'uvicorn[standard]'", or install 'websockets' or 'wsproto' manually.
WARNING:  Unsupported upgrade request.
WARNING:  No supported WebSocket library detected. Please use "pip install 'uvicorn[standard]'", or install 'websockets' or 'wsproto' manually.
2026-07-09 03:51:26,701 - asyncio - ERROR - Exception in callback _ProactorBasePipeTransport._call_connection_lost()
handle: <Handle _ProactorBasePipeTransport._call_connection_lost()>
Traceback (most recent call last):
  File "C:\Python314\Lib\asyncio\events.py", line 94, in _run
    self._context.run(self._callback, *self._args)
    ~~~~~~~~~~~~~~~~~^^^^^^^^^^^^^^^^^^^^^^^^^^^^^
  File "C:\Python314\Lib\asyncio\proactor_events.py", line 165, in _call_connection_lost
    self._sock.shutdown(socket.SHUT_RDWR)
    ~~~~~~~~~~~~~~~~~~~^^^^^^^^^^^^^^^^^^
ConnectionResetError: [WinError 10054] Eine vorhandene Verbindung wurde vom Remotehost geschlossen
WARNING:  Unsupported upgrade request.
WARNING:  No supported WebSocket library detected. Please use "pip install 'uvicorn[standard]'", or install 'websockets' or 'wsproto' manually.
WARNING:  Unsupported upgrade request.
WARNING:  No supported WebSocket library detected. Please use "pip install 'uvicorn[standard]'", or install 'websockets' or 'wsproto' manually.
WARNING:  Unsupported upgrade request.
WARNING:  No supported WebSocket library detected. Please use "pip install 'uvicorn[standard]'", or install 'websockets' or 'wsproto' manually.
WARNING:  Unsupported upgrade request.
WARNING:  No supported WebSocket library detected. Please use "pip install 'uvicorn[standard]'", or install 'websockets' or 'wsproto' manually.
2026-07-09 03:51:28,956 - asyncio - ERROR - Exception in callback _ProactorBasePipeTransport._call_connection_lost()
handle: <Handle _ProactorBasePipeTransport._call_connection_lost()>
Traceback (most recent call last):
  File "C:\Python314\Lib\asyncio\events.py", line 94, in _run
    self._context.run(self._callback, *self._args)
    ~~~~~~~~~~~~~~~~~^^^^^^^^^^^^^^^^^^^^^^^^^^^^^
  File "C:\Python314\Lib\asyncio\proactor_events.py", line 165, in _call_connection_lost
    self._sock.shutdown(socket.SHUT_RDWR)
    ~~~~~~~~~~~~~~~~~~~^^^^^^^^^^^^^^^^^^
ConnectionResetError: [WinError 10054] Eine vorhandene Verbindung wurde vom Remotehost geschlossen
WARNING:  Unsupported upgrade request.
WARNING:  No supported WebSocket library detected. Please use "pip install 'uvicorn[standard]'", or install 'websockets' or 'wsproto' manually.
2026-07-09 03:51:29,616 - asyncio - ERROR - Exception in callback _ProactorBasePipeTransport._call_connection_lost()
handle: <Handle _ProactorBasePipeTransport._call_connection_lost()>
Traceback (most recent call last):
  File "C:\Python314\Lib\asyncio\events.py", line 94, in _run
    self._context.run(self._callback, *self._args)
    ~~~~~~~~~~~~~~~~~^^^^^^^^^^^^^^^^^^^^^^^^^^^^^
  File "C:\Python314\Lib\asyncio\proactor_events.py", line 165, in _call_connection_lost
    self._sock.shutdown(socket.SHUT_RDWR)
    ~~~~~~~~~~~~~~~~~~~^^^^^^^^^^^^^^^^^^
ConnectionResetError: [WinError 10054] Eine vorhandene Verbindung wurde vom Remotehost geschlossen
WARNING:  Unsupported upgrade request.
WARNING:  No supported WebSocket library detected. Please use "pip install 'uvicorn[standard]'", or install 'websockets' or 'wsproto' manually.
WARNING:  Unsupported upgrade request.
WARNING:  No supported WebSocket library detected. Please use "pip install 'uvicorn[standard]'", or install 'websockets' or 'wsproto' manually.
WARNING:  Unsupported upgrade request.
WARNING:  No supported WebSocket library detected. Please use "pip install 'uvicorn[standard]'", or install 'websockets' or 'wsproto' manually.
2026-07-09 03:51:34,573 - asyncio - ERROR - Exception in callback _ProactorBasePipeTransport._call_connection_lost()
handle: <Handle _ProactorBasePipeTransport._call_connection_lost()>
Traceback (most recent call last):
  File "C:\Python314\Lib\asyncio\events.py", line 94, in _run
    self._context.run(self._callback, *self._args)
    ~~~~~~~~~~~~~~~~~^^^^^^^^^^^^^^^^^^^^^^^^^^^^^
  File "C:\Python314\Lib\asyncio\proactor_events.py", line 165, in _call_connection_lost
    self._sock.shutdown(socket.SHUT_RDWR)
    ~~~~~~~~~~~~~~~~~~~^^^^^^^^^^^^^^^^^^
ConnectionResetError: [WinError 10054] Eine vorhandene Verbindung wurde vom Remotehost geschlossen
WARNING:  Unsupported upgrade request.
WARNING:  No supported WebSocket library detected. Please use "pip install 'uvicorn[standard]'", or install 'websockets' or 'wsproto' manually.
WARNING:  Unsupported upgrade request.
WARNING:  No supported WebSocket library detected. Please use "pip install 'uvicorn[standard]'", or install 'websockets' or 'wsproto' manually.
2026-07-09 03:51:35,445 - asyncio - ERROR - Exception in callback _ProactorBasePipeTransport._call_connection_lost()
handle: <Handle _ProactorBasePipeTransport._call_connection_lost()>
Traceback (most recent call last):
  File "C:\Python314\Lib\asyncio\events.py", line 94, in _run
    self._context.run(self._callback, *self._args)
    ~~~~~~~~~~~~~~~~~^^^^^^^^^^^^^^^^^^^^^^^^^^^^^
  File "C:\Python314\Lib\asyncio\proactor_events.py", line 165, in _call_connection_lost
    self._sock.shutdown(socket.SHUT_RDWR)
    ~~~~~~~~~~~~~~~~~~~^^^^^^^^^^^^^^^^^^
ConnectionResetError: [WinError 10054] Eine vorhandene Verbindung wurde vom Remotehost geschlossen
WARNING:  Unsupported upgrade request.
WARNING:  No supported WebSocket library detected. Please use "pip install 'uvicorn[standard]'", or install 'websockets' or 'wsproto' manually.
WARNING:  Unsupported upgrade request.
WARNING:  No supported WebSocket library detected. Please use "pip install 'uvicorn[standard]'", or install 'websockets' or 'wsproto' manually.
WARNING:  Unsupported upgrade request.
WARNING:  No supported WebSocket library detected. Please use "pip install 'uvicorn[standard]'", or install 'websockets' or 'wsproto' manually.
WARNING:  Unsupported upgrade request.
WARNING:  No supported WebSocket library detected. Please use "pip install 'uvicorn[standard]'", or install 'websockets' or 'wsproto' manually.
2026-07-09 03:51:38,796 - asyncio - ERROR - Exception in callback _ProactorBasePipeTransport._call_connection_lost()
handle: <Handle _ProactorBasePipeTransport._call_connection_lost()>
Traceback (most recent call last):
  File "C:\Python314\Lib\asyncio\events.py", line 94, in _run
    self._context.run(self._callback, *self._args)
    ~~~~~~~~~~~~~~~~~^^^^^^^^^^^^^^^^^^^^^^^^^^^^^
  File "C:\Python314\Lib\asyncio\proactor_events.py", line 165, in _call_connection_lost
    self._sock.shutdown(socket.SHUT_RDWR)
    ~~~~~~~~~~~~~~~~~~~^^^^^^^^^^^^^^^^^^
ConnectionResetError: [WinError 10054] Eine vorhandene Verbindung wurde vom Remotehost geschlossen
WARNING:  Unsupported upgrade request.
WARNING:  No supported WebSocket library detected. Please use "pip install 'uvicorn[standard]'", or install 'websockets' or 'wsproto' manually.
WARNING:  Unsupported upgrade request.
WARNING:  No supported WebSocket library detected. Please use "pip install 'uvicorn[standard]'", or install 'websockets' or 'wsproto' manually.
WARNING:  Unsupported upgrade request.
WARNING:  No supported WebSocket library detected. Please use "pip install 'uvicorn[standard]'", or install 'websockets' or 'wsproto' manually.
WARNING:  Unsupported upgrade request.
WARNING:  No supported WebSocket library detected. Please use "pip install 'uvicorn[standard]'", or install 'websockets' or 'wsproto' manually.
WARNING:  Unsupported upgrade request.
WARNING:  No supported WebSocket library detected. Please use "pip install 'uvicorn[standard]'", or install 'websockets' or 'wsproto' manually.
2026-07-09 03:51:44,198 - asyncio - ERROR - Exception in callback _ProactorBasePipeTransport._call_connection_lost()
handle: <Handle _ProactorBasePipeTransport._call_connection_lost()>
Traceback (most recent call last):
  File "C:\Python314\Lib\asyncio\events.py", line 94, in _run
    self._context.run(self._callback, *self._args)
    ~~~~~~~~~~~~~~~~~^^^^^^^^^^^^^^^^^^^^^^^^^^^^^
  File "C:\Python314\Lib\asyncio\proactor_events.py", line 165, in _call_connection_lost
    self._sock.shutdown(socket.SHUT_RDWR)
    ~~~~~~~~~~~~~~~~~~~^^^^^^^^^^^^^^^^^^
ConnectionResetError: [WinError 10054] Eine vorhandene Verbindung wurde vom Remotehost geschlossen
WARNING:  Unsupported upgrade request.
WARNING:  No supported WebSocket library detected. Please use "pip install 'uvicorn[standard]'", or install 'websockets' or 'wsproto' manually.
WARNING:  Unsupported upgrade request.
WARNING:  No supported WebSocket library detected. Please use "pip install 'uvicorn[standard]'", or install 'websockets' or 'wsproto' manually.
WARNING:  Unsupported upgrade request.
WARNING:  No supported WebSocket library detected. Please use "pip install 'uvicorn[standard]'", or install 'websockets' or 'wsproto' manually.
WARNING:  Unsupported upgrade request.
WARNING:  No supported WebSocket library detected. Please use "pip install 'uvicorn[standard]'", or install 'websockets' or 'wsproto' manually.
WARNING:  Unsupported upgrade request.
WARNING:  No supported WebSocket library detected. Please use "pip install 'uvicorn[standard]'", or install 'websockets' or 'wsproto' manually.
WARNING:  Unsupported upgrade request.
WARNING:  No supported WebSocket library detected. Please use "pip install 'uvicorn[standard]'", or install 'websockets' or 'wsproto' manually.
2026-07-09 03:51:49,306 - asyncio - ERROR - Exception in callback _ProactorBasePipeTransport._call_connection_lost()
handle: <Handle _ProactorBasePipeTransport._call_connection_lost()>
Traceback (most recent call last):
  File "C:\Python314\Lib\asyncio\events.py", line 94, in _run
    self._context.run(self._callback, *self._args)
    ~~~~~~~~~~~~~~~~~^^^^^^^^^^^^^^^^^^^^^^^^^^^^^
  File "C:\Python314\Lib\asyncio\proactor_events.py", line 165, in _call_connection_lost
    self._sock.shutdown(socket.SHUT_RDWR)
    ~~~~~~~~~~~~~~~~~~~^^^^^^^^^^^^^^^^^^
ConnectionResetError: [WinError 10054] Eine vorhandene Verbindung wurde vom Remotehost geschlossen
WARNING:  Unsupported upgrade request.
WARNING:  No supported WebSocket library detected. Please use "pip install 'uvicorn[standard]'", or install 'websockets' or 'wsproto' manually.
2026-07-09 03:51:50,240 - asyncio - ERROR - Exception in callback _ProactorBasePipeTransport._call_connection_lost()
handle: <Handle _ProactorBasePipeTransport._call_connection_lost()>
Traceback (most recent call last):
  File "C:\Python314\Lib\asyncio\events.py", line 94, in _run
    self._context.run(self._callback, *self._args)
    ~~~~~~~~~~~~~~~~~^^^^^^^^^^^^^^^^^^^^^^^^^^^^^
  File "C:\Python314\Lib\asyncio\proactor_events.py", line 165, in _call_connection_lost
    self._sock.shutdown(socket.SHUT_RDWR)
    ~~~~~~~~~~~~~~~~~~~^^^^^^^^^^^^^^^^^^
ConnectionResetError: [WinError 10054] Eine vorhandene Verbindung wurde vom Remotehost geschlossen
WARNING:  Unsupported upgrade request.
WARNING:  No supported WebSocket library detected. Please use "pip install 'uvicorn[standard]'", or install 'websockets' or 'wsproto' manually.
2026-07-09 03:51:51,038 - asyncio - ERROR - Exception in callback _ProactorBasePipeTransport._call_connection_lost()
handle: <Handle _ProactorBasePipeTransport._call_connection_lost()>
Traceback (most recent call last):
  File "C:\Python314\Lib\asyncio\events.py", line 94, in _run
    self._context.run(self._callback, *self._args)
    ~~~~~~~~~~~~~~~~~^^^^^^^^^^^^^^^^^^^^^^^^^^^^^
  File "C:\Python314\Lib\asyncio\proactor_events.py", line 165, in _call_connection_lost
    self._sock.shutdown(socket.SHUT_RDWR)
    ~~~~~~~~~~~~~~~~~~~^^^^^^^^^^^^^^^^^^
ConnectionResetError: [WinError 10054] Eine vorhandene Verbindung wurde vom Remotehost geschlossen
WARNING:  Unsupported upgrade request.
WARNING:  No supported WebSocket library detected. Please use "pip install 'uvicorn[standard]'", or install 'websockets' or 'wsproto' manually.
2026-07-09 03:51:52,241 - asyncio - ERROR - Exception in callback _ProactorBasePipeTransport._call_connection_lost()
handle: <Handle _ProactorBasePipeTransport._call_connection_lost()>
Traceback (most recent call last):
  File "C:\Python314\Lib\asyncio\events.py", line 94, in _run
    self._context.run(self._callback, *self._args)
    ~~~~~~~~~~~~~~~~~^^^^^^^^^^^^^^^^^^^^^^^^^^^^^
  File "C:\Python314\Lib\asyncio\proactor_events.py", line 165, in _call_connection_lost
    self._sock.shutdown(socket.SHUT_RDWR)
    ~~~~~~~~~~~~~~~~~~~^^^^^^^^^^^^^^^^^^
ConnectionResetError: [WinError 10054] Eine vorhandene Verbindung wurde vom Remotehost geschlossen
WARNING:  Unsupported upgrade request.
WARNING:  No supported WebSocket library detected. Please use "pip install 'uvicorn[standard]'", or install 'websockets' or 'wsproto' manually.
WARNING:  Unsupported upgrade request.
WARNING:  No supported WebSocket library detected. Please use "pip install 'uvicorn[standard]'", or install 'websockets' or 'wsproto' manually.
WARNING:  Unsupported upgrade request.
WARNING:  No supported WebSocket library detected. Please use "pip install 'uvicorn[standard]'", or install 'websockets' or 'wsproto' manually.
2026-07-09 03:51:55,239 - asyncio - ERROR - Exception in callback _ProactorBasePipeTransport._call_connection_lost()
handle: <Handle _ProactorBasePipeTransport._call_connection_lost()>
Traceback (most recent call last):
  File "C:\Python314\Lib\asyncio\events.py", line 94, in _run
    self._context.run(self._callback, *self._args)
    ~~~~~~~~~~~~~~~~~^^^^^^^^^^^^^^^^^^^^^^^^^^^^^
  File "C:\Python314\Lib\asyncio\proactor_events.py", line 165, in _call_connection_lost
    self._sock.shutdown(socket.SHUT_RDWR)
    ~~~~~~~~~~~~~~~~~~~^^^^^^^^^^^^^^^^^^
ConnectionResetError: [WinError 10054] Eine vorhandene Verbindung wurde vom Remotehost geschlossen
WARNING:  Unsupported upgrade request.
WARNING:  No supported WebSocket library detected. Please use "pip install 'uvicorn[standard]'", or install 'websockets' or 'wsproto' manually.
2026-07-09 03:51:56,012 - asyncio - ERROR - Exception in callback _ProactorBasePipeTransport._call_connection_lost()
handle: <Handle _ProactorBasePipeTransport._call_connection_lost()>
Traceback (most recent call last):
  File "C:\Python314\Lib\asyncio\events.py", line 94, in _run
    self._context.run(self._callback, *self._args)
    ~~~~~~~~~~~~~~~~~^^^^^^^^^^^^^^^^^^^^^^^^^^^^^
  File "C:\Python314\Lib\asyncio\proactor_events.py", line 165, in _call_connection_lost
    self._sock.shutdown(socket.SHUT_RDWR)
    ~~~~~~~~~~~~~~~~~~~^^^^^^^^^^^^^^^^^^
ConnectionResetError: [WinError 10054] Eine vorhandene Verbindung wurde vom Remotehost geschlossen
WARNING:  Unsupported upgrade request.
WARNING:  No supported WebSocket library detected. Please use "pip install 'uvicorn[standard]'", or install 'websockets' or 'wsproto' manually.
WARNING:  Unsupported upgrade request.
WARNING:  No supported WebSocket library detected. Please use "pip install 'uvicorn[standard]'", or install 'websockets' or 'wsproto' manually.
WARNING:  Unsupported upgrade request.
WARNING:  No supported WebSocket library detected. Please use "pip install 'uvicorn[standard]'", or install 'websockets' or 'wsproto' manually.
WARNING:  Unsupported upgrade request.
WARNING:  No supported WebSocket library detected. Please use "pip install 'uvicorn[standard]'", or install 'websockets' or 'wsproto' manually.
WARNING:  Unsupported upgrade request.
WARNING:  No supported WebSocket library detected. Please use "pip install 'uvicorn[standard]'", or install 'websockets' or 'wsproto' manually.
2026-07-09 03:52:00,248 - asyncio - ERROR - Exception in callback _ProactorBasePipeTransport._call_connection_lost()
handle: <Handle _ProactorBasePipeTransport._call_connection_lost()>
Traceback (most recent call last):
  File "C:\Python314\Lib\asyncio\events.py", line 94, in _run
    self._context.run(self._callback, *self._args)
    ~~~~~~~~~~~~~~~~~^^^^^^^^^^^^^^^^^^^^^^^^^^^^^
  File "C:\Python314\Lib\asyncio\proactor_events.py", line 165, in _call_connection_lost
    self._sock.shutdown(socket.SHUT_RDWR)
    ~~~~~~~~~~~~~~~~~~~^^^^^^^^^^^^^^^^^^
ConnectionResetError: [WinError 10054] Eine vorhandene Verbindung wurde vom Remotehost geschlossen
WARNING:  Unsupported upgrade request.
WARNING:  No supported WebSocket library detected. Please use "pip install 'uvicorn[standard]'", or install 'websockets' or 'wsproto' manually.
2026-07-09 03:52:01,273 - asyncio - ERROR - Exception in callback _ProactorBasePipeTransport._call_connection_lost()
handle: <Handle _ProactorBasePipeTransport._call_connection_lost()>
Traceback (most recent call last):
  File "C:\Python314\Lib\asyncio\events.py", line 94, in _run
    self._context.run(self._callback, *self._args)
    ~~~~~~~~~~~~~~~~~^^^^^^^^^^^^^^^^^^^^^^^^^^^^^
  File "C:\Python314\Lib\asyncio\proactor_events.py", line 165, in _call_connection_lost
    self._sock.shutdown(socket.SHUT_RDWR)
    ~~~~~~~~~~~~~~~~~~~^^^^^^^^^^^^^^^^^^
ConnectionResetError: [WinError 10054] Eine vorhandene Verbindung wurde vom Remotehost geschlossen
WARNING:  Unsupported upgrade request.
WARNING:  No supported WebSocket library detected. Please use "pip install 'uvicorn[standard]'", or install 'websockets' or 'wsproto' manually.
WARNING:  Unsupported upgrade request.
WARNING:  No supported WebSocket library detected. Please use "pip install 'uvicorn[standard]'", or install 'websockets' or 'wsproto' manually.
WARNING:  Unsupported upgrade request.
WARNING:  No supported WebSocket library detected. Please use "pip install 'uvicorn[standard]'", or install 'websockets' or 'wsproto' manually.
2026-07-09 03:52:05,247 - asyncio - ERROR - Exception in callback _ProactorBasePipeTransport._call_connection_lost()
handle: <Handle _ProactorBasePipeTransport._call_connection_lost()>
Traceback (most recent call last):
  File "C:\Python314\Lib\asyncio\events.py", line 94, in _run
    self._context.run(self._callback, *self._args)
    ~~~~~~~~~~~~~~~~~^^^^^^^^^^^^^^^^^^^^^^^^^^^^^
  File "C:\Python314\Lib\asyncio\proactor_events.py", line 165, in _call_connection_lost
    self._sock.shutdown(socket.SHUT_RDWR)
    ~~~~~~~~~~~~~~~~~~~^^^^^^^^^^^^^^^^^^
ConnectionResetError: [WinError 10054] Eine vorhandene Verbindung wurde vom Remotehost geschlossen
WARNING:  Unsupported upgrade request.
WARNING:  No supported WebSocket library detected. Please use "pip install 'uvicorn[standard]'", or install 'websockets' or 'wsproto' manually.
2026-07-09 03:52:05,276 - asyncio - ERROR - Exception in callback _ProactorBasePipeTransport._call_connection_lost()
handle: <Handle _ProactorBasePipeTransport._call_connection_lost()>
Traceback (most recent call last):
  File "C:\Python314\Lib\asyncio\events.py", line 94, in _run
    self._context.run(self._callback, *self._args)
    ~~~~~~~~~~~~~~~~~^^^^^^^^^^^^^^^^^^^^^^^^^^^^^
  File "C:\Python314\Lib\asyncio\proactor_events.py", line 165, in _call_connection_lost
    self._sock.shutdown(socket.SHUT_RDWR)
    ~~~~~~~~~~~~~~~~~~~^^^^^^^^^^^^^^^^^^
ConnectionResetError: [WinError 10054] Eine vorhandene Verbindung wurde vom Remotehost geschlossen
WARNING:  Unsupported upgrade request.
WARNING:  No supported WebSocket library detected. Please use "pip install 'uvicorn[standard]'", or install 'websockets' or 'wsproto' manually.
WARNING:  Unsupported upgrade request.
WARNING:  No supported WebSocket library detected. Please use "pip install 'uvicorn[standard]'", or install 'websockets' or 'wsproto' manually.
WARNING:  Unsupported upgrade request.
WARNING:  No supported WebSocket library detected. Please use "pip install 'uvicorn[standard]'", or install 'websockets' or 'wsproto' manually.
WARNING:  Unsupported upgrade request.
WARNING:  No supported WebSocket library detected. Please use "pip install 'uvicorn[standard]'", or install 'websockets' or 'wsproto' manually.
WARNING:  Unsupported upgrade request.
WARNING:  No supported WebSocket library detected. Please use "pip install 'uvicorn[standard]'", or install 'websockets' or 'wsproto' manually.
WARNING:  Unsupported upgrade request.
WARNING:  No supported WebSocket library detected. Please use "pip install 'uvicorn[standard]'", or install 'websockets' or 'wsproto' manually.
WARNING:  Unsupported upgrade request.
WARNING:  No supported WebSocket library detected. Please use "pip install 'uvicorn[standard]'", or install 'websockets' or 'wsproto' manually.
2026-07-09 03:52:12,240 - asyncio - ERROR - Exception in callback _ProactorBasePipeTransport._call_connection_lost()
handle: <Handle _ProactorBasePipeTransport._call_connection_lost()>
Traceback (most recent call last):
  File "C:\Python314\Lib\asyncio\events.py", line 94, in _run
    self._context.run(self._callback, *self._args)
    ~~~~~~~~~~~~~~~~~^^^^^^^^^^^^^^^^^^^^^^^^^^^^^
  File "C:\Python314\Lib\asyncio\proactor_events.py", line 165, in _call_connection_lost
    self._sock.shutdown(socket.SHUT_RDWR)
    ~~~~~~~~~~~~~~~~~~~^^^^^^^^^^^^^^^^^^
ConnectionResetError: [WinError 10054] Eine vorhandene Verbindung wurde vom Remotehost geschlossen
WARNING:  Unsupported upgrade request.
WARNING:  No supported WebSocket library detected. Please use "pip install 'uvicorn[standard]'", or install 'websockets' or 'wsproto' manually.
WARNING:  Unsupported upgrade request.
WARNING:  No supported WebSocket library detected. Please use "pip install 'uvicorn[standard]'", or install 'websockets' or 'wsproto' manually.
2026-07-09 03:52:14,518 - asyncio - ERROR - Exception in callback _ProactorBasePipeTransport._call_connection_lost()
handle: <Handle _ProactorBasePipeTransport._call_connection_lost()>
Traceback (most recent call last):
  File "C:\Python314\Lib\asyncio\events.py", line 94, in _run
    self._context.run(self._callback, *self._args)
    ~~~~~~~~~~~~~~~~~^^^^^^^^^^^^^^^^^^^^^^^^^^^^^
  File "C:\Python314\Lib\asyncio\proactor_events.py", line 165, in _call_connection_lost
    self._sock.shutdown(socket.SHUT_RDWR)
    ~~~~~~~~~~~~~~~~~~~^^^^^^^^^^^^^^^^^^
ConnectionResetError: [WinError 10054] Eine vorhandene Verbindung wurde vom Remotehost geschlossen
WARNING:  Unsupported upgrade request.
WARNING:  No supported WebSocket library detected. Please use "pip install 'uvicorn[standard]'", or install 'websockets' or 'wsproto' manually.
WARNING:  Unsupported upgrade request.
WARNING:  No supported WebSocket library detected. Please use "pip install 'uvicorn[standard]'", or install 'websockets' or 'wsproto' manually.
WARNING:  Unsupported upgrade request.
WARNING:  No supported WebSocket library detected. Please use "pip install 'uvicorn[standard]'", or install 'websockets' or 'wsproto' manually.
WARNING:  Unsupported upgrade request.
WARNING:  No supported WebSocket library detected. Please use "pip install 'uvicorn[standard]'", or install 'websockets' or 'wsproto' manually.
WARNING:  Unsupported upgrade request.
WARNING:  No supported WebSocket library detected. Please use "pip install 'uvicorn[standard]'", or install 'websockets' or 'wsproto' manually.
WARNING:  Unsupported upgrade request.
WARNING:  No supported WebSocket library detected. Please use "pip install 'uvicorn[standard]'", or install 'websockets' or 'wsproto' manually.
WARNING:  Unsupported upgrade request.
WARNING:  No supported WebSocket library detected. Please use "pip install 'uvicorn[standard]'", or install 'websockets' or 'wsproto' manually.
WARNING:  Unsupported upgrade request.
WARNING:  No supported WebSocket library detected. Please use "pip install 'uvicorn[standard]'", or install 'websockets' or 'wsproto' manually.
WARNING:  Unsupported upgrade request.
WARNING:  No supported WebSocket library detected. Please use "pip install 'uvicorn[standard]'", or install 'websockets' or 'wsproto' manually.
WARNING:  Unsupported upgrade request.
WARNING:  No supported WebSocket library detected. Please use "pip install 'uvicorn[standard]'", or install 'websockets' or 'wsproto' manually.
2026-07-09 03:52:23,247 - asyncio - ERROR - Exception in callback _ProactorBasePipeTransport._call_connection_lost()
handle: <Handle _ProactorBasePipeTransport._call_connection_lost()>
Traceback (most recent call last):
  File "C:\Python314\Lib\asyncio\events.py", line 94, in _run
    self._context.run(self._callback, *self._args)
    ~~~~~~~~~~~~~~~~~^^^^^^^^^^^^^^^^^^^^^^^^^^^^^
  File "C:\Python314\Lib\asyncio\proactor_events.py", line 165, in _call_connection_lost
    self._sock.shutdown(socket.SHUT_RDWR)
    ~~~~~~~~~~~~~~~~~~~^^^^^^^^^^^^^^^^^^
ConnectionResetError: [WinError 10054] Eine vorhandene Verbindung wurde vom Remotehost geschlossen
WARNING:  Unsupported upgrade request.
WARNING:  No supported WebSocket library detected. Please use "pip install 'uvicorn[standard]'", or install 'websockets' or 'wsproto' manually.
WARNING:  Unsupported upgrade request.
WARNING:  No supported WebSocket library detected. Please use "pip install 'uvicorn[standard]'", or install 'websockets' or 'wsproto' manually.
WARNING:  Unsupported upgrade request.
WARNING:  No supported WebSocket library detected. Please use "pip install 'uvicorn[standard]'", or install 'websockets' or 'wsproto' manually.
2026-07-09 03:52:25,255 - asyncio - ERROR - Exception in callback _ProactorBasePipeTransport._call_connection_lost()
handle: <Handle _ProactorBasePipeTransport._call_connection_lost()>
Traceback (most recent call last):
  File "C:\Python314\Lib\asyncio\events.py", line 94, in _run
    self._context.run(self._callback, *self._args)
    ~~~~~~~~~~~~~~~~~^^^^^^^^^^^^^^^^^^^^^^^^^^^^^
  File "C:\Python314\Lib\asyncio\proactor_events.py", line 165, in _call_connection_lost
    self._sock.shutdown(socket.SHUT_RDWR)
    ~~~~~~~~~~~~~~~~~~~^^^^^^^^^^^^^^^^^^
ConnectionResetError: [WinError 10054] Eine vorhandene Verbindung wurde vom Remotehost geschlossen
WARNING:  Unsupported upgrade request.
WARNING:  No supported WebSocket library detected. Please use "pip install 'uvicorn[standard]'", or install 'websockets' or 'wsproto' manually.
2026-07-09 03:52:27,253 - asyncio - ERROR - Exception in callback _ProactorBasePipeTransport._call_connection_lost()
handle: <Handle _ProactorBasePipeTransport._call_connection_lost()>
Traceback (most recent call last):
  File "C:\Python314\Lib\asyncio\events.py", line 94, in _run
    self._context.run(self._callback, *self._args)
    ~~~~~~~~~~~~~~~~~^^^^^^^^^^^^^^^^^^^^^^^^^^^^^
  File "C:\Python314\Lib\asyncio\proactor_events.py", line 165, in _call_connection_lost
    self._sock.shutdown(socket.SHUT_RDWR)
    ~~~~~~~~~~~~~~~~~~~^^^^^^^^^^^^^^^^^^
ConnectionResetError: [WinError 10054] Eine vorhandene Verbindung wurde vom Remotehost geschlossen
WARNING:  Unsupported upgrade request.
WARNING:  No supported WebSocket library detected. Please use "pip install 'uvicorn[standard]'", or install 'websockets' or 'wsproto' manually.
WARNING:  Unsupported upgrade request.
WARNING:  No supported WebSocket library detected. Please use "pip install 'uvicorn[standard]'", or install 'websockets' or 'wsproto' manually.
2026-07-09 03:52:28,249 - asyncio - ERROR - Exception in callback _ProactorBasePipeTransport._call_connection_lost()
handle: <Handle _ProactorBasePipeTransport._call_connection_lost()>
Traceback (most recent call last):
  File "C:\Python314\Lib\asyncio\events.py", line 94, in _run
    self._context.run(self._callback, *self._args)
    ~~~~~~~~~~~~~~~~~^^^^^^^^^^^^^^^^^^^^^^^^^^^^^
  File "C:\Python314\Lib\asyncio\proactor_events.py", line 165, in _call_connection_lost
    self._sock.shutdown(socket.SHUT_RDWR)
    ~~~~~~~~~~~~~~~~~~~^^^^^^^^^^^^^^^^^^
ConnectionResetError: [WinError 10054] Eine vorhandene Verbindung wurde vom Remotehost geschlossen
WARNING:  Unsupported upgrade request.
WARNING:  No supported WebSocket library detected. Please use "pip install 'uvicorn[standard]'", or install 'websockets' or 'wsproto' manually.
2026-07-09 03:52:28,591 - asyncio - ERROR - Exception in callback _ProactorBasePipeTransport._call_connection_lost()
handle: <Handle _ProactorBasePipeTransport._call_connection_lost()>
Traceback (most recent call last):
  File "C:\Python314\Lib\asyncio\events.py", line 94, in _run
    self._context.run(self._callback, *self._args)
    ~~~~~~~~~~~~~~~~~^^^^^^^^^^^^^^^^^^^^^^^^^^^^^
  File "C:\Python314\Lib\asyncio\proactor_events.py", line 165, in _call_connection_lost
    self._sock.shutdown(socket.SHUT_RDWR)
    ~~~~~~~~~~~~~~~~~~~^^^^^^^^^^^^^^^^^^
ConnectionResetError: [WinError 10054] Eine vorhandene Verbindung wurde vom Remotehost geschlossen
WARNING:  Unsupported upgrade request.
WARNING:  No supported WebSocket library detected. Please use "pip install 'uvicorn[standard]'", or install 'websockets' or 'wsproto' manually.
2026-07-09 03:52:30,262 - asyncio - ERROR - Exception in callback _ProactorBasePipeTransport._call_connection_lost()
handle: <Handle _ProactorBasePipeTransport._call_connection_lost()>
Traceback (most recent call last):
  File "C:\Python314\Lib\asyncio\events.py", line 94, in _run
    self._context.run(self._callback, *self._args)
    ~~~~~~~~~~~~~~~~~^^^^^^^^^^^^^^^^^^^^^^^^^^^^^
  File "C:\Python314\Lib\asyncio\proactor_events.py", line 165, in _call_connection_lost
    self._sock.shutdown(socket.SHUT_RDWR)
    ~~~~~~~~~~~~~~~~~~~^^^^^^^^^^^^^^^^^^
ConnectionResetError: [WinError 10054] Eine vorhandene Verbindung wurde vom Remotehost geschlossen
WARNING:  Unsupported upgrade request.
WARNING:  No supported WebSocket library detected. Please use "pip install 'uvicorn[standard]'", or install 'websockets' or 'wsproto' manually.
WARNING:  Unsupported upgrade request.
WARNING:  No supported WebSocket library detected. Please use "pip install 'uvicorn[standard]'", or install 'websockets' or 'wsproto' manually.
WARNING:  Unsupported upgrade request.
WARNING:  No supported WebSocket library detected. Please use "pip install 'uvicorn[standard]'", or install 'websockets' or 'wsproto' manually.
WARNING:  Unsupported upgrade request.
WARNING:  No supported WebSocket library detected. Please use "pip install 'uvicorn[standard]'", or install 'websockets' or 'wsproto' manually.
WARNING:  Unsupported upgrade request.
WARNING:  No supported WebSocket library detected. Please use "pip install 'uvicorn[standard]'", or install 'websockets' or 'wsproto' manually.
WARNING:  Unsupported upgrade request.
WARNING:  No supported WebSocket library detected. Please use "pip install 'uvicorn[standard]'", or install 'websockets' or 'wsproto' manually.
WARNING:  Unsupported upgrade request.
WARNING:  No supported WebSocket library detected. Please use "pip install 'uvicorn[standard]'", or install 'websockets' or 'wsproto' manually.
2026-07-09 03:52:37,260 - asyncio - ERROR - Exception in callback _ProactorBasePipeTransport._call_connection_lost()
handle: <Handle _ProactorBasePipeTransport._call_connection_lost()>
Traceback (most recent call last):
  File "C:\Python314\Lib\asyncio\events.py", line 94, in _run
    self._context.run(self._callback, *self._args)
    ~~~~~~~~~~~~~~~~~^^^^^^^^^^^^^^^^^^^^^^^^^^^^^
  File "C:\Python314\Lib\asyncio\proactor_events.py", line 165, in _call_connection_lost
    self._sock.shutdown(socket.SHUT_RDWR)
    ~~~~~~~~~~~~~~~~~~~^^^^^^^^^^^^^^^^^^
ConnectionResetError: [WinError 10054] Eine vorhandene Verbindung wurde vom Remotehost geschlossen
WARNING:  Unsupported upgrade request.
WARNING:  No supported WebSocket library detected. Please use "pip install 'uvicorn[standard]'", or install 'websockets' or 'wsproto' manually.
2026-07-09 03:52:37,973 - asyncio - ERROR - Exception in callback _ProactorBasePipeTransport._call_connection_lost()
handle: <Handle _ProactorBasePipeTransport._call_connection_lost()>
Traceback (most recent call last):
  File "C:\Python314\Lib\asyncio\events.py", line 94, in _run
    self._context.run(self._callback, *self._args)
    ~~~~~~~~~~~~~~~~~^^^^^^^^^^^^^^^^^^^^^^^^^^^^^
  File "C:\Python314\Lib\asyncio\proactor_events.py", line 165, in _call_connection_lost
    self._sock.shutdown(socket.SHUT_RDWR)
    ~~~~~~~~~~~~~~~~~~~^^^^^^^^^^^^^^^^^^
ConnectionResetError: [WinError 10054] Eine vorhandene Verbindung wurde vom Remotehost geschlossen
WARNING:  Unsupported upgrade request.
WARNING:  No supported WebSocket library detected. Please use "pip install 'uvicorn[standard]'", or install 'websockets' or 'wsproto' manually.
2026-07-09 03:52:38,257 - asyncio - ERROR - Exception in callback _ProactorBasePipeTransport._call_connection_lost()
handle: <Handle _ProactorBasePipeTransport._call_connection_lost()>
Traceback (most recent call last):
  File "C:\Python314\Lib\asyncio\events.py", line 94, in _run
    self._context.run(self._callback, *self._args)
    ~~~~~~~~~~~~~~~~~^^^^^^^^^^^^^^^^^^^^^^^^^^^^^
  File "C:\Python314\Lib\asyncio\proactor_events.py", line 165, in _call_connection_lost
    self._sock.shutdown(socket.SHUT_RDWR)
    ~~~~~~~~~~~~~~~~~~~^^^^^^^^^^^^^^^^^^
ConnectionResetError: [WinError 10054] Eine vorhandene Verbindung wurde vom Remotehost geschlossen
WARNING:  Unsupported upgrade request.
WARNING:  No supported WebSocket library detected. Please use "pip install 'uvicorn[standard]'", or install 'websockets' or 'wsproto' manually.
WARNING:  Unsupported upgrade request.
WARNING:  No supported WebSocket library detected. Please use "pip install 'uvicorn[standard]'", or install 'websockets' or 'wsproto' manually.
2026-07-09 03:52:40,297 - asyncio - ERROR - Exception in callback _ProactorBasePipeTransport._call_connection_lost()
handle: <Handle _ProactorBasePipeTransport._call_connection_lost()>
Traceback (most recent call last):
  File "C:\Python314\Lib\asyncio\events.py", line 94, in _run
    self._context.run(self._callback, *self._args)
    ~~~~~~~~~~~~~~~~~^^^^^^^^^^^^^^^^^^^^^^^^^^^^^
  File "C:\Python314\Lib\asyncio\proactor_events.py", line 165, in _call_connection_lost
    self._sock.shutdown(socket.SHUT_RDWR)
    ~~~~~~~~~~~~~~~~~~~^^^^^^^^^^^^^^^^^^
ConnectionResetError: [WinError 10054] Eine vorhandene Verbindung wurde vom Remotehost geschlossen
WARNING:  Unsupported upgrade request.
WARNING:  No supported WebSocket library detected. Please use "pip install 'uvicorn[standard]'", or install 'websockets' or 'wsproto' manually.
WARNING:  Unsupported upgrade request.
WARNING:  No supported WebSocket library detected. Please use "pip install 'uvicorn[standard]'", or install 'websockets' or 'wsproto' manually.
WARNING:  Unsupported upgrade request.
WARNING:  No supported WebSocket library detected. Please use "pip install 'uvicorn[standard]'", or install 'websockets' or 'wsproto' manually.
WARNING:  Unsupported upgrade request.
WARNING:  No supported WebSocket library detected. Please use "pip install 'uvicorn[standard]'", or install 'websockets' or 'wsproto' manually.
WARNING:  Unsupported upgrade request.
WARNING:  No supported WebSocket library detected. Please use "pip install 'uvicorn[standard]'", or install 'websockets' or 'wsproto' manually.
WARNING:  Unsupported upgrade request.
WARNING:  No supported WebSocket library detected. Please use "pip install 'uvicorn[standard]'", or install 'websockets' or 'wsproto' manually.
WARNING:  Unsupported upgrade request.
WARNING:  No supported WebSocket library detected. Please use "pip install 'uvicorn[standard]'", or install 'websockets' or 'wsproto' manually.
WARNING:  Unsupported upgrade request.
WARNING:  No supported WebSocket library detected. Please use "pip install 'uvicorn[standard]'", or install 'websockets' or 'wsproto' manually.
WARNING:  Unsupported upgrade request.
WARNING:  No supported WebSocket library detected. Please use "pip install 'uvicorn[standard]'", or install 'websockets' or 'wsproto' manually.
2026-07-09 03:52:48,001 - asyncio - ERROR - Exception in callback _ProactorBasePipeTransport._call_connection_lost()
handle: <Handle _ProactorBasePipeTransport._call_connection_lost()>
Traceback (most recent call last):
  File "C:\Python314\Lib\asyncio\events.py", line 94, in _run
    self._context.run(self._callback, *self._args)
    ~~~~~~~~~~~~~~~~~^^^^^^^^^^^^^^^^^^^^^^^^^^^^^
  File "C:\Python314\Lib\asyncio\proactor_events.py", line 165, in _call_connection_lost
    self._sock.shutdown(socket.SHUT_RDWR)
    ~~~~~~~~~~~~~~~~~~~^^^^^^^^^^^^^^^^^^
ConnectionResetError: [WinError 10054] Eine vorhandene Verbindung wurde vom Remotehost geschlossen
WARNING:  Unsupported upgrade request.
WARNING:  No supported WebSocket library detected. Please use "pip install 'uvicorn[standard]'", or install 'websockets' or 'wsproto' manually.
WARNING:  Unsupported upgrade request.
WARNING:  No supported WebSocket library detected. Please use "pip install 'uvicorn[standard]'", or install 'websockets' or 'wsproto' manually.
WARNING:  Unsupported upgrade request.
WARNING:  No supported WebSocket library detected. Please use "pip install 'uvicorn[standard]'", or install 'websockets' or 'wsproto' manually.
ERROR:    Exception in ASGI application
Traceback (most recent call last):
  File "C:\Users\burif\OneDrive\Desktop\YENI REDWORK SITESI\redworkch-fixed-ui-admin-hosting\redworkch-main\backend\venv\Lib\site-packages\uvicorn\protocols\http\h11_impl.py", line 408, in run_asgi
    result = await app(  # type: ignore[func-returns-value]
             ^^^^^^^^^^^^^^^^^^^^^^^^^^^^^^^^^^^^^^^^^^^^^^
        self.scope, self.receive, self.send
        ^^^^^^^^^^^^^^^^^^^^^^^^^^^^^^^^^^^
    )
    ^
  File "C:\Users\burif\OneDrive\Desktop\YENI REDWORK SITESI\redworkch-fixed-ui-admin-hosting\redworkch-main\backend\venv\Lib\site-packages\uvicorn\middleware\proxy_headers.py", line 84, in __call__
    return await self.app(scope, receive, send)
           ^^^^^^^^^^^^^^^^^^^^^^^^^^^^^^^^^^^^
  File "C:\Users\burif\OneDrive\Desktop\YENI REDWORK SITESI\redworkch-fixed-ui-admin-hosting\redworkch-main\backend\venv\Lib\site-packages\fastapi\applications.py", line 1054, in __call__
    await super().__call__(scope, receive, send)
  File "C:\Users\burif\OneDrive\Desktop\YENI REDWORK SITESI\redworkch-fixed-ui-admin-hosting\redworkch-main\backend\venv\Lib\site-packages\starlette\applications.py", line 123, in __call__
    await self.middleware_stack(scope, receive, send)
  File "C:\Users\burif\OneDrive\Desktop\YENI REDWORK SITESI\redworkch-fixed-ui-admin-hosting\redworkch-main\backend\venv\Lib\site-packages\starlette\middleware\errors.py", line 186, in __call__
    raise exc
  File "C:\Users\burif\OneDrive\Desktop\YENI REDWORK SITESI\redworkch-fixed-ui-admin-hosting\redworkch-main\backend\venv\Lib\site-packages\starlette\middleware\errors.py", line 164, in __call__
    await self.app(scope, receive, _send)
  File "C:\Users\burif\OneDrive\Desktop\YENI REDWORK SITESI\redworkch-fixed-ui-admin-hosting\redworkch-main\backend\venv\Lib\site-packages\starlette\middleware\cors.py", line 93, in __call__
    await self.simple_response(scope, receive, send, request_headers=headers)
  File "C:\Users\burif\OneDrive\Desktop\YENI REDWORK SITESI\redworkch-fixed-ui-admin-hosting\redworkch-main\backend\venv\Lib\site-packages\starlette\middleware\cors.py", line 148, in simple_response
    await self.app(scope, receive, send)
  File "C:\Users\burif\OneDrive\Desktop\YENI REDWORK SITESI\redworkch-fixed-ui-admin-hosting\redworkch-main\backend\venv\Lib\site-packages\starlette\middleware\exceptions.py", line 65, in __call__
    await wrap_app_handling_exceptions(self.app, conn)(scope, receive, send)
  File "C:\Users\burif\OneDrive\Desktop\YENI REDWORK SITESI\redworkch-fixed-ui-admin-hosting\redworkch-main\backend\venv\Lib\site-packages\starlette\_exception_handler.py", line 64, in wrapped_app
    raise exc
  File "C:\Users\burif\OneDrive\Desktop\YENI REDWORK SITESI\redworkch-fixed-ui-admin-hosting\redworkch-main\backend\venv\Lib\site-packages\starlette\_exception_handler.py", line 53, in wrapped_app
    await app(scope, receive, sender)
  File "C:\Users\burif\OneDrive\Desktop\YENI REDWORK SITESI\redworkch-fixed-ui-admin-hosting\redworkch-main\backend\venv\Lib\site-packages\starlette\routing.py", line 756, in __call__
    await self.middleware_stack(scope, receive, send)
  File "C:\Users\burif\OneDrive\Desktop\YENI REDWORK SITESI\redworkch-fixed-ui-admin-hosting\redworkch-main\backend\venv\Lib\site-packages\starlette\routing.py", line 776, in app
    await route.handle(scope, receive, send)
  File "C:\Users\burif\OneDrive\Desktop\YENI REDWORK SITESI\redworkch-fixed-ui-admin-hosting\redworkch-main\backend\venv\Lib\site-packages\starlette\routing.py", line 297, in handle
    await self.app(scope, receive, send)
  File "C:\Users\burif\OneDrive\Desktop\YENI REDWORK SITESI\redworkch-fixed-ui-admin-hosting\redworkch-main\backend\venv\Lib\site-packages\starlette\routing.py", line 77, in app
    await wrap_app_handling_exceptions(app, request)(scope, receive, send)
  File "C:\Users\burif\OneDrive\Desktop\YENI REDWORK SITESI\redworkch-fixed-ui-admin-hosting\redworkch-main\backend\venv\Lib\site-packages\starlette\_exception_handler.py", line 64, in wrapped_app
    raise exc
  File "C:\Users\burif\OneDrive\Desktop\YENI REDWORK SITESI\redworkch-fixed-ui-admin-hosting\redworkch-main\backend\venv\Lib\site-packages\starlette\_exception_handler.py", line 53, in wrapped_app
    await app(scope, receive, sender)
  File "C:\Users\burif\OneDrive\Desktop\YENI REDWORK SITESI\redworkch-fixed-ui-admin-hosting\redworkch-main\backend\venv\Lib\site-packages\starlette\routing.py", line 72, in app
    response = await func(request)
               ^^^^^^^^^^^^^^^^^^^
  File "C:\Users\burif\OneDrive\Desktop\YENI REDWORK SITESI\redworkch-fixed-ui-admin-hosting\redworkch-main\backend\venv\Lib\site-packages\fastapi\routing.py", line 278, in app
    raw_response = await run_endpoint_function(
                   ^^^^^^^^^^^^^^^^^^^^^^^^^^^^
        dependant=dependant, values=values, is_coroutine=is_coroutine
        ^^^^^^^^^^^^^^^^^^^^^^^^^^^^^^^^^^^^^^^^^^^^^^^^^^^^^^^^^^^^^
    )
    ^
  File "C:\Users\burif\OneDrive\Desktop\YENI REDWORK SITESI\redworkch-fixed-ui-admin-hosting\redworkch-main\backend\venv\Lib\site-packages\fastapi\routing.py", line 191, in run_endpoint_function
    return await dependant.call(**values)
           ^^^^^^^^^^^^^^^^^^^^^^^^^^^^^^
  File "C:\Users\burif\OneDrive\Desktop\YENI REDWORK SITESI\redworkch-fixed-ui-admin-hosting\redworkch-main\backend\server.py", line 2125, in list_orders
    user_dict = {u["id"]: f"{u['firstName']} {u['lastName']}" for u in users}
                 ~^^^^^^
KeyError: 'id'
ERROR:    Exception in ASGI application
Traceback (most recent call last):
  File "C:\Users\burif\OneDrive\Desktop\YENI REDWORK SITESI\redworkch-fixed-ui-admin-hosting\redworkch-main\backend\venv\Lib\site-packages\uvicorn\protocols\http\h11_impl.py", line 408, in run_asgi
    result = await app(  # type: ignore[func-returns-value]
             ^^^^^^^^^^^^^^^^^^^^^^^^^^^^^^^^^^^^^^^^^^^^^^
        self.scope, self.receive, self.send
        ^^^^^^^^^^^^^^^^^^^^^^^^^^^^^^^^^^^
    )
    ^
  File "C:\Users\burif\OneDrive\Desktop\YENI REDWORK SITESI\redworkch-fixed-ui-admin-hosting\redworkch-main\backend\venv\Lib\site-packages\uvicorn\middleware\proxy_headers.py", line 84, in __call__
    return await self.app(scope, receive, send)
           ^^^^^^^^^^^^^^^^^^^^^^^^^^^^^^^^^^^^
  File "C:\Users\burif\OneDrive\Desktop\YENI REDWORK SITESI\redworkch-fixed-ui-admin-hosting\redworkch-main\backend\venv\Lib\site-packages\fastapi\applications.py", line 1054, in __call__
    await super().__call__(scope, receive, send)
  File "C:\Users\burif\OneDrive\Desktop\YENI REDWORK SITESI\redworkch-fixed-ui-admin-hosting\redworkch-main\backend\venv\Lib\site-packages\starlette\applications.py", line 123, in __call__
    await self.middleware_stack(scope, receive, send)
  File "C:\Users\burif\OneDrive\Desktop\YENI REDWORK SITESI\redworkch-fixed-ui-admin-hosting\redworkch-main\backend\venv\Lib\site-packages\starlette\middleware\errors.py", line 186, in __call__
    raise exc
  File "C:\Users\burif\OneDrive\Desktop\YENI REDWORK SITESI\redworkch-fixed-ui-admin-hosting\redworkch-main\backend\venv\Lib\site-packages\starlette\middleware\errors.py", line 164, in __call__
    await self.app(scope, receive, _send)
  File "C:\Users\burif\OneDrive\Desktop\YENI REDWORK SITESI\redworkch-fixed-ui-admin-hosting\redworkch-main\backend\venv\Lib\site-packages\starlette\middleware\cors.py", line 93, in __call__
    await self.simple_response(scope, receive, send, request_headers=headers)
  File "C:\Users\burif\OneDrive\Desktop\YENI REDWORK SITESI\redworkch-fixed-ui-admin-hosting\redworkch-main\backend\venv\Lib\site-packages\starlette\middleware\cors.py", line 148, in simple_response
    await self.app(scope, receive, send)
  File "C:\Users\burif\OneDrive\Desktop\YENI REDWORK SITESI\redworkch-fixed-ui-admin-hosting\redworkch-main\backend\venv\Lib\site-packages\starlette\middleware\exceptions.py", line 65, in __call__
    await wrap_app_handling_exceptions(self.app, conn)(scope, receive, send)
  File "C:\Users\burif\OneDrive\Desktop\YENI REDWORK SITESI\redworkch-fixed-ui-admin-hosting\redworkch-main\backend\venv\Lib\site-packages\starlette\_exception_handler.py", line 64, in wrapped_app
    raise exc
  File "C:\Users\burif\OneDrive\Desktop\YENI REDWORK SITESI\redworkch-fixed-ui-admin-hosting\redworkch-main\backend\venv\Lib\site-packages\starlette\_exception_handler.py", line 53, in wrapped_app
    await app(scope, receive, sender)
  File "C:\Users\burif\OneDrive\Desktop\YENI REDWORK SITESI\redworkch-fixed-ui-admin-hosting\redworkch-main\backend\venv\Lib\site-packages\starlette\routing.py", line 756, in __call__
    await self.middleware_stack(scope, receive, send)
  File "C:\Users\burif\OneDrive\Desktop\YENI REDWORK SITESI\redworkch-fixed-ui-admin-hosting\redworkch-main\backend\venv\Lib\site-packages\starlette\routing.py", line 776, in app
    await route.handle(scope, receive, send)
  File "C:\Users\burif\OneDrive\Desktop\YENI REDWORK SITESI\redworkch-fixed-ui-admin-hosting\redworkch-main\backend\venv\Lib\site-packages\starlette\routing.py", line 297, in handle
    await self.app(scope, receive, send)
  File "C:\Users\burif\OneDrive\Desktop\YENI REDWORK SITESI\redworkch-fixed-ui-admin-hosting\redworkch-main\backend\venv\Lib\site-packages\starlette\routing.py", line 77, in app
    await wrap_app_handling_exceptions(app, request)(scope, receive, send)
  File "C:\Users\burif\OneDrive\Desktop\YENI REDWORK SITESI\redworkch-fixed-ui-admin-hosting\redworkch-main\backend\venv\Lib\site-packages\starlette\_exception_handler.py", line 64, in wrapped_app
    raise exc
  File "C:\Users\burif\OneDrive\Desktop\YENI REDWORK SITESI\redworkch-fixed-ui-admin-hosting\redworkch-main\backend\venv\Lib\site-packages\starlette\_exception_handler.py", line 53, in wrapped_app
    await app(scope, receive, sender)
  File "C:\Users\burif\OneDrive\Desktop\YENI REDWORK SITESI\redworkch-fixed-ui-admin-hosting\redworkch-main\backend\venv\Lib\site-packages\starlette\routing.py", line 72, in app
    response = await func(request)
               ^^^^^^^^^^^^^^^^^^^
  File "C:\Users\burif\OneDrive\Desktop\YENI REDWORK SITESI\redworkch-fixed-ui-admin-hosting\redworkch-main\backend\venv\Lib\site-packages\fastapi\routing.py", line 278, in app
    raw_response = await run_endpoint_function(
                   ^^^^^^^^^^^^^^^^^^^^^^^^^^^^
        dependant=dependant, values=values, is_coroutine=is_coroutine
        ^^^^^^^^^^^^^^^^^^^^^^^^^^^^^^^^^^^^^^^^^^^^^^^^^^^^^^^^^^^^^
    )
    ^
  File "C:\Users\burif\OneDrive\Desktop\YENI REDWORK SITESI\redworkch-fixed-ui-admin-hosting\redworkch-main\backend\venv\Lib\site-packages\fastapi\routing.py", line 191, in run_endpoint_function
    return await dependant.call(**values)
           ^^^^^^^^^^^^^^^^^^^^^^^^^^^^^^
  File "C:\Users\burif\OneDrive\Desktop\YENI REDWORK SITESI\redworkch-fixed-ui-admin-hosting\redworkch-main\backend\server.py", line 2125, in list_orders
    user_dict = {u["id"]: f"{u['firstName']} {u['lastName']}" for u in users}
                 ~^^^^^^
KeyError: 'id'
WARNING:  Unsupported upgrade request.
WARNING:  No supported WebSocket library detected. Please use "pip install 'uvicorn[standard]'", or install 'websockets' or 'wsproto' manually.
WARNING:  Unsupported upgrade request.
WARNING:  No supported WebSocket library detected. Please use "pip install 'uvicorn[standard]'", or install 'websockets' or 'wsproto' manually.
WARNING:  Unsupported upgrade request.
WARNING:  No supported WebSocket library detected. Please use "pip install 'uvicorn[standard]'", or install 'websockets' or 'wsproto' manually.
2026-07-09 03:52:53,348 - asyncio - ERROR - Exception in callback _ProactorBasePipeTransport._call_connection_lost()
handle: <Handle _ProactorBasePipeTransport._call_connection_lost()>
Traceback (most recent call last):
  File "C:\Python314\Lib\asyncio\events.py", line 94, in _run
    self._context.run(self._callback, *self._args)
    ~~~~~~~~~~~~~~~~~^^^^^^^^^^^^^^^^^^^^^^^^^^^^^
  File "C:\Python314\Lib\asyncio\proactor_events.py", line 165, in _call_connection_lost
    self._sock.shutdown(socket.SHUT_RDWR)
    ~~~~~~~~~~~~~~~~~~~^^^^^^^^^^^^^^^^^^
ConnectionResetError: [WinError 10054] Eine vorhandene Verbindung wurde vom Remotehost geschlossen
WARNING:  Unsupported upgrade request.
WARNING:  No supported WebSocket library detected. Please use "pip install 'uvicorn[standard]'", or install 'websockets' or 'wsproto' manually.
2026-07-09 03:52:54,216 - asyncio - ERROR - Exception in callback _ProactorBasePipeTransport._call_connection_lost()
handle: <Handle _ProactorBasePipeTransport._call_connection_lost()>
Traceback (most recent call last):
  File "C:\Python314\Lib\asyncio\events.py", line 94, in _run
    self._context.run(self._callback, *self._args)
    ~~~~~~~~~~~~~~~~~^^^^^^^^^^^^^^^^^^^^^^^^^^^^^
  File "C:\Python314\Lib\asyncio\proactor_events.py", line 165, in _call_connection_lost
    self._sock.shutdown(socket.SHUT_RDWR)
    ~~~~~~~~~~~~~~~~~~~^^^^^^^^^^^^^^^^^^
ConnectionResetError: [WinError 10054] Eine vorhandene Verbindung wurde vom Remotehost geschlossen
WARNING:  Unsupported upgrade request.
WARNING:  No supported WebSocket library detected. Please use "pip install 'uvicorn[standard]'", or install 'websockets' or 'wsproto' manually.
WARNING:  Unsupported upgrade request.
WARNING:  No supported WebSocket library detected. Please use "pip install 'uvicorn[standard]'", or install 'websockets' or 'wsproto' manually.
WARNING:  Unsupported upgrade request.
WARNING:  No supported WebSocket library detected. Please use "pip install 'uvicorn[standard]'", or install 'websockets' or 'wsproto' manually.
WARNING:  Unsupported upgrade request.
WARNING:  No supported WebSocket library detected. Please use "pip install 'uvicorn[standard]'", or install 'websockets' or 'wsproto' manually.
WARNING:  Unsupported upgrade request.
WARNING:  No supported WebSocket library detected. Please use "pip install 'uvicorn[standard]'", or install 'websockets' or 'wsproto' manually.
2026-07-09 03:52:59,069 - asyncio - ERROR - Exception in callback _ProactorBasePipeTransport._call_connection_lost()
handle: <Handle _ProactorBasePipeTransport._call_connection_lost()>
Traceback (most recent call last):
  File "C:\Python314\Lib\asyncio\events.py", line 94, in _run
    self._context.run(self._callback, *self._args)
    ~~~~~~~~~~~~~~~~~^^^^^^^^^^^^^^^^^^^^^^^^^^^^^
  File "C:\Python314\Lib\asyncio\proactor_events.py", line 165, in _call_connection_lost
    self._sock.shutdown(socket.SHUT_RDWR)
    ~~~~~~~~~~~~~~~~~~~^^^^^^^^^^^^^^^^^^
ConnectionResetError: [WinError 10054] Eine vorhandene Verbindung wurde vom Remotehost geschlossen
WARNING:  Unsupported upgrade request.
WARNING:  No supported WebSocket library detected. Please use "pip install 'uvicorn[standard]'", or install 'websockets' or 'wsproto' manually.
2026-07-09 03:53:00,276 - asyncio - ERROR - Exception in callback _ProactorBasePipeTransport._call_connection_lost()
handle: <Handle _ProactorBasePipeTransport._call_connection_lost()>
Traceback (most recent call last):
  File "C:\Python314\Lib\asyncio\events.py", line 94, in _run
    self._context.run(self._callback, *self._args)
    ~~~~~~~~~~~~~~~~~^^^^^^^^^^^^^^^^^^^^^^^^^^^^^
  File "C:\Python314\Lib\asyncio\proactor_events.py", line 165, in _call_connection_lost
    self._sock.shutdown(socket.SHUT_RDWR)
    ~~~~~~~~~~~~~~~~~~~^^^^^^^^^^^^^^^^^^
ConnectionResetError: [WinError 10054] Eine vorhandene Verbindung wurde vom Remotehost geschlossen
WARNING:  Unsupported upgrade request.
WARNING:  No supported WebSocket library detected. Please use "pip install 'uvicorn[standard]'", or install 'websockets' or 'wsproto' manually.
WARNING:  Unsupported upgrade request.
WARNING:  No supported WebSocket library detected. Please use "pip install 'uvicorn[standard]'", or install 'websockets' or 'wsproto' manually.
WARNING:  Unsupported upgrade request.
WARNING:  No supported WebSocket library detected. Please use "pip install 'uvicorn[standard]'", or install 'websockets' or 'wsproto' manually.
2026-07-09 03:53:02,545 - asyncio - ERROR - Exception in callback _ProactorBasePipeTransport._call_connection_lost()
handle: <Handle _ProactorBasePipeTransport._call_connection_lost()>
Traceback (most recent call last):
  File "C:\Python314\Lib\asyncio\events.py", line 94, in _run
    self._context.run(self._callback, *self._args)
    ~~~~~~~~~~~~~~~~~^^^^^^^^^^^^^^^^^^^^^^^^^^^^^
  File "C:\Python314\Lib\asyncio\proactor_events.py", line 165, in _call_connection_lost
    self._sock.shutdown(socket.SHUT_RDWR)
    ~~~~~~~~~~~~~~~~~~~^^^^^^^^^^^^^^^^^^
ConnectionResetError: [WinError 10054] Eine vorhandene Verbindung wurde vom Remotehost geschlossen
WARNING:  Unsupported upgrade request.
WARNING:  No supported WebSocket library detected. Please use "pip install 'uvicorn[standard]'", or install 'websockets' or 'wsproto' manually.
2026-07-09 03:53:04,613 - asyncio - ERROR - Exception in callback _ProactorBasePipeTransport._call_connection_lost()
handle: <Handle _ProactorBasePipeTransport._call_connection_lost()>
Traceback (most recent call last):
  File "C:\Python314\Lib\asyncio\events.py", line 94, in _run
    self._context.run(self._callback, *self._args)
    ~~~~~~~~~~~~~~~~~^^^^^^^^^^^^^^^^^^^^^^^^^^^^^
  File "C:\Python314\Lib\asyncio\proactor_events.py", line 165, in _call_connection_lost
    self._sock.shutdown(socket.SHUT_RDWR)
    ~~~~~~~~~~~~~~~~~~~^^^^^^^^^^^^^^^^^^
ConnectionResetError: [WinError 10054] Eine vorhandene Verbindung wurde vom Remotehost geschlossen
WARNING:  Unsupported upgrade request.
WARNING:  No supported WebSocket library detected. Please use "pip install 'uvicorn[standard]'", or install 'websockets' or 'wsproto' manually.
2026-07-09 03:53:04,674 - asyncio - ERROR - Exception in callback _ProactorBasePipeTransport._call_connection_lost()
handle: <Handle _ProactorBasePipeTransport._call_connection_lost()>
Traceback (most recent call last):
  File "C:\Python314\Lib\asyncio\events.py", line 94, in _run
    self._context.run(self._callback, *self._args)
    ~~~~~~~~~~~~~~~~~^^^^^^^^^^^^^^^^^^^^^^^^^^^^^
  File "C:\Python314\Lib\asyncio\proactor_events.py", line 165, in _call_connection_lost
    self._sock.shutdown(socket.SHUT_RDWR)
    ~~~~~~~~~~~~~~~~~~~^^^^^^^^^^^^^^^^^^
ConnectionResetError: [WinError 10054] Eine vorhandene Verbindung wurde vom Remotehost geschlossen
WARNING:  Unsupported upgrade request.
WARNING:  No supported WebSocket library detected. Please use "pip install 'uvicorn[standard]'", or install 'websockets' or 'wsproto' manually.
WARNING:  Unsupported upgrade request.
WARNING:  No supported WebSocket library detected. Please use "pip install 'uvicorn[standard]'", or install 'websockets' or 'wsproto' manually.
WARNING:  Unsupported upgrade request.
WARNING:  No supported WebSocket library detected. Please use "pip install 'uvicorn[standard]'", or install 'websockets' or 'wsproto' manually.
WARNING:  Unsupported upgrade request.
WARNING:  No supported WebSocket library detected. Please use "pip install 'uvicorn[standard]'", or install 'websockets' or 'wsproto' manually.
WARNING:  Unsupported upgrade request.
WARNING:  No supported WebSocket library detected. Please use "pip install 'uvicorn[standard]'", or install 'websockets' or 'wsproto' manually.
WARNING:  Unsupported upgrade request.
WARNING:  No supported WebSocket library detected. Please use "pip install 'uvicorn[standard]'", or install 'websockets' or 'wsproto' manually.
WARNING:  Unsupported upgrade request.
WARNING:  No supported WebSocket library detected. Please use "pip install 'uvicorn[standard]'", or install 'websockets' or 'wsproto' manually.
WARNING:  Unsupported upgrade request.
WARNING:  No supported WebSocket library detected. Please use "pip install 'uvicorn[standard]'", or install 'websockets' or 'wsproto' manually.
2026-07-09 03:53:14,449 - asyncio - ERROR - Exception in callback _ProactorBasePipeTransport._call_connection_lost()
handle: <Handle _ProactorBasePipeTransport._call_connection_lost()>
Traceback (most recent call last):
  File "C:\Python314\Lib\asyncio\events.py", line 94, in _run
    self._context.run(self._callback, *self._args)
    ~~~~~~~~~~~~~~~~~^^^^^^^^^^^^^^^^^^^^^^^^^^^^^
  File "C:\Python314\Lib\asyncio\proactor_events.py", line 165, in _call_connection_lost
    self._sock.shutdown(socket.SHUT_RDWR)
    ~~~~~~~~~~~~~~~~~~~^^^^^^^^^^^^^^^^^^
ConnectionResetError: [WinError 10054] Eine vorhandene Verbindung wurde vom Remotehost geschlossen
WARNING:  Unsupported upgrade request.
WARNING:  No supported WebSocket library detected. Please use "pip install 'uvicorn[standard]'", or install 'websockets' or 'wsproto' manually.
WARNING:  Unsupported upgrade request.
WARNING:  No supported WebSocket library detected. Please use "pip install 'uvicorn[standard]'", or install 'websockets' or 'wsproto' manually.
2026-07-09 03:53:15,601 - asyncio - ERROR - Exception in callback _ProactorBasePipeTransport._call_connection_lost()
handle: <Handle _ProactorBasePipeTransport._call_connection_lost()>
Traceback (most recent call last):
  File "C:\Python314\Lib\asyncio\events.py", line 94, in _run
    self._context.run(self._callback, *self._args)
    ~~~~~~~~~~~~~~~~~^^^^^^^^^^^^^^^^^^^^^^^^^^^^^
  File "C:\Python314\Lib\asyncio\proactor_events.py", line 165, in _call_connection_lost
    self._sock.shutdown(socket.SHUT_RDWR)
    ~~~~~~~~~~~~~~~~~~~^^^^^^^^^^^^^^^^^^
ConnectionResetError: [WinError 10054] Eine vorhandene Verbindung wurde vom Remotehost geschlossen
WARNING:  Unsupported upgrade request.
WARNING:  No supported WebSocket library detected. Please use "pip install 'uvicorn[standard]'", or install 'websockets' or 'wsproto' manually.
WARNING:  Unsupported upgrade request.
WARNING:  No supported WebSocket library detected. Please use "pip install 'uvicorn[standard]'", or install 'websockets' or 'wsproto' manually.
2026-07-09 03:53:17,429 - asyncio - ERROR - Exception in callback _ProactorBasePipeTransport._call_connection_lost()
handle: <Handle _ProactorBasePipeTransport._call_connection_lost()>
Traceback (most recent call last):
  File "C:\Python314\Lib\asyncio\events.py", line 94, in _run
    self._context.run(self._callback, *self._args)
    ~~~~~~~~~~~~~~~~~^^^^^^^^^^^^^^^^^^^^^^^^^^^^^
  File "C:\Python314\Lib\asyncio\proactor_events.py", line 165, in _call_connection_lost
    self._sock.shutdown(socket.SHUT_RDWR)
    ~~~~~~~~~~~~~~~~~~~^^^^^^^^^^^^^^^^^^
ConnectionResetError: [WinError 10054] Eine vorhandene Verbindung wurde vom Remotehost geschlossen
WARNING:  Unsupported upgrade request.
WARNING:  No supported WebSocket library detected. Please use "pip install 'uvicorn[standard]'", or install 'websockets' or 'wsproto' manually.
WARNING:  Unsupported upgrade request.
WARNING:  No supported WebSocket library detected. Please use "pip install 'uvicorn[standard]'", or install 'websockets' or 'wsproto' manually.
2026-07-09 03:53:20,706 - asyncio - ERROR - Exception in callback _ProactorBasePipeTransport._call_connection_lost()
handle: <Handle _ProactorBasePipeTransport._call_connection_lost()>
Traceback (most recent call last):
  File "C:\Python314\Lib\asyncio\events.py", line 94, in _run
    self._context.run(self._callback, *self._args)
    ~~~~~~~~~~~~~~~~~^^^^^^^^^^^^^^^^^^^^^^^^^^^^^
  File "C:\Python314\Lib\asyncio\proactor_events.py", line 165, in _call_connection_lost
    self._sock.shutdown(socket.SHUT_RDWR)
    ~~~~~~~~~~~~~~~~~~~^^^^^^^^^^^^^^^^^^
ConnectionResetError: [WinError 10054] Eine vorhandene Verbindung wurde vom Remotehost geschlossen
WARNING:  Unsupported upgrade request.
WARNING:  No supported WebSocket library detected. Please use "pip install 'uvicorn[standard]'", or install 'websockets' or 'wsproto' manually.
2026-07-09 03:53:23,638 - asyncio - ERROR - Exception in callback _ProactorBasePipeTransport._call_connection_lost()
handle: <Handle _ProactorBasePipeTransport._call_connection_lost()>
Traceback (most recent call last):
  File "C:\Python314\Lib\asyncio\events.py", line 94, in _run
    self._context.run(self._callback, *self._args)
    ~~~~~~~~~~~~~~~~~^^^^^^^^^^^^^^^^^^^^^^^^^^^^^
  File "C:\Python314\Lib\asyncio\proactor_events.py", line 165, in _call_connection_lost
    self._sock.shutdown(socket.SHUT_RDWR)
    ~~~~~~~~~~~~~~~~~~~^^^^^^^^^^^^^^^^^^
ConnectionResetError: [WinError 10054] Eine vorhandene Verbindung wurde vom Remotehost geschlossen
WARNING:  Unsupported upgrade request.
WARNING:  No supported WebSocket library detected. Please use "pip install 'uvicorn[standard]'", or install 'websockets' or 'wsproto' manually.
WARNING:  Unsupported upgrade request.
WARNING:  No supported WebSocket library detected. Please use "pip install 'uvicorn[standard]'", or install 'websockets' or 'wsproto' manually.
WARNING:  Unsupported upgrade request.
WARNING:  No supported WebSocket library detected. Please use "pip install 'uvicorn[standard]'", or install 'websockets' or 'wsproto' manually.
WARNING:  Unsupported upgrade request.
WARNING:  No supported WebSocket library detected. Please use "pip install 'uvicorn[standard]'", or install 'websockets' or 'wsproto' manually.
WARNING:  Unsupported upgrade request.
WARNING:  No supported WebSocket library detected. Please use "pip install 'uvicorn[standard]'", or install 'websockets' or 'wsproto' manually.
WARNING:  Unsupported upgrade request.
WARNING:  No supported WebSocket library detected. Please use "pip install 'uvicorn[standard]'", or install 'websockets' or 'wsproto' manually.
2026-07-09 03:53:29,328 - asyncio - ERROR - Exception in callback _ProactorBasePipeTransport._call_connection_lost()
handle: <Handle _ProactorBasePipeTransport._call_connection_lost()>
Traceback (most recent call last):
  File "C:\Python314\Lib\asyncio\events.py", line 94, in _run
    self._context.run(self._callback, *self._args)
    ~~~~~~~~~~~~~~~~~^^^^^^^^^^^^^^^^^^^^^^^^^^^^^
  File "C:\Python314\Lib\asyncio\proactor_events.py", line 165, in _call_connection_lost
    self._sock.shutdown(socket.SHUT_RDWR)
    ~~~~~~~~~~~~~~~~~~~^^^^^^^^^^^^^^^^^^
ConnectionResetError: [WinError 10054] Eine vorhandene Verbindung wurde vom Remotehost geschlossen
WARNING:  Unsupported upgrade request.
WARNING:  No supported WebSocket library detected. Please use "pip install 'uvicorn[standard]'", or install 'websockets' or 'wsproto' manually.
WARNING:  Unsupported upgrade request.
WARNING:  No supported WebSocket library detected. Please use "pip install 'uvicorn[standard]'", or install 'websockets' or 'wsproto' manually.
WARNING:  Unsupported upgrade request.
WARNING:  No supported WebSocket library detected. Please use "pip install 'uvicorn[standard]'", or install 'websockets' or 'wsproto' manually.
2026-07-09 03:53:32,483 - asyncio - ERROR - Exception in callback _ProactorBasePipeTransport._call_connection_lost()
handle: <Handle _ProactorBasePipeTransport._call_connection_lost()>
Traceback (most recent call last):
  File "C:\Python314\Lib\asyncio\events.py", line 94, in _run
    self._context.run(self._callback, *self._args)
    ~~~~~~~~~~~~~~~~~^^^^^^^^^^^^^^^^^^^^^^^^^^^^^
  File "C:\Python314\Lib\asyncio\proactor_events.py", line 165, in _call_connection_lost
    self._sock.shutdown(socket.SHUT_RDWR)
    ~~~~~~~~~~~~~~~~~~~^^^^^^^^^^^^^^^^^^
ConnectionResetError: [WinError 10054] Eine vorhandene Verbindung wurde vom Remotehost geschlossen
WARNING:  Unsupported upgrade request.
WARNING:  No supported WebSocket library detected. Please use "pip install 'uvicorn[standard]'", or install 'websockets' or 'wsproto' manually.
WARNING:  Unsupported upgrade request.
WARNING:  No supported WebSocket library detected. Please use "pip install 'uvicorn[standard]'", or install 'websockets' or 'wsproto' manually.
WARNING:  Unsupported upgrade request.
WARNING:  No supported WebSocket library detected. Please use "pip install 'uvicorn[standard]'", or install 'websockets' or 'wsproto' manually.
WARNING:  Unsupported upgrade request.
WARNING:  No supported WebSocket library detected. Please use "pip install 'uvicorn[standard]'", or install 'websockets' or 'wsproto' manually.
WARNING:  Unsupported upgrade request.
WARNING:  No supported WebSocket library detected. Please use "pip install 'uvicorn[standard]'", or install 'websockets' or 'wsproto' manually.
2026-07-09 03:53:38,279 - asyncio - ERROR - Exception in callback _ProactorBasePipeTransport._call_connection_lost()
handle: <Handle _ProactorBasePipeTransport._call_connection_lost()>
Traceback (most recent call last):
  File "C:\Python314\Lib\asyncio\events.py", line 94, in _run
    self._context.run(self._callback, *self._args)
    ~~~~~~~~~~~~~~~~~^^^^^^^^^^^^^^^^^^^^^^^^^^^^^
  File "C:\Python314\Lib\asyncio\proactor_events.py", line 165, in _call_connection_lost
    self._sock.shutdown(socket.SHUT_RDWR)
    ~~~~~~~~~~~~~~~~~~~^^^^^^^^^^^^^^^^^^
ConnectionResetError: [WinError 10054] Eine vorhandene Verbindung wurde vom Remotehost geschlossen
WARNING:  Unsupported upgrade request.
WARNING:  No supported WebSocket library detected. Please use "pip install 'uvicorn[standard]'", or install 'websockets' or 'wsproto' manually.
2026-07-09 03:53:39,778 - asyncio - ERROR - Exception in callback _ProactorBasePipeTransport._call_connection_lost()
handle: <Handle _ProactorBasePipeTransport._call_connection_lost()>
Traceback (most recent call last):
  File "C:\Python314\Lib\asyncio\events.py", line 94, in _run
    self._context.run(self._callback, *self._args)
    ~~~~~~~~~~~~~~~~~^^^^^^^^^^^^^^^^^^^^^^^^^^^^^
  File "C:\Python314\Lib\asyncio\proactor_events.py", line 165, in _call_connection_lost
    self._sock.shutdown(socket.SHUT_RDWR)
    ~~~~~~~~~~~~~~~~~~~^^^^^^^^^^^^^^^^^^
ConnectionResetError: [WinError 10054] Eine vorhandene Verbindung wurde vom Remotehost geschlossen
WARNING:  Unsupported upgrade request.
WARNING:  No supported WebSocket library detected. Please use "pip install 'uvicorn[standard]'", or install 'websockets' or 'wsproto' manually.
2026-07-09 03:53:39,983 - asyncio - ERROR - Exception in callback _ProactorBasePipeTransport._call_connection_lost()
handle: <Handle _ProactorBasePipeTransport._call_connection_lost()>
Traceback (most recent call last):
  File "C:\Python314\Lib\asyncio\events.py", line 94, in _run
    self._context.run(self._callback, *self._args)
    ~~~~~~~~~~~~~~~~~^^^^^^^^^^^^^^^^^^^^^^^^^^^^^
  File "C:\Python314\Lib\asyncio\proactor_events.py", line 165, in _call_connection_lost
    self._sock.shutdown(socket.SHUT_RDWR)
    ~~~~~~~~~~~~~~~~~~~^^^^^^^^^^^^^^^^^^
ConnectionResetError: [WinError 10054] Eine vorhandene Verbindung wurde vom Remotehost geschlossen
WARNING:  Unsupported upgrade request.
WARNING:  No supported WebSocket library detected. Please use "pip install 'uvicorn[standard]'", or install 'websockets' or 'wsproto' manually.
WARNING:  Unsupported upgrade request.
WARNING:  No supported WebSocket library detected. Please use "pip install 'uvicorn[standard]'", or install 'websockets' or 'wsproto' manually.
2026-07-09 03:53:40,187 - asyncio - ERROR - Exception in callback _ProactorBasePipeTransport._call_connection_lost()
handle: <Handle _ProactorBasePipeTransport._call_connection_lost()>
Traceback (most recent call last):
  File "C:\Python314\Lib\asyncio\events.py", line 94, in _run
    self._context.run(self._callback, *self._args)
    ~~~~~~~~~~~~~~~~~^^^^^^^^^^^^^^^^^^^^^^^^^^^^^
  File "C:\Python314\Lib\asyncio\proactor_events.py", line 165, in _call_connection_lost
    self._sock.shutdown(socket.SHUT_RDWR)
    ~~~~~~~~~~~~~~~~~~~^^^^^^^^^^^^^^^^^^
ConnectionResetError: [WinError 10054] Eine vorhandene Verbindung wurde vom Remotehost geschlossen
WARNING:  Unsupported upgrade request.
WARNING:  No supported WebSocket library detected. Please use "pip install 'uvicorn[standard]'", or install 'websockets' or 'wsproto' manually.
2026-07-09 03:53:40,251 - asyncio - ERROR - Exception in callback _ProactorBasePipeTransport._call_connection_lost()
handle: <Handle _ProactorBasePipeTransport._call_connection_lost()>
Traceback (most recent call last):
  File "C:\Python314\Lib\asyncio\events.py", line 94, in _run
    self._context.run(self._callback, *self._args)
    ~~~~~~~~~~~~~~~~~^^^^^^^^^^^^^^^^^^^^^^^^^^^^^
  File "C:\Python314\Lib\asyncio\proactor_events.py", line 165, in _call_connection_lost
    self._sock.shutdown(socket.SHUT_RDWR)
    ~~~~~~~~~~~~~~~~~~~^^^^^^^^^^^^^^^^^^
ConnectionResetError: [WinError 10054] Eine vorhandene Verbindung wurde vom Remotehost geschlossen
WARNING:  Unsupported upgrade request.
WARNING:  No supported WebSocket library detected. Please use "pip install 'uvicorn[standard]'", or install 'websockets' or 'wsproto' manually.
WARNING:  Unsupported upgrade request.
WARNING:  No supported WebSocket library detected. Please use "pip install 'uvicorn[standard]'", or install 'websockets' or 'wsproto' manually.
2026-07-09 03:53:44,245 - asyncio - ERROR - Exception in callback _ProactorBasePipeTransport._call_connection_lost()
handle: <Handle _ProactorBasePipeTransport._call_connection_lost()>
Traceback (most recent call last):
  File "C:\Python314\Lib\asyncio\events.py", line 94, in _run
    self._context.run(self._callback, *self._args)
    ~~~~~~~~~~~~~~~~~^^^^^^^^^^^^^^^^^^^^^^^^^^^^^
  File "C:\Python314\Lib\asyncio\proactor_events.py", line 165, in _call_connection_lost
    self._sock.shutdown(socket.SHUT_RDWR)
    ~~~~~~~~~~~~~~~~~~~^^^^^^^^^^^^^^^^^^
ConnectionResetError: [WinError 10054] Eine vorhandene Verbindung wurde vom Remotehost geschlossen
WARNING:  Unsupported upgrade request.
WARNING:  No supported WebSocket library detected. Please use "pip install 'uvicorn[standard]'", or install 'websockets' or 'wsproto' manually.
2026-07-09 03:53:44,259 - asyncio - ERROR - Exception in callback _ProactorBasePipeTransport._call_connection_lost()
handle: <Handle _ProactorBasePipeTransport._call_connection_lost()>
Traceback (most recent call last):
  File "C:\Python314\Lib\asyncio\events.py", line 94, in _run
    self._context.run(self._callback, *self._args)
    ~~~~~~~~~~~~~~~~~^^^^^^^^^^^^^^^^^^^^^^^^^^^^^
  File "C:\Python314\Lib\asyncio\proactor_events.py", line 165, in _call_connection_lost
    self._sock.shutdown(socket.SHUT_RDWR)
    ~~~~~~~~~~~~~~~~~~~^^^^^^^^^^^^^^^^^^
ConnectionResetError: [WinError 10054] Eine vorhandene Verbindung wurde vom Remotehost geschlossen
WARNING:  Unsupported upgrade request.
WARNING:  No supported WebSocket library detected. Please use "pip install 'uvicorn[standard]'", or install 'websockets' or 'wsproto' manually.
WARNING:  Unsupported upgrade request.
WARNING:  No supported WebSocket library detected. Please use "pip install 'uvicorn[standard]'", or install 'websockets' or 'wsproto' manually.
WARNING:  Unsupported upgrade request.
WARNING:  No supported WebSocket library detected. Please use "pip install 'uvicorn[standard]'", or install 'websockets' or 'wsproto' manually.
WARNING:  Unsupported upgrade request.
WARNING:  No supported WebSocket library detected. Please use "pip install 'uvicorn[standard]'", or install 'websockets' or 'wsproto' manually.
WARNING:  Unsupported upgrade request.
WARNING:  No supported WebSocket library detected. Please use "pip install 'uvicorn[standard]'", or install 'websockets' or 'wsproto' manually.
WARNING:  Unsupported upgrade request.
WARNING:  No supported WebSocket library detected. Please use "pip install 'uvicorn[standard]'", or install 'websockets' or 'wsproto' manually.
2026-07-09 03:53:49,241 - asyncio - ERROR - Exception in callback _ProactorBasePipeTransport._call_connection_lost()
handle: <Handle _ProactorBasePipeTransport._call_connection_lost()>
Traceback (most recent call last):
  File "C:\Python314\Lib\asyncio\events.py", line 94, in _run
    self._context.run(self._callback, *self._args)
    ~~~~~~~~~~~~~~~~~^^^^^^^^^^^^^^^^^^^^^^^^^^^^^
  File "C:\Python314\Lib\asyncio\proactor_events.py", line 165, in _call_connection_lost
    self._sock.shutdown(socket.SHUT_RDWR)
    ~~~~~~~~~~~~~~~~~~~^^^^^^^^^^^^^^^^^^
ConnectionResetError: [WinError 10054] Eine vorhandene Verbindung wurde vom Remotehost geschlossen
WARNING:  Unsupported upgrade request.
WARNING:  No supported WebSocket library detected. Please use "pip install 'uvicorn[standard]'", or install 'websockets' or 'wsproto' manually.
WARNING:  Unsupported upgrade request.
WARNING:  No supported WebSocket library detected. Please use "pip install 'uvicorn[standard]'", or install 'websockets' or 'wsproto' manually.
2026-07-09 03:53:51,854 - asyncio - ERROR - Exception in callback _ProactorBasePipeTransport._call_connection_lost()
handle: <Handle _ProactorBasePipeTransport._call_connection_lost()>
Traceback (most recent call last):
  File "C:\Python314\Lib\asyncio\events.py", line 94, in _run
    self._context.run(self._callback, *self._args)
    ~~~~~~~~~~~~~~~~~^^^^^^^^^^^^^^^^^^^^^^^^^^^^^
  File "C:\Python314\Lib\asyncio\proactor_events.py", line 165, in _call_connection_lost
    self._sock.shutdown(socket.SHUT_RDWR)
    ~~~~~~~~~~~~~~~~~~~^^^^^^^^^^^^^^^^^^
ConnectionResetError: [WinError 10054] Eine vorhandene Verbindung wurde vom Remotehost geschlossen
WARNING:  Unsupported upgrade request.
WARNING:  No supported WebSocket library detected. Please use "pip install 'uvicorn[standard]'", or install 'websockets' or 'wsproto' manually.
2026-07-09 03:53:52,470 - asyncio - ERROR - Exception in callback _ProactorBasePipeTransport._call_connection_lost()
handle: <Handle _ProactorBasePipeTransport._call_connection_lost()>
Traceback (most recent call last):
  File "C:\Python314\Lib\asyncio\events.py", line 94, in _run
    self._context.run(self._callback, *self._args)
    ~~~~~~~~~~~~~~~~~^^^^^^^^^^^^^^^^^^^^^^^^^^^^^
  File "C:\Python314\Lib\asyncio\proactor_events.py", line 165, in _call_connection_lost
    self._sock.shutdown(socket.SHUT_RDWR)
    ~~~~~~~~~~~~~~~~~~~^^^^^^^^^^^^^^^^^^
ConnectionResetError: [WinError 10054] Eine vorhandene Verbindung wurde vom Remotehost geschlossen
WARNING:  Unsupported upgrade request.
WARNING:  No supported WebSocket library detected. Please use "pip install 'uvicorn[standard]'", or install 'websockets' or 'wsproto' manually.
2026-07-09 03:53:53,246 - asyncio - ERROR - Exception in callback _ProactorBasePipeTransport._call_connection_lost()
handle: <Handle _ProactorBasePipeTransport._call_connection_lost()>
Traceback (most recent call last):
  File "C:\Python314\Lib\asyncio\events.py", line 94, in _run
    self._context.run(self._callback, *self._args)
    ~~~~~~~~~~~~~~~~~^^^^^^^^^^^^^^^^^^^^^^^^^^^^^
  File "C:\Python314\Lib\asyncio\proactor_events.py", line 165, in _call_connection_lost
    self._sock.shutdown(socket.SHUT_RDWR)
    ~~~~~~~~~~~~~~~~~~~^^^^^^^^^^^^^^^^^^
ConnectionResetError: [WinError 10054] Eine vorhandene Verbindung wurde vom Remotehost geschlossen
WARNING:  Unsupported upgrade request.
WARNING:  No supported WebSocket library detected. Please use "pip install 'uvicorn[standard]'", or install 'websockets' or 'wsproto' manually.
WARNING:  Unsupported upgrade request.
WARNING:  No supported WebSocket library detected. Please use "pip install 'uvicorn[standard]'", or install 'websockets' or 'wsproto' manually.
WARNING:  Unsupported upgrade request.
WARNING:  No supported WebSocket library detected. Please use "pip install 'uvicorn[standard]'", or install 'websockets' or 'wsproto' manually.
2026-07-09 03:53:55,866 - asyncio - ERROR - Exception in callback _ProactorBasePipeTransport._call_connection_lost()
handle: <Handle _ProactorBasePipeTransport._call_connection_lost()>
Traceback (most recent call last):
  File "C:\Python314\Lib\asyncio\events.py", line 94, in _run
    self._context.run(self._callback, *self._args)
    ~~~~~~~~~~~~~~~~~^^^^^^^^^^^^^^^^^^^^^^^^^^^^^
  File "C:\Python314\Lib\asyncio\proactor_events.py", line 165, in _call_connection_lost
    self._sock.shutdown(socket.SHUT_RDWR)
    ~~~~~~~~~~~~~~~~~~~^^^^^^^^^^^^^^^^^^
ConnectionResetError: [WinError 10054] Eine vorhandene Verbindung wurde vom Remotehost geschlossen
WARNING:  Unsupported upgrade request.
WARNING:  No supported WebSocket library detected. Please use "pip install 'uvicorn[standard]'", or install 'websockets' or 'wsproto' manually.
WARNING:  Unsupported upgrade request.
WARNING:  No supported WebSocket library detected. Please use "pip install 'uvicorn[standard]'", or install 'websockets' or 'wsproto' manually.
WARNING:  Unsupported upgrade request.
WARNING:  No supported WebSocket library detected. Please use "pip install 'uvicorn[standard]'", or install 'websockets' or 'wsproto' manually.
WARNING:  Unsupported upgrade request.
WARNING:  No supported WebSocket library detected. Please use "pip install 'uvicorn[standard]'", or install 'websockets' or 'wsproto' manually.
2026-07-09 03:53:59,237 - asyncio - ERROR - Exception in callback _ProactorBasePipeTransport._call_connection_lost()
handle: <Handle _ProactorBasePipeTransport._call_connection_lost()>
Traceback (most recent call last):
  File "C:\Python314\Lib\asyncio\events.py", line 94, in _run
    self._context.run(self._callback, *self._args)
    ~~~~~~~~~~~~~~~~~^^^^^^^^^^^^^^^^^^^^^^^^^^^^^
  File "C:\Python314\Lib\asyncio\proactor_events.py", line 165, in _call_connection_lost
    self._sock.shutdown(socket.SHUT_RDWR)
    ~~~~~~~~~~~~~~~~~~~^^^^^^^^^^^^^^^^^^
ConnectionResetError: [WinError 10054] Eine vorhandene Verbindung wurde vom Remotehost geschlossen
WARNING:  Unsupported upgrade request.
WARNING:  No supported WebSocket library detected. Please use "pip install 'uvicorn[standard]'", or install 'websockets' or 'wsproto' manually.
2026-07-09 03:53:59,251 - asyncio - ERROR - Exception in callback _ProactorBasePipeTransport._call_connection_lost()
handle: <Handle _ProactorBasePipeTransport._call_connection_lost()>
Traceback (most recent call last):
  File "C:\Python314\Lib\asyncio\events.py", line 94, in _run
    self._context.run(self._callback, *self._args)
    ~~~~~~~~~~~~~~~~~^^^^^^^^^^^^^^^^^^^^^^^^^^^^^
  File "C:\Python314\Lib\asyncio\proactor_events.py", line 165, in _call_connection_lost
    self._sock.shutdown(socket.SHUT_RDWR)
    ~~~~~~~~~~~~~~~~~~~^^^^^^^^^^^^^^^^^^
ConnectionResetError: [WinError 10054] Eine vorhandene Verbindung wurde vom Remotehost geschlossen
WARNING:  Unsupported upgrade request.
WARNING:  No supported WebSocket library detected. Please use "pip install 'uvicorn[standard]'", or install 'websockets' or 'wsproto' manually.
WARNING:  Unsupported upgrade request.
WARNING:  No supported WebSocket library detected. Please use "pip install 'uvicorn[standard]'", or install 'websockets' or 'wsproto' manually.
2026-07-09 03:54:03,256 - asyncio - ERROR - Exception in callback _ProactorBasePipeTransport._call_connection_lost()
handle: <Handle _ProactorBasePipeTransport._call_connection_lost()>
Traceback (most recent call last):
  File "C:\Python314\Lib\asyncio\events.py", line 94, in _run
    self._context.run(self._callback, *self._args)
    ~~~~~~~~~~~~~~~~~^^^^^^^^^^^^^^^^^^^^^^^^^^^^^
  File "C:\Python314\Lib\asyncio\proactor_events.py", line 165, in _call_connection_lost
    self._sock.shutdown(socket.SHUT_RDWR)
    ~~~~~~~~~~~~~~~~~~~^^^^^^^^^^^^^^^^^^
ConnectionResetError: [WinError 10054] Eine vorhandene Verbindung wurde vom Remotehost geschlossen
WARNING:  Unsupported upgrade request.
WARNING:  No supported WebSocket library detected. Please use "pip install 'uvicorn[standard]'", or install 'websockets' or 'wsproto' manually.
2026-07-09 03:54:03,263 - asyncio - ERROR - Exception in callback _ProactorBasePipeTransport._call_connection_lost()
handle: <Handle _ProactorBasePipeTransport._call_connection_lost()>
Traceback (most recent call last):
  File "C:\Python314\Lib\asyncio\events.py", line 94, in _run
    self._context.run(self._callback, *self._args)
    ~~~~~~~~~~~~~~~~~^^^^^^^^^^^^^^^^^^^^^^^^^^^^^
  File "C:\Python314\Lib\asyncio\proactor_events.py", line 165, in _call_connection_lost
    self._sock.shutdown(socket.SHUT_RDWR)
    ~~~~~~~~~~~~~~~~~~~^^^^^^^^^^^^^^^^^^
ConnectionResetError: [WinError 10054] Eine vorhandene Verbindung wurde vom Remotehost geschlossen
WARNING:  Unsupported upgrade request.
WARNING:  No supported WebSocket library detected. Please use "pip install 'uvicorn[standard]'", or install 'websockets' or 'wsproto' manually.
2026-07-09 03:54:03,618 - asyncio - ERROR - Exception in callback _ProactorBasePipeTransport._call_connection_lost()
handle: <Handle _ProactorBasePipeTransport._call_connection_lost()>
Traceback (most recent call last):
  File "C:\Python314\Lib\asyncio\events.py", line 94, in _run
    self._context.run(self._callback, *self._args)
    ~~~~~~~~~~~~~~~~~^^^^^^^^^^^^^^^^^^^^^^^^^^^^^
  File "C:\Python314\Lib\asyncio\proactor_events.py", line 165, in _call_connection_lost
    self._sock.shutdown(socket.SHUT_RDWR)
    ~~~~~~~~~~~~~~~~~~~^^^^^^^^^^^^^^^^^^
ConnectionResetError: [WinError 10054] Eine vorhandene Verbindung wurde vom Remotehost geschlossen
WARNING:  Unsupported upgrade request.
WARNING:  No supported WebSocket library detected. Please use "pip install 'uvicorn[standard]'", or install 'websockets' or 'wsproto' manually.
2026-07-09 03:54:03,936 - asyncio - ERROR - Exception in callback _ProactorBasePipeTransport._call_connection_lost()
handle: <Handle _ProactorBasePipeTransport._call_connection_lost()>
Traceback (most recent call last):
  File "C:\Python314\Lib\asyncio\events.py", line 94, in _run
    self._context.run(self._callback, *self._args)
    ~~~~~~~~~~~~~~~~~^^^^^^^^^^^^^^^^^^^^^^^^^^^^^
  File "C:\Python314\Lib\asyncio\proactor_events.py", line 165, in _call_connection_lost
    self._sock.shutdown(socket.SHUT_RDWR)
    ~~~~~~~~~~~~~~~~~~~^^^^^^^^^^^^^^^^^^
ConnectionResetError: [WinError 10054] Eine vorhandene Verbindung wurde vom Remotehost geschlossen
WARNING:  Unsupported upgrade request.
WARNING:  No supported WebSocket library detected. Please use "pip install 'uvicorn[standard]'", or install 'websockets' or 'wsproto' manually.
WARNING:  Unsupported upgrade request.
WARNING:  No supported WebSocket library detected. Please use "pip install 'uvicorn[standard]'", or install 'websockets' or 'wsproto' manually.
2026-07-09 03:54:04,784 - asyncio - ERROR - Exception in callback _ProactorBasePipeTransport._call_connection_lost()
handle: <Handle _ProactorBasePipeTransport._call_connection_lost()>
Traceback (most recent call last):
  File "C:\Python314\Lib\asyncio\events.py", line 94, in _run
    self._context.run(self._callback, *self._args)
    ~~~~~~~~~~~~~~~~~^^^^^^^^^^^^^^^^^^^^^^^^^^^^^
  File "C:\Python314\Lib\asyncio\proactor_events.py", line 165, in _call_connection_lost
    self._sock.shutdown(socket.SHUT_RDWR)
    ~~~~~~~~~~~~~~~~~~~^^^^^^^^^^^^^^^^^^
ConnectionResetError: [WinError 10054] Eine vorhandene Verbindung wurde vom Remotehost geschlossen
WARNING:  Unsupported upgrade request.
WARNING:  No supported WebSocket library detected. Please use "pip install 'uvicorn[standard]'", or install 'websockets' or 'wsproto' manually.
2026-07-09 03:54:07,980 - asyncio - ERROR - Exception in callback _ProactorBasePipeTransport._call_connection_lost()
handle: <Handle _ProactorBasePipeTransport._call_connection_lost()>
Traceback (most recent call last):
  File "C:\Python314\Lib\asyncio\events.py", line 94, in _run
    self._context.run(self._callback, *self._args)
    ~~~~~~~~~~~~~~~~~^^^^^^^^^^^^^^^^^^^^^^^^^^^^^
  File "C:\Python314\Lib\asyncio\proactor_events.py", line 165, in _call_connection_lost
    self._sock.shutdown(socket.SHUT_RDWR)
    ~~~~~~~~~~~~~~~~~~~^^^^^^^^^^^^^^^^^^
ConnectionResetError: [WinError 10054] Eine vorhandene Verbindung wurde vom Remotehost geschlossen
WARNING:  Unsupported upgrade request.
WARNING:  No supported WebSocket library detected. Please use "pip install 'uvicorn[standard]'", or install 'websockets' or 'wsproto' manually.
WARNING:  Unsupported upgrade request.
WARNING:  No supported WebSocket library detected. Please use "pip install 'uvicorn[standard]'", or install 'websockets' or 'wsproto' manually.
2026-07-09 03:54:08,248 - asyncio - ERROR - Exception in callback _ProactorBasePipeTransport._call_connection_lost()
handle: <Handle _ProactorBasePipeTransport._call_connection_lost()>
Traceback (most recent call last):
  File "C:\Python314\Lib\asyncio\events.py", line 94, in _run
    self._context.run(self._callback, *self._args)
    ~~~~~~~~~~~~~~~~~^^^^^^^^^^^^^^^^^^^^^^^^^^^^^
  File "C:\Python314\Lib\asyncio\proactor_events.py", line 165, in _call_connection_lost
    self._sock.shutdown(socket.SHUT_RDWR)
    ~~~~~~~~~~~~~~~~~~~^^^^^^^^^^^^^^^^^^
ConnectionResetError: [WinError 10054] Eine vorhandene Verbindung wurde vom Remotehost geschlossen
WARNING:  Unsupported upgrade request.
WARNING:  No supported WebSocket library detected. Please use "pip install 'uvicorn[standard]'", or install 'websockets' or 'wsproto' manually.
WARNING:  Unsupported upgrade request.
WARNING:  No supported WebSocket library detected. Please use "pip install 'uvicorn[standard]'", or install 'websockets' or 'wsproto' manually.
WARNING:  Unsupported upgrade request.
WARNING:  No supported WebSocket library detected. Please use "pip install 'uvicorn[standard]'", or install 'websockets' or 'wsproto' manually.
WARNING:  Unsupported upgrade request.
WARNING:  No supported WebSocket library detected. Please use "pip install 'uvicorn[standard]'", or install 'websockets' or 'wsproto' manually.
2026-07-09 03:54:12,251 - asyncio - ERROR - Exception in callback _ProactorBasePipeTransport._call_connection_lost()
handle: <Handle _ProactorBasePipeTransport._call_connection_lost()>
Traceback (most recent call last):
  File "C:\Python314\Lib\asyncio\events.py", line 94, in _run
    self._context.run(self._callback, *self._args)
    ~~~~~~~~~~~~~~~~~^^^^^^^^^^^^^^^^^^^^^^^^^^^^^
  File "C:\Python314\Lib\asyncio\proactor_events.py", line 165, in _call_connection_lost
    self._sock.shutdown(socket.SHUT_RDWR)
    ~~~~~~~~~~~~~~~~~~~^^^^^^^^^^^^^^^^^^
ConnectionResetError: [WinError 10054] Eine vorhandene Verbindung wurde vom Remotehost geschlossen
WARNING:  Unsupported upgrade request.
WARNING:  No supported WebSocket library detected. Please use "pip install 'uvicorn[standard]'", or install 'websockets' or 'wsproto' manually.
WARNING:  Unsupported upgrade request.
WARNING:  No supported WebSocket library detected. Please use "pip install 'uvicorn[standard]'", or install 'websockets' or 'wsproto' manually.
2026-07-09 03:54:13,259 - asyncio - ERROR - Exception in callback _ProactorBasePipeTransport._call_connection_lost()
handle: <Handle _ProactorBasePipeTransport._call_connection_lost()>
Traceback (most recent call last):
  File "C:\Python314\Lib\asyncio\events.py", line 94, in _run
    self._context.run(self._callback, *self._args)
    ~~~~~~~~~~~~~~~~~^^^^^^^^^^^^^^^^^^^^^^^^^^^^^
  File "C:\Python314\Lib\asyncio\proactor_events.py", line 165, in _call_connection_lost
    self._sock.shutdown(socket.SHUT_RDWR)
    ~~~~~~~~~~~~~~~~~~~^^^^^^^^^^^^^^^^^^
ConnectionResetError: [WinError 10054] Eine vorhandene Verbindung wurde vom Remotehost geschlossen
WARNING:  Unsupported upgrade request.
WARNING:  No supported WebSocket library detected. Please use "pip install 'uvicorn[standard]'", or install 'websockets' or 'wsproto' manually.
2026-07-09 03:54:13,273 - asyncio - ERROR - Exception in callback _ProactorBasePipeTransport._call_connection_lost()
handle: <Handle _ProactorBasePipeTransport._call_connection_lost()>
Traceback (most recent call last):
  File "C:\Python314\Lib\asyncio\events.py", line 94, in _run
    self._context.run(self._callback, *self._args)
    ~~~~~~~~~~~~~~~~~^^^^^^^^^^^^^^^^^^^^^^^^^^^^^
  File "C:\Python314\Lib\asyncio\proactor_events.py", line 165, in _call_connection_lost
    self._sock.shutdown(socket.SHUT_RDWR)
    ~~~~~~~~~~~~~~~~~~~^^^^^^^^^^^^^^^^^^
ConnectionResetError: [WinError 10054] Eine vorhandene Verbindung wurde vom Remotehost geschlossen
WARNING:  Unsupported upgrade request.
WARNING:  No supported WebSocket library detected. Please use "pip install 'uvicorn[standard]'", or install 'websockets' or 'wsproto' manually.
WARNING:  Unsupported upgrade request.
WARNING:  No supported WebSocket library detected. Please use "pip install 'uvicorn[standard]'", or install 'websockets' or 'wsproto' manually.
WARNING:  Unsupported upgrade request.
WARNING:  No supported WebSocket library detected. Please use "pip install 'uvicorn[standard]'", or install 'websockets' or 'wsproto' manually.
WARNING:  Unsupported upgrade request.
WARNING:  No supported WebSocket library detected. Please use "pip install 'uvicorn[standard]'", or install 'websockets' or 'wsproto' manually.
2026-07-09 03:54:18,294 - asyncio - ERROR - Exception in callback _ProactorBasePipeTransport._call_connection_lost()
handle: <Handle _ProactorBasePipeTransport._call_connection_lost()>
Traceback (most recent call last):
  File "C:\Python314\Lib\asyncio\events.py", line 94, in _run
    self._context.run(self._callback, *self._args)
    ~~~~~~~~~~~~~~~~~^^^^^^^^^^^^^^^^^^^^^^^^^^^^^
  File "C:\Python314\Lib\asyncio\proactor_events.py", line 165, in _call_connection_lost
    self._sock.shutdown(socket.SHUT_RDWR)
    ~~~~~~~~~~~~~~~~~~~^^^^^^^^^^^^^^^^^^
ConnectionResetError: [WinError 10054] Eine vorhandene Verbindung wurde vom Remotehost geschlossen
WARNING:  Unsupported upgrade request.
WARNING:  No supported WebSocket library detected. Please use "pip install 'uvicorn[standard]'", or install 'websockets' or 'wsproto' manually.
2026-07-09 03:54:20,061 - asyncio - ERROR - Exception in callback _ProactorBasePipeTransport._call_connection_lost()
handle: <Handle _ProactorBasePipeTransport._call_connection_lost()>
Traceback (most recent call last):
  File "C:\Python314\Lib\asyncio\events.py", line 94, in _run
    self._context.run(self._callback, *self._args)
    ~~~~~~~~~~~~~~~~~^^^^^^^^^^^^^^^^^^^^^^^^^^^^^
  File "C:\Python314\Lib\asyncio\proactor_events.py", line 165, in _call_connection_lost
    self._sock.shutdown(socket.SHUT_RDWR)
    ~~~~~~~~~~~~~~~~~~~^^^^^^^^^^^^^^^^^^
ConnectionResetError: [WinError 10054] Eine vorhandene Verbindung wurde vom Remotehost geschlossen
WARNING:  Unsupported upgrade request.
WARNING:  No supported WebSocket library detected. Please use "pip install 'uvicorn[standard]'", or install 'websockets' or 'wsproto' manually.
2026-07-09 03:54:20,210 - asyncio - ERROR - Exception in callback _ProactorBasePipeTransport._call_connection_lost()
handle: <Handle _ProactorBasePipeTransport._call_connection_lost()>
Traceback (most recent call last):
  File "C:\Python314\Lib\asyncio\events.py", line 94, in _run
    self._context.run(self._callback, *self._args)
    ~~~~~~~~~~~~~~~~~^^^^^^^^^^^^^^^^^^^^^^^^^^^^^
  File "C:\Python314\Lib\asyncio\proactor_events.py", line 165, in _call_connection_lost
    self._sock.shutdown(socket.SHUT_RDWR)
    ~~~~~~~~~~~~~~~~~~~^^^^^^^^^^^^^^^^^^
ConnectionResetError: [WinError 10054] Eine vorhandene Verbindung wurde vom Remotehost geschlossen
WARNING:  Unsupported upgrade request.
WARNING:  No supported WebSocket library detected. Please use "pip install 'uvicorn[standard]'", or install 'websockets' or 'wsproto' manually.
2026-07-09 03:54:22,044 - asyncio - ERROR - Exception in callback _ProactorBasePipeTransport._call_connection_lost()
handle: <Handle _ProactorBasePipeTransport._call_connection_lost()>
Traceback (most recent call last):
  File "C:\Python314\Lib\asyncio\events.py", line 94, in _run
    self._context.run(self._callback, *self._args)
    ~~~~~~~~~~~~~~~~~^^^^^^^^^^^^^^^^^^^^^^^^^^^^^
  File "C:\Python314\Lib\asyncio\proactor_events.py", line 165, in _call_connection_lost
    self._sock.shutdown(socket.SHUT_RDWR)
    ~~~~~~~~~~~~~~~~~~~^^^^^^^^^^^^^^^^^^
ConnectionResetError: [WinError 10054] Eine vorhandene Verbindung wurde vom Remotehost geschlossen
WARNING:  Unsupported upgrade request.
WARNING:  No supported WebSocket library detected. Please use "pip install 'uvicorn[standard]'", or install 'websockets' or 'wsproto' manually.
WARNING:  Unsupported upgrade request.
WARNING:  No supported WebSocket library detected. Please use "pip install 'uvicorn[standard]'", or install 'websockets' or 'wsproto' manually.
WARNING:  Unsupported upgrade request.
WARNING:  No supported WebSocket library detected. Please use "pip install 'uvicorn[standard]'", or install 'websockets' or 'wsproto' manually.
WARNING:  Unsupported upgrade request.
WARNING:  No supported WebSocket library detected. Please use "pip install 'uvicorn[standard]'", or install 'websockets' or 'wsproto' manually.
WARNING:  Unsupported upgrade request.
WARNING:  No supported WebSocket library detected. Please use "pip install 'uvicorn[standard]'", or install 'websockets' or 'wsproto' manually.
2026-07-09 03:54:28,086 - asyncio - ERROR - Exception in callback _ProactorBasePipeTransport._call_connection_lost()
handle: <Handle _ProactorBasePipeTransport._call_connection_lost()>
Traceback (most recent call last):
  File "C:\Python314\Lib\asyncio\events.py", line 94, in _run
    self._context.run(self._callback, *self._args)
    ~~~~~~~~~~~~~~~~~^^^^^^^^^^^^^^^^^^^^^^^^^^^^^
  File "C:\Python314\Lib\asyncio\proactor_events.py", line 165, in _call_connection_lost
    self._sock.shutdown(socket.SHUT_RDWR)
    ~~~~~~~~~~~~~~~~~~~^^^^^^^^^^^^^^^^^^
ConnectionResetError: [WinError 10054] Eine vorhandene Verbindung wurde vom Remotehost geschlossen
WARNING:  Unsupported upgrade request.
WARNING:  No supported WebSocket library detected. Please use "pip install 'uvicorn[standard]'", or install 'websockets' or 'wsproto' manually.
2026-07-09 03:54:28,259 - asyncio - ERROR - Exception in callback _ProactorBasePipeTransport._call_connection_lost()
handle: <Handle _ProactorBasePipeTransport._call_connection_lost()>
Traceback (most recent call last):
  File "C:\Python314\Lib\asyncio\events.py", line 94, in _run
    self._context.run(self._callback, *self._args)
    ~~~~~~~~~~~~~~~~~^^^^^^^^^^^^^^^^^^^^^^^^^^^^^
  File "C:\Python314\Lib\asyncio\proactor_events.py", line 165, in _call_connection_lost
    self._sock.shutdown(socket.SHUT_RDWR)
    ~~~~~~~~~~~~~~~~~~~^^^^^^^^^^^^^^^^^^
ConnectionResetError: [WinError 10054] Eine vorhandene Verbindung wurde vom Remotehost geschlossen
WARNING:  Unsupported upgrade request.
WARNING:  No supported WebSocket library detected. Please use "pip install 'uvicorn[standard]'", or install 'websockets' or 'wsproto' manually.
WARNING:  Unsupported upgrade request.
WARNING:  No supported WebSocket library detected. Please use "pip install 'uvicorn[standard]'", or install 'websockets' or 'wsproto' manually.
WARNING:  Unsupported upgrade request.
WARNING:  No supported WebSocket library detected. Please use "pip install 'uvicorn[standard]'", or install 'websockets' or 'wsproto' manually.
WARNING:  Unsupported upgrade request.
WARNING:  No supported WebSocket library detected. Please use "pip install 'uvicorn[standard]'", or install 'websockets' or 'wsproto' manually.
2026-07-09 03:54:28,642 - asyncio - ERROR - Exception in callback _ProactorBasePipeTransport._call_connection_lost()
handle: <Handle _ProactorBasePipeTransport._call_connection_lost()>
Traceback (most recent call last):
  File "C:\Python314\Lib\asyncio\events.py", line 94, in _run
    self._context.run(self._callback, *self._args)
    ~~~~~~~~~~~~~~~~~^^^^^^^^^^^^^^^^^^^^^^^^^^^^^
  File "C:\Python314\Lib\asyncio\proactor_events.py", line 165, in _call_connection_lost
    self._sock.shutdown(socket.SHUT_RDWR)
    ~~~~~~~~~~~~~~~~~~~^^^^^^^^^^^^^^^^^^
ConnectionResetError: [WinError 10054] Eine vorhandene Verbindung wurde vom Remotehost geschlossen
WARNING:  Unsupported upgrade request.
WARNING:  No supported WebSocket library detected. Please use "pip install 'uvicorn[standard]'", or install 'websockets' or 'wsproto' manually.
2026-07-09 03:54:32,486 - asyncio - ERROR - Exception in callback _ProactorBasePipeTransport._call_connection_lost()
handle: <Handle _ProactorBasePipeTransport._call_connection_lost()>
Traceback (most recent call last):
  File "C:\Python314\Lib\asyncio\events.py", line 94, in _run
    self._context.run(self._callback, *self._args)
    ~~~~~~~~~~~~~~~~~^^^^^^^^^^^^^^^^^^^^^^^^^^^^^
  File "C:\Python314\Lib\asyncio\proactor_events.py", line 165, in _call_connection_lost
    self._sock.shutdown(socket.SHUT_RDWR)
    ~~~~~~~~~~~~~~~~~~~^^^^^^^^^^^^^^^^^^
ConnectionResetError: [WinError 10054] Eine vorhandene Verbindung wurde vom Remotehost geschlossen
WARNING:  Unsupported upgrade request.
WARNING:  No supported WebSocket library detected. Please use "pip install 'uvicorn[standard]'", or install 'websockets' or 'wsproto' manually.
2026-07-09 03:54:33,271 - asyncio - ERROR - Exception in callback _ProactorBasePipeTransport._call_connection_lost()
handle: <Handle _ProactorBasePipeTransport._call_connection_lost()>
Traceback (most recent call last):
  File "C:\Python314\Lib\asyncio\events.py", line 94, in _run
    self._context.run(self._callback, *self._args)
    ~~~~~~~~~~~~~~~~~^^^^^^^^^^^^^^^^^^^^^^^^^^^^^
  File "C:\Python314\Lib\asyncio\proactor_events.py", line 165, in _call_connection_lost
    self._sock.shutdown(socket.SHUT_RDWR)
    ~~~~~~~~~~~~~~~~~~~^^^^^^^^^^^^^^^^^^
ConnectionResetError: [WinError 10054] Eine vorhandene Verbindung wurde vom Remotehost geschlossen
WARNING:  Unsupported upgrade request.
WARNING:  No supported WebSocket library detected. Please use "pip install 'uvicorn[standard]'", or install 'websockets' or 'wsproto' manually.
WARNING:  Unsupported upgrade request.
WARNING:  No supported WebSocket library detected. Please use "pip install 'uvicorn[standard]'", or install 'websockets' or 'wsproto' manually.
WARNING:  Unsupported upgrade request.
WARNING:  No supported WebSocket library detected. Please use "pip install 'uvicorn[standard]'", or install 'websockets' or 'wsproto' manually.
2026-07-09 03:54:33,724 - asyncio - ERROR - Exception in callback _ProactorBasePipeTransport._call_connection_lost()
handle: <Handle _ProactorBasePipeTransport._call_connection_lost()>
Traceback (most recent call last):
  File "C:\Python314\Lib\asyncio\events.py", line 94, in _run
    self._context.run(self._callback, *self._args)
    ~~~~~~~~~~~~~~~~~^^^^^^^^^^^^^^^^^^^^^^^^^^^^^
  File "C:\Python314\Lib\asyncio\proactor_events.py", line 165, in _call_connection_lost
    self._sock.shutdown(socket.SHUT_RDWR)
    ~~~~~~~~~~~~~~~~~~~^^^^^^^^^^^^^^^^^^
ConnectionResetError: [WinError 10054] Eine vorhandene Verbindung wurde vom Remotehost geschlossen
WARNING:  Unsupported upgrade request.
WARNING:  No supported WebSocket library detected. Please use "pip install 'uvicorn[standard]'", or install 'websockets' or 'wsproto' manually.
WARNING:  Unsupported upgrade request.
WARNING:  No supported WebSocket library detected. Please use "pip install 'uvicorn[standard]'", or install 'websockets' or 'wsproto' manually.
WARNING:  Unsupported upgrade request.
WARNING:  No supported WebSocket library detected. Please use "pip install 'uvicorn[standard]'", or install 'websockets' or 'wsproto' manually.
WARNING:  Unsupported upgrade request.
WARNING:  No supported WebSocket library detected. Please use "pip install 'uvicorn[standard]'", or install 'websockets' or 'wsproto' manually.
WARNING:  Unsupported upgrade request.
WARNING:  No supported WebSocket library detected. Please use "pip install 'uvicorn[standard]'", or install 'websockets' or 'wsproto' manually.
WARNING:  Unsupported upgrade request.
WARNING:  No supported WebSocket library detected. Please use "pip install 'uvicorn[standard]'", or install 'websockets' or 'wsproto' manually.
2026-07-09 03:54:40,877 - asyncio - ERROR - Exception in callback _ProactorBasePipeTransport._call_connection_lost()
handle: <Handle _ProactorBasePipeTransport._call_connection_lost()>
Traceback (most recent call last):
  File "C:\Python314\Lib\asyncio\events.py", line 94, in _run
    self._context.run(self._callback, *self._args)
    ~~~~~~~~~~~~~~~~~^^^^^^^^^^^^^^^^^^^^^^^^^^^^^
  File "C:\Python314\Lib\asyncio\proactor_events.py", line 165, in _call_connection_lost
    self._sock.shutdown(socket.SHUT_RDWR)
    ~~~~~~~~~~~~~~~~~~~^^^^^^^^^^^^^^^^^^
ConnectionResetError: [WinError 10054] Eine vorhandene Verbindung wurde vom Remotehost geschlossen
WARNING:  Unsupported upgrade request.
WARNING:  No supported WebSocket library detected. Please use "pip install 'uvicorn[standard]'", or install 'websockets' or 'wsproto' manually.
WARNING:  Unsupported upgrade request.
WARNING:  No supported WebSocket library detected. Please use "pip install 'uvicorn[standard]'", or install 'websockets' or 'wsproto' manually.
2026-07-09 03:54:43,382 - asyncio - ERROR - Exception in callback _ProactorBasePipeTransport._call_connection_lost()
handle: <Handle _ProactorBasePipeTransport._call_connection_lost()>
Traceback (most recent call last):
  File "C:\Python314\Lib\asyncio\events.py", line 94, in _run
    self._context.run(self._callback, *self._args)
    ~~~~~~~~~~~~~~~~~^^^^^^^^^^^^^^^^^^^^^^^^^^^^^
  File "C:\Python314\Lib\asyncio\proactor_events.py", line 165, in _call_connection_lost
    self._sock.shutdown(socket.SHUT_RDWR)
    ~~~~~~~~~~~~~~~~~~~^^^^^^^^^^^^^^^^^^
ConnectionResetError: [WinError 10054] Eine vorhandene Verbindung wurde vom Remotehost geschlossen
WARNING:  Unsupported upgrade request.
WARNING:  No supported WebSocket library detected. Please use "pip install 'uvicorn[standard]'", or install 'websockets' or 'wsproto' manually.
2026-07-09 03:54:43,387 - asyncio - ERROR - Exception in callback _ProactorBasePipeTransport._call_connection_lost()
handle: <Handle _ProactorBasePipeTransport._call_connection_lost()>
Traceback (most recent call last):
  File "C:\Python314\Lib\asyncio\events.py", line 94, in _run
    self._context.run(self._callback, *self._args)
    ~~~~~~~~~~~~~~~~~^^^^^^^^^^^^^^^^^^^^^^^^^^^^^
  File "C:\Python314\Lib\asyncio\proactor_events.py", line 165, in _call_connection_lost
    self._sock.shutdown(socket.SHUT_RDWR)
    ~~~~~~~~~~~~~~~~~~~^^^^^^^^^^^^^^^^^^
ConnectionResetError: [WinError 10054] Eine vorhandene Verbindung wurde vom Remotehost geschlossen
WARNING:  Unsupported upgrade request.
WARNING:  No supported WebSocket library detected. Please use "pip install 'uvicorn[standard]'", or install 'websockets' or 'wsproto' manually.
WARNING:  Unsupported upgrade request.
WARNING:  No supported WebSocket library detected. Please use "pip install 'uvicorn[standard]'", or install 'websockets' or 'wsproto' manually.
2026-07-09 03:54:45,070 - asyncio - ERROR - Exception in callback _ProactorBasePipeTransport._call_connection_lost()
handle: <Handle _ProactorBasePipeTransport._call_connection_lost()>
Traceback (most recent call last):
  File "C:\Python314\Lib\asyncio\events.py", line 94, in _run
    self._context.run(self._callback, *self._args)
    ~~~~~~~~~~~~~~~~~^^^^^^^^^^^^^^^^^^^^^^^^^^^^^
  File "C:\Python314\Lib\asyncio\proactor_events.py", line 165, in _call_connection_lost
    self._sock.shutdown(socket.SHUT_RDWR)
    ~~~~~~~~~~~~~~~~~~~^^^^^^^^^^^^^^^^^^
ConnectionResetError: [WinError 10054] Eine vorhandene Verbindung wurde vom Remotehost geschlossen
WARNING:  Unsupported upgrade request.
WARNING:  No supported WebSocket library detected. Please use "pip install 'uvicorn[standard]'", or install 'websockets' or 'wsproto' manually.
WARNING:  Unsupported upgrade request.
WARNING:  No supported WebSocket library detected. Please use "pip install 'uvicorn[standard]'", or install 'websockets' or 'wsproto' manually.
2026-07-09 03:54:48,470 - asyncio - ERROR - Exception in callback _ProactorBasePipeTransport._call_connection_lost()
handle: <Handle _ProactorBasePipeTransport._call_connection_lost()>
Traceback (most recent call last):
  File "C:\Python314\Lib\asyncio\events.py", line 94, in _run
    self._context.run(self._callback, *self._args)
    ~~~~~~~~~~~~~~~~~^^^^^^^^^^^^^^^^^^^^^^^^^^^^^
  File "C:\Python314\Lib\asyncio\proactor_events.py", line 165, in _call_connection_lost
    self._sock.shutdown(socket.SHUT_RDWR)
    ~~~~~~~~~~~~~~~~~~~^^^^^^^^^^^^^^^^^^
ConnectionResetError: [WinError 10054] Eine vorhandene Verbindung wurde vom Remotehost geschlossen
WARNING:  Unsupported upgrade request.
WARNING:  No supported WebSocket library detected. Please use "pip install 'uvicorn[standard]'", or install 'websockets' or 'wsproto' manually.
WARNING:  Unsupported upgrade request.
WARNING:  No supported WebSocket library detected. Please use "pip install 'uvicorn[standard]'", or install 'websockets' or 'wsproto' manually.
WARNING:  Unsupported upgrade request.
WARNING:  No supported WebSocket library detected. Please use "pip install 'uvicorn[standard]'", or install 'websockets' or 'wsproto' manually.
WARNING:  Unsupported upgrade request.
WARNING:  No supported WebSocket library detected. Please use "pip install 'uvicorn[standard]'", or install 'websockets' or 'wsproto' manually.
WARNING:  Unsupported upgrade request.
WARNING:  No supported WebSocket library detected. Please use "pip install 'uvicorn[standard]'", or install 'websockets' or 'wsproto' manually.
WARNING:  Unsupported upgrade request.
WARNING:  No supported WebSocket library detected. Please use "pip install 'uvicorn[standard]'", or install 'websockets' or 'wsproto' manually.
WARNING:  Unsupported upgrade request.
WARNING:  No supported WebSocket library detected. Please use "pip install 'uvicorn[standard]'", or install 'websockets' or 'wsproto' manually.
2026-07-09 03:54:53,730 - asyncio - ERROR - Exception in callback _ProactorBasePipeTransport._call_connection_lost()
handle: <Handle _ProactorBasePipeTransport._call_connection_lost()>
Traceback (most recent call last):
  File "C:\Python314\Lib\asyncio\events.py", line 94, in _run
    self._context.run(self._callback, *self._args)
    ~~~~~~~~~~~~~~~~~^^^^^^^^^^^^^^^^^^^^^^^^^^^^^
  File "C:\Python314\Lib\asyncio\proactor_events.py", line 165, in _call_connection_lost
    self._sock.shutdown(socket.SHUT_RDWR)
    ~~~~~~~~~~~~~~~~~~~^^^^^^^^^^^^^^^^^^
ConnectionResetError: [WinError 10054] Eine vorhandene Verbindung wurde vom Remotehost geschlossen
WARNING:  Unsupported upgrade request.
WARNING:  No supported WebSocket library detected. Please use "pip install 'uvicorn[standard]'", or install 'websockets' or 'wsproto' manually.
WARNING:  Unsupported upgrade request.
WARNING:  No supported WebSocket library detected. Please use "pip install 'uvicorn[standard]'", or install 'websockets' or 'wsproto' manually.
2026-07-09 03:54:54,380 - asyncio - ERROR - Exception in callback _ProactorBasePipeTransport._call_connection_lost()
handle: <Handle _ProactorBasePipeTransport._call_connection_lost()>
Traceback (most recent call last):
  File "C:\Python314\Lib\asyncio\events.py", line 94, in _run
    self._context.run(self._callback, *self._args)
    ~~~~~~~~~~~~~~~~~^^^^^^^^^^^^^^^^^^^^^^^^^^^^^
  File "C:\Python314\Lib\asyncio\proactor_events.py", line 165, in _call_connection_lost
    self._sock.shutdown(socket.SHUT_RDWR)
    ~~~~~~~~~~~~~~~~~~~^^^^^^^^^^^^^^^^^^
ConnectionResetError: [WinError 10054] Eine vorhandene Verbindung wurde vom Remotehost geschlossen
WARNING:  Unsupported upgrade request.
WARNING:  No supported WebSocket library detected. Please use "pip install 'uvicorn[standard]'", or install 'websockets' or 'wsproto' manually.
2026-07-09 03:54:56,941 - asyncio - ERROR - Exception in callback _ProactorBasePipeTransport._call_connection_lost()
handle: <Handle _ProactorBasePipeTransport._call_connection_lost()>
Traceback (most recent call last):
  File "C:\Python314\Lib\asyncio\events.py", line 94, in _run
    self._context.run(self._callback, *self._args)
    ~~~~~~~~~~~~~~~~~^^^^^^^^^^^^^^^^^^^^^^^^^^^^^
  File "C:\Python314\Lib\asyncio\proactor_events.py", line 165, in _call_connection_lost
    self._sock.shutdown(socket.SHUT_RDWR)
    ~~~~~~~~~~~~~~~~~~~^^^^^^^^^^^^^^^^^^
ConnectionResetError: [WinError 10054] Eine vorhandene Verbindung wurde vom Remotehost geschlossen
WARNING:  Unsupported upgrade request.
WARNING:  No supported WebSocket library detected. Please use "pip install 'uvicorn[standard]'", or install 'websockets' or 'wsproto' manually.
WARNING:  Unsupported upgrade request.
WARNING:  No supported WebSocket library detected. Please use "pip install 'uvicorn[standard]'", or install 'websockets' or 'wsproto' manually.
2026-07-09 03:54:59,013 - asyncio - ERROR - Exception in callback _ProactorBasePipeTransport._call_connection_lost()
handle: <Handle _ProactorBasePipeTransport._call_connection_lost()>
Traceback (most recent call last):
  File "C:\Python314\Lib\asyncio\events.py", line 94, in _run
    self._context.run(self._callback, *self._args)
    ~~~~~~~~~~~~~~~~~^^^^^^^^^^^^^^^^^^^^^^^^^^^^^
  File "C:\Python314\Lib\asyncio\proactor_events.py", line 165, in _call_connection_lost
    self._sock.shutdown(socket.SHUT_RDWR)
    ~~~~~~~~~~~~~~~~~~~^^^^^^^^^^^^^^^^^^
ConnectionResetError: [WinError 10054] Eine vorhandene Verbindung wurde vom Remotehost geschlossen
WARNING:  Unsupported upgrade request.
WARNING:  No supported WebSocket library detected. Please use "pip install 'uvicorn[standard]'", or install 'websockets' or 'wsproto' manually.
2026-07-09 03:55:00,272 - asyncio - ERROR - Exception in callback _ProactorBasePipeTransport._call_connection_lost()
handle: <Handle _ProactorBasePipeTransport._call_connection_lost()>
Traceback (most recent call last):
  File "C:\Python314\Lib\asyncio\events.py", line 94, in _run
    self._context.run(self._callback, *self._args)
    ~~~~~~~~~~~~~~~~~^^^^^^^^^^^^^^^^^^^^^^^^^^^^^
  File "C:\Python314\Lib\asyncio\proactor_events.py", line 165, in _call_connection_lost
    self._sock.shutdown(socket.SHUT_RDWR)
    ~~~~~~~~~~~~~~~~~~~^^^^^^^^^^^^^^^^^^
ConnectionResetError: [WinError 10054] Eine vorhandene Verbindung wurde vom Remotehost geschlossen
WARNING:  Unsupported upgrade request.
WARNING:  No supported WebSocket library detected. Please use "pip install 'uvicorn[standard]'", or install 'websockets' or 'wsproto' manually.
2026-07-09 03:55:00,985 - asyncio - ERROR - Exception in callback _ProactorBasePipeTransport._call_connection_lost()
handle: <Handle _ProactorBasePipeTransport._call_connection_lost()>
Traceback (most recent call last):
  File "C:\Python314\Lib\asyncio\events.py", line 94, in _run
    self._context.run(self._callback, *self._args)
    ~~~~~~~~~~~~~~~~~^^^^^^^^^^^^^^^^^^^^^^^^^^^^^
  File "C:\Python314\Lib\asyncio\proactor_events.py", line 165, in _call_connection_lost
    self._sock.shutdown(socket.SHUT_RDWR)
    ~~~~~~~~~~~~~~~~~~~^^^^^^^^^^^^^^^^^^
ConnectionResetError: [WinError 10054] Eine vorhandene Verbindung wurde vom Remotehost geschlossen
WARNING:  Unsupported upgrade request.
WARNING:  No supported WebSocket library detected. Please use "pip install 'uvicorn[standard]'", or install 'websockets' or 'wsproto' manually.
WARNING:  Unsupported upgrade request.
WARNING:  No supported WebSocket library detected. Please use "pip install 'uvicorn[standard]'", or install 'websockets' or 'wsproto' manually.
WARNING:  Unsupported upgrade request.
WARNING:  No supported WebSocket library detected. Please use "pip install 'uvicorn[standard]'", or install 'websockets' or 'wsproto' manually.
2026-07-09 03:55:03,302 - asyncio - ERROR - Exception in callback _ProactorBasePipeTransport._call_connection_lost()
handle: <Handle _ProactorBasePipeTransport._call_connection_lost()>
Traceback (most recent call last):
  File "C:\Python314\Lib\asyncio\events.py", line 94, in _run
    self._context.run(self._callback, *self._args)
    ~~~~~~~~~~~~~~~~~^^^^^^^^^^^^^^^^^^^^^^^^^^^^^
  File "C:\Python314\Lib\asyncio\proactor_events.py", line 165, in _call_connection_lost
    self._sock.shutdown(socket.SHUT_RDWR)
    ~~~~~~~~~~~~~~~~~~~^^^^^^^^^^^^^^^^^^
ConnectionResetError: [WinError 10054] Eine vorhandene Verbindung wurde vom Remotehost geschlossen
WARNING:  Unsupported upgrade request.
WARNING:  No supported WebSocket library detected. Please use "pip install 'uvicorn[standard]'", or install 'websockets' or 'wsproto' manually.
2026-07-09 03:55:05,212 - asyncio - ERROR - Exception in callback _ProactorBasePipeTransport._call_connection_lost()
handle: <Handle _ProactorBasePipeTransport._call_connection_lost()>
Traceback (most recent call last):
  File "C:\Python314\Lib\asyncio\events.py", line 94, in _run
    self._context.run(self._callback, *self._args)
    ~~~~~~~~~~~~~~~~~^^^^^^^^^^^^^^^^^^^^^^^^^^^^^
  File "C:\Python314\Lib\asyncio\proactor_events.py", line 165, in _call_connection_lost
    self._sock.shutdown(socket.SHUT_RDWR)
    ~~~~~~~~~~~~~~~~~~~^^^^^^^^^^^^^^^^^^
ConnectionResetError: [WinError 10054] Eine vorhandene Verbindung wurde vom Remotehost geschlossen
WARNING:  Unsupported upgrade request.
WARNING:  No supported WebSocket library detected. Please use "pip install 'uvicorn[standard]'", or install 'websockets' or 'wsproto' manually.
2026-07-09 03:55:06,781 - asyncio - ERROR - Exception in callback _ProactorBasePipeTransport._call_connection_lost()
handle: <Handle _ProactorBasePipeTransport._call_connection_lost()>
Traceback (most recent call last):
  File "C:\Python314\Lib\asyncio\events.py", line 94, in _run
    self._context.run(self._callback, *self._args)
    ~~~~~~~~~~~~~~~~~^^^^^^^^^^^^^^^^^^^^^^^^^^^^^
  File "C:\Python314\Lib\asyncio\proactor_events.py", line 165, in _call_connection_lost
    self._sock.shutdown(socket.SHUT_RDWR)
    ~~~~~~~~~~~~~~~~~~~^^^^^^^^^^^^^^^^^^
ConnectionResetError: [WinError 10054] Eine vorhandene Verbindung wurde vom Remotehost geschlossen
WARNING:  Unsupported upgrade request.
WARNING:  No supported WebSocket library detected. Please use "pip install 'uvicorn[standard]'", or install 'websockets' or 'wsproto' manually.
2026-07-09 03:55:06,920 - asyncio - ERROR - Exception in callback _ProactorBasePipeTransport._call_connection_lost()
handle: <Handle _ProactorBasePipeTransport._call_connection_lost()>
Traceback (most recent call last):
  File "C:\Python314\Lib\asyncio\events.py", line 94, in _run
    self._context.run(self._callback, *self._args)
    ~~~~~~~~~~~~~~~~~^^^^^^^^^^^^^^^^^^^^^^^^^^^^^
  File "C:\Python314\Lib\asyncio\proactor_events.py", line 165, in _call_connection_lost
    self._sock.shutdown(socket.SHUT_RDWR)
    ~~~~~~~~~~~~~~~~~~~^^^^^^^^^^^^^^^^^^
ConnectionResetError: [WinError 10054] Eine vorhandene Verbindung wurde vom Remotehost geschlossen
WARNING:  Unsupported upgrade request.
WARNING:  No supported WebSocket library detected. Please use "pip install 'uvicorn[standard]'", or install 'websockets' or 'wsproto' manually.
2026-07-09 03:55:08,245 - asyncio - ERROR - Exception in callback _ProactorBasePipeTransport._call_connection_lost()
handle: <Handle _ProactorBasePipeTransport._call_connection_lost()>
Traceback (most recent call last):
  File "C:\Python314\Lib\asyncio\events.py", line 94, in _run
    self._context.run(self._callback, *self._args)
    ~~~~~~~~~~~~~~~~~^^^^^^^^^^^^^^^^^^^^^^^^^^^^^
  File "C:\Python314\Lib\asyncio\proactor_events.py", line 165, in _call_connection_lost
    self._sock.shutdown(socket.SHUT_RDWR)
    ~~~~~~~~~~~~~~~~~~~^^^^^^^^^^^^^^^^^^
ConnectionResetError: [WinError 10054] Eine vorhandene Verbindung wurde vom Remotehost geschlossen
WARNING:  Unsupported upgrade request.
WARNING:  No supported WebSocket library detected. Please use "pip install 'uvicorn[standard]'", or install 'websockets' or 'wsproto' manually.
2026-07-09 03:55:11,250 - asyncio - ERROR - Exception in callback _ProactorBasePipeTransport._call_connection_lost()
handle: <Handle _ProactorBasePipeTransport._call_connection_lost()>
Traceback (most recent call last):
  File "C:\Python314\Lib\asyncio\events.py", line 94, in _run
    self._context.run(self._callback, *self._args)
    ~~~~~~~~~~~~~~~~~^^^^^^^^^^^^^^^^^^^^^^^^^^^^^
  File "C:\Python314\Lib\asyncio\proactor_events.py", line 165, in _call_connection_lost
    self._sock.shutdown(socket.SHUT_RDWR)
    ~~~~~~~~~~~~~~~~~~~^^^^^^^^^^^^^^^^^^
ConnectionResetError: [WinError 10054] Eine vorhandene Verbindung wurde vom Remotehost geschlossen
WARNING:  Unsupported upgrade request.
WARNING:  No supported WebSocket library detected. Please use "pip install 'uvicorn[standard]'", or install 'websockets' or 'wsproto' manually.
WARNING:  Unsupported upgrade request.
WARNING:  No supported WebSocket library detected. Please use "pip install 'uvicorn[standard]'", or install 'websockets' or 'wsproto' manually.
2026-07-09 03:55:11,636 - asyncio - ERROR - Exception in callback _ProactorBasePipeTransport._call_connection_lost()
handle: <Handle _ProactorBasePipeTransport._call_connection_lost()>
Traceback (most recent call last):
  File "C:\Python314\Lib\asyncio\events.py", line 94, in _run
    self._context.run(self._callback, *self._args)
    ~~~~~~~~~~~~~~~~~^^^^^^^^^^^^^^^^^^^^^^^^^^^^^
  File "C:\Python314\Lib\asyncio\proactor_events.py", line 165, in _call_connection_lost
    self._sock.shutdown(socket.SHUT_RDWR)
    ~~~~~~~~~~~~~~~~~~~^^^^^^^^^^^^^^^^^^
ConnectionResetError: [WinError 10054] Eine vorhandene Verbindung wurde vom Remotehost geschlossen
WARNING:  Unsupported upgrade request.
WARNING:  No supported WebSocket library detected. Please use "pip install 'uvicorn[standard]'", or install 'websockets' or 'wsproto' manually.
WARNING:  Unsupported upgrade request.
WARNING:  No supported WebSocket library detected. Please use "pip install 'uvicorn[standard]'", or install 'websockets' or 'wsproto' manually.
WARNING:  Unsupported upgrade request.
WARNING:  No supported WebSocket library detected. Please use "pip install 'uvicorn[standard]'", or install 'websockets' or 'wsproto' manually.
2026-07-09 03:55:15,967 - asyncio - ERROR - Exception in callback _ProactorBasePipeTransport._call_connection_lost()
handle: <Handle _ProactorBasePipeTransport._call_connection_lost()>
Traceback (most recent call last):
  File "C:\Python314\Lib\asyncio\events.py", line 94, in _run
    self._context.run(self._callback, *self._args)
    ~~~~~~~~~~~~~~~~~^^^^^^^^^^^^^^^^^^^^^^^^^^^^^
  File "C:\Python314\Lib\asyncio\proactor_events.py", line 165, in _call_connection_lost
    self._sock.shutdown(socket.SHUT_RDWR)
    ~~~~~~~~~~~~~~~~~~~^^^^^^^^^^^^^^^^^^
ConnectionResetError: [WinError 10054] Eine vorhandene Verbindung wurde vom Remotehost geschlossen
WARNING:  Unsupported upgrade request.
WARNING:  No supported WebSocket library detected. Please use "pip install 'uvicorn[standard]'", or install 'websockets' or 'wsproto' manually.
2026-07-09 03:55:17,152 - asyncio - ERROR - Exception in callback _ProactorBasePipeTransport._call_connection_lost()
handle: <Handle _ProactorBasePipeTransport._call_connection_lost()>
Traceback (most recent call last):
  File "C:\Python314\Lib\asyncio\events.py", line 94, in _run
    self._context.run(self._callback, *self._args)
    ~~~~~~~~~~~~~~~~~^^^^^^^^^^^^^^^^^^^^^^^^^^^^^
  File "C:\Python314\Lib\asyncio\proactor_events.py", line 165, in _call_connection_lost
    self._sock.shutdown(socket.SHUT_RDWR)
    ~~~~~~~~~~~~~~~~~~~^^^^^^^^^^^^^^^^^^
ConnectionResetError: [WinError 10054] Eine vorhandene Verbindung wurde vom Remotehost geschlossen
WARNING:  Unsupported upgrade request.
WARNING:  No supported WebSocket library detected. Please use "pip install 'uvicorn[standard]'", or install 'websockets' or 'wsproto' manually.
2026-07-09 03:55:19,439 - asyncio - ERROR - Exception in callback _ProactorBasePipeTransport._call_connection_lost()
handle: <Handle _ProactorBasePipeTransport._call_connection_lost()>
Traceback (most recent call last):
  File "C:\Python314\Lib\asyncio\events.py", line 94, in _run
    self._context.run(self._callback, *self._args)
    ~~~~~~~~~~~~~~~~~^^^^^^^^^^^^^^^^^^^^^^^^^^^^^
  File "C:\Python314\Lib\asyncio\proactor_events.py", line 165, in _call_connection_lost
    self._sock.shutdown(socket.SHUT_RDWR)
    ~~~~~~~~~~~~~~~~~~~^^^^^^^^^^^^^^^^^^
ConnectionResetError: [WinError 10054] Eine vorhandene Verbindung wurde vom Remotehost geschlossen
WARNING:  Unsupported upgrade request.
WARNING:  No supported WebSocket library detected. Please use "pip install 'uvicorn[standard]'", or install 'websockets' or 'wsproto' manually.
2026-07-09 03:55:19,633 - asyncio - ERROR - Exception in callback _ProactorBasePipeTransport._call_connection_lost()
handle: <Handle _ProactorBasePipeTransport._call_connection_lost()>
Traceback (most recent call last):
  File "C:\Python314\Lib\asyncio\events.py", line 94, in _run
    self._context.run(self._callback, *self._args)
    ~~~~~~~~~~~~~~~~~^^^^^^^^^^^^^^^^^^^^^^^^^^^^^
  File "C:\Python314\Lib\asyncio\proactor_events.py", line 165, in _call_connection_lost
    self._sock.shutdown(socket.SHUT_RDWR)
    ~~~~~~~~~~~~~~~~~~~^^^^^^^^^^^^^^^^^^
ConnectionResetError: [WinError 10054] Eine vorhandene Verbindung wurde vom Remotehost geschlossen
WARNING:  Unsupported upgrade request.
WARNING:  No supported WebSocket library detected. Please use "pip install 'uvicorn[standard]'", or install 'websockets' or 'wsproto' manually.
2026-07-09 03:55:20,710 - asyncio - ERROR - Exception in callback _ProactorBasePipeTransport._call_connection_lost()
handle: <Handle _ProactorBasePipeTransport._call_connection_lost()>
Traceback (most recent call last):
  File "C:\Python314\Lib\asyncio\events.py", line 94, in _run
    self._context.run(self._callback, *self._args)
    ~~~~~~~~~~~~~~~~~^^^^^^^^^^^^^^^^^^^^^^^^^^^^^
  File "C:\Python314\Lib\asyncio\proactor_events.py", line 165, in _call_connection_lost
    self._sock.shutdown(socket.SHUT_RDWR)
    ~~~~~~~~~~~~~~~~~~~^^^^^^^^^^^^^^^^^^
ConnectionResetError: [WinError 10054] Eine vorhandene Verbindung wurde vom Remotehost geschlossen
WARNING:  Unsupported upgrade request.
WARNING:  No supported WebSocket library detected. Please use "pip install 'uvicorn[standard]'", or install 'websockets' or 'wsproto' manually.
WARNING:  Unsupported upgrade request.
WARNING:  No supported WebSocket library detected. Please use "pip install 'uvicorn[standard]'", or install 'websockets' or 'wsproto' manually.
2026-07-09 03:55:23,106 - asyncio - ERROR - Exception in callback _ProactorBasePipeTransport._call_connection_lost()
handle: <Handle _ProactorBasePipeTransport._call_connection_lost()>
Traceback (most recent call last):
  File "C:\Python314\Lib\asyncio\events.py", line 94, in _run
    self._context.run(self._callback, *self._args)
    ~~~~~~~~~~~~~~~~~^^^^^^^^^^^^^^^^^^^^^^^^^^^^^
  File "C:\Python314\Lib\asyncio\proactor_events.py", line 165, in _call_connection_lost
    self._sock.shutdown(socket.SHUT_RDWR)
    ~~~~~~~~~~~~~~~~~~~^^^^^^^^^^^^^^^^^^
ConnectionResetError: [WinError 10054] Eine vorhandene Verbindung wurde vom Remotehost geschlossen
WARNING:  Unsupported upgrade request.
WARNING:  No supported WebSocket library detected. Please use "pip install 'uvicorn[standard]'", or install 'websockets' or 'wsproto' manually.
2026-07-09 03:55:25,382 - asyncio - ERROR - Exception in callback _ProactorBasePipeTransport._call_connection_lost()
handle: <Handle _ProactorBasePipeTransport._call_connection_lost()>
Traceback (most recent call last):
  File "C:\Python314\Lib\asyncio\events.py", line 94, in _run
    self._context.run(self._callback, *self._args)
    ~~~~~~~~~~~~~~~~~^^^^^^^^^^^^^^^^^^^^^^^^^^^^^
  File "C:\Python314\Lib\asyncio\proactor_events.py", line 165, in _call_connection_lost
    self._sock.shutdown(socket.SHUT_RDWR)
    ~~~~~~~~~~~~~~~~~~~^^^^^^^^^^^^^^^^^^
ConnectionResetError: [WinError 10054] Eine vorhandene Verbindung wurde vom Remotehost geschlossen
WARNING:  Unsupported upgrade request.
WARNING:  No supported WebSocket library detected. Please use "pip install 'uvicorn[standard]'", or install 'websockets' or 'wsproto' manually.
WARNING:  Unsupported upgrade request.
WARNING:  No supported WebSocket library detected. Please use "pip install 'uvicorn[standard]'", or install 'websockets' or 'wsproto' manually.
WARNING:  Unsupported upgrade request.
WARNING:  No supported WebSocket library detected. Please use "pip install 'uvicorn[standard]'", or install 'websockets' or 'wsproto' manually.
2026-07-09 03:55:26,983 - asyncio - ERROR - Exception in callback _ProactorBasePipeTransport._call_connection_lost()
handle: <Handle _ProactorBasePipeTransport._call_connection_lost()>
Traceback (most recent call last):
  File "C:\Python314\Lib\asyncio\events.py", line 94, in _run
    self._context.run(self._callback, *self._args)
    ~~~~~~~~~~~~~~~~~^^^^^^^^^^^^^^^^^^^^^^^^^^^^^
  File "C:\Python314\Lib\asyncio\proactor_events.py", line 165, in _call_connection_lost
    self._sock.shutdown(socket.SHUT_RDWR)
    ~~~~~~~~~~~~~~~~~~~^^^^^^^^^^^^^^^^^^
ConnectionResetError: [WinError 10054] Eine vorhandene Verbindung wurde vom Remotehost geschlossen
WARNING:  Unsupported upgrade request.
WARNING:  No supported WebSocket library detected. Please use "pip install 'uvicorn[standard]'", or install 'websockets' or 'wsproto' manually.
WARNING:  Unsupported upgrade request.
WARNING:  No supported WebSocket library detected. Please use "pip install 'uvicorn[standard]'", or install 'websockets' or 'wsproto' manually.
2026-07-09 03:55:28,465 - asyncio - ERROR - Exception in callback _ProactorBasePipeTransport._call_connection_lost()
handle: <Handle _ProactorBasePipeTransport._call_connection_lost()>
Traceback (most recent call last):
  File "C:\Python314\Lib\asyncio\events.py", line 94, in _run
    self._context.run(self._callback, *self._args)
    ~~~~~~~~~~~~~~~~~^^^^^^^^^^^^^^^^^^^^^^^^^^^^^
  File "C:\Python314\Lib\asyncio\proactor_events.py", line 165, in _call_connection_lost
    self._sock.shutdown(socket.SHUT_RDWR)
    ~~~~~~~~~~~~~~~~~~~^^^^^^^^^^^^^^^^^^
ConnectionResetError: [WinError 10054] Eine vorhandene Verbindung wurde vom Remotehost geschlossen
WARNING:  Unsupported upgrade request.
WARNING:  No supported WebSocket library detected. Please use "pip install 'uvicorn[standard]'", or install 'websockets' or 'wsproto' manually.
WARNING:  Unsupported upgrade request.
WARNING:  No supported WebSocket library detected. Please use "pip install 'uvicorn[standard]'", or install 'websockets' or 'wsproto' manually.
WARNING:  Unsupported upgrade request.
WARNING:  No supported WebSocket library detected. Please use "pip install 'uvicorn[standard]'", or install 'websockets' or 'wsproto' manually.
WARNING:  Unsupported upgrade request.
WARNING:  No supported WebSocket library detected. Please use "pip install 'uvicorn[standard]'", or install 'websockets' or 'wsproto' manually.
WARNING:  Unsupported upgrade request.
WARNING:  No supported WebSocket library detected. Please use "pip install 'uvicorn[standard]'", or install 'websockets' or 'wsproto' manually.
WARNING:  Unsupported upgrade request.
WARNING:  No supported WebSocket library detected. Please use "pip install 'uvicorn[standard]'", or install 'websockets' or 'wsproto' manually.
WARNING:  Unsupported upgrade request.
WARNING:  No supported WebSocket library detected. Please use "pip install 'uvicorn[standard]'", or install 'websockets' or 'wsproto' manually.
2026-07-09 03:55:37,527 - asyncio - ERROR - Exception in callback _ProactorBasePipeTransport._call_connection_lost()
handle: <Handle _ProactorBasePipeTransport._call_connection_lost()>
Traceback (most recent call last):
  File "C:\Python314\Lib\asyncio\events.py", line 94, in _run
    self._context.run(self._callback, *self._args)
    ~~~~~~~~~~~~~~~~~^^^^^^^^^^^^^^^^^^^^^^^^^^^^^
  File "C:\Python314\Lib\asyncio\proactor_events.py", line 165, in _call_connection_lost
    self._sock.shutdown(socket.SHUT_RDWR)
    ~~~~~~~~~~~~~~~~~~~^^^^^^^^^^^^^^^^^^
ConnectionResetError: [WinError 10054] Eine vorhandene Verbindung wurde vom Remotehost geschlossen
WARNING:  Unsupported upgrade request.
WARNING:  No supported WebSocket library detected. Please use "pip install 'uvicorn[standard]'", or install 'websockets' or 'wsproto' manually.
2026-07-09 03:55:39,619 - asyncio - ERROR - Exception in callback _ProactorBasePipeTransport._call_connection_lost()
handle: <Handle _ProactorBasePipeTransport._call_connection_lost()>
Traceback (most recent call last):
  File "C:\Python314\Lib\asyncio\events.py", line 94, in _run
    self._context.run(self._callback, *self._args)
    ~~~~~~~~~~~~~~~~~^^^^^^^^^^^^^^^^^^^^^^^^^^^^^
  File "C:\Python314\Lib\asyncio\proactor_events.py", line 165, in _call_connection_lost
    self._sock.shutdown(socket.SHUT_RDWR)
    ~~~~~~~~~~~~~~~~~~~^^^^^^^^^^^^^^^^^^
ConnectionResetError: [WinError 10054] Eine vorhandene Verbindung wurde vom Remotehost geschlossen
WARNING:  Unsupported upgrade request.
WARNING:  No supported WebSocket library detected. Please use "pip install 'uvicorn[standard]'", or install 'websockets' or 'wsproto' manually.
WARNING:  Unsupported upgrade request.
WARNING:  No supported WebSocket library detected. Please use "pip install 'uvicorn[standard]'", or install 'websockets' or 'wsproto' manually.
WARNING:  Unsupported upgrade request.
WARNING:  No supported WebSocket library detected. Please use "pip install 'uvicorn[standard]'", or install 'websockets' or 'wsproto' manually.
2026-07-09 03:55:41,799 - asyncio - ERROR - Exception in callback _ProactorBasePipeTransport._call_connection_lost()
handle: <Handle _ProactorBasePipeTransport._call_connection_lost()>
Traceback (most recent call last):
  File "C:\Python314\Lib\asyncio\events.py", line 94, in _run
    self._context.run(self._callback, *self._args)
    ~~~~~~~~~~~~~~~~~^^^^^^^^^^^^^^^^^^^^^^^^^^^^^
  File "C:\Python314\Lib\asyncio\proactor_events.py", line 165, in _call_connection_lost
    self._sock.shutdown(socket.SHUT_RDWR)
    ~~~~~~~~~~~~~~~~~~~^^^^^^^^^^^^^^^^^^
ConnectionResetError: [WinError 10054] Eine vorhandene Verbindung wurde vom Remotehost geschlossen
WARNING:  Unsupported upgrade request.
WARNING:  No supported WebSocket library detected. Please use "pip install 'uvicorn[standard]'", or install 'websockets' or 'wsproto' manually.
WARNING:  Unsupported upgrade request.
WARNING:  No supported WebSocket library detected. Please use "pip install 'uvicorn[standard]'", or install 'websockets' or 'wsproto' manually.
2026-07-09 03:55:44,728 - asyncio - ERROR - Exception in callback _ProactorBasePipeTransport._call_connection_lost()
handle: <Handle _ProactorBasePipeTransport._call_connection_lost()>
Traceback (most recent call last):
  File "C:\Python314\Lib\asyncio\events.py", line 94, in _run
    self._context.run(self._callback, *self._args)
    ~~~~~~~~~~~~~~~~~^^^^^^^^^^^^^^^^^^^^^^^^^^^^^
  File "C:\Python314\Lib\asyncio\proactor_events.py", line 165, in _call_connection_lost
    self._sock.shutdown(socket.SHUT_RDWR)
    ~~~~~~~~~~~~~~~~~~~^^^^^^^^^^^^^^^^^^
ConnectionResetError: [WinError 10054] Eine vorhandene Verbindung wurde vom Remotehost geschlossen
WARNING:  Unsupported upgrade request.
WARNING:  No supported WebSocket library detected. Please use "pip install 'uvicorn[standard]'", or install 'websockets' or 'wsproto' manually.
2026-07-09 03:55:44,829 - asyncio - ERROR - Exception in callback _ProactorBasePipeTransport._call_connection_lost()
handle: <Handle _ProactorBasePipeTransport._call_connection_lost()>
Traceback (most recent call last):
  File "C:\Python314\Lib\asyncio\events.py", line 94, in _run
    self._context.run(self._callback, *self._args)
    ~~~~~~~~~~~~~~~~~^^^^^^^^^^^^^^^^^^^^^^^^^^^^^
  File "C:\Python314\Lib\asyncio\proactor_events.py", line 165, in _call_connection_lost
    self._sock.shutdown(socket.SHUT_RDWR)
    ~~~~~~~~~~~~~~~~~~~^^^^^^^^^^^^^^^^^^
ConnectionResetError: [WinError 10054] Eine vorhandene Verbindung wurde vom Remotehost geschlossen
WARNING:  Unsupported upgrade request.
WARNING:  No supported WebSocket library detected. Please use "pip install 'uvicorn[standard]'", or install 'websockets' or 'wsproto' manually.
WARNING:  Unsupported upgrade request.
WARNING:  No supported WebSocket library detected. Please use "pip install 'uvicorn[standard]'", or install 'websockets' or 'wsproto' manually.
2026-07-09 03:55:48,518 - asyncio - ERROR - Exception in callback _ProactorBasePipeTransport._call_connection_lost()
handle: <Handle _ProactorBasePipeTransport._call_connection_lost()>
Traceback (most recent call last):
  File "C:\Python314\Lib\asyncio\events.py", line 94, in _run
    self._context.run(self._callback, *self._args)
    ~~~~~~~~~~~~~~~~~^^^^^^^^^^^^^^^^^^^^^^^^^^^^^
  File "C:\Python314\Lib\asyncio\proactor_events.py", line 165, in _call_connection_lost
    self._sock.shutdown(socket.SHUT_RDWR)
    ~~~~~~~~~~~~~~~~~~~^^^^^^^^^^^^^^^^^^
ConnectionResetError: [WinError 10054] Eine vorhandene Verbindung wurde vom Remotehost geschlossen
WARNING:  Unsupported upgrade request.
WARNING:  No supported WebSocket library detected. Please use "pip install 'uvicorn[standard]'", or install 'websockets' or 'wsproto' manually.
WARNING:  Unsupported upgrade request.
WARNING:  No supported WebSocket library detected. Please use "pip install 'uvicorn[standard]'", or install 'websockets' or 'wsproto' manually.
WARNING:  Unsupported upgrade request.
WARNING:  No supported WebSocket library detected. Please use "pip install 'uvicorn[standard]'", or install 'websockets' or 'wsproto' manually.
WARNING:  Unsupported upgrade request.
WARNING:  No supported WebSocket library detected. Please use "pip install 'uvicorn[standard]'", or install 'websockets' or 'wsproto' manually.
2026-07-09 03:55:50,248 - asyncio - ERROR - Exception in callback _ProactorBasePipeTransport._call_connection_lost()
handle: <Handle _ProactorBasePipeTransport._call_connection_lost()>
Traceback (most recent call last):
  File "C:\Python314\Lib\asyncio\events.py", line 94, in _run
    self._context.run(self._callback, *self._args)
    ~~~~~~~~~~~~~~~~~^^^^^^^^^^^^^^^^^^^^^^^^^^^^^
  File "C:\Python314\Lib\asyncio\proactor_events.py", line 165, in _call_connection_lost
    self._sock.shutdown(socket.SHUT_RDWR)
    ~~~~~~~~~~~~~~~~~~~^^^^^^^^^^^^^^^^^^
ConnectionResetError: [WinError 10054] Eine vorhandene Verbindung wurde vom Remotehost geschlossen
WARNING:  Unsupported upgrade request.
WARNING:  No supported WebSocket library detected. Please use "pip install 'uvicorn[standard]'", or install 'websockets' or 'wsproto' manually.
2026-07-09 03:55:52,850 - asyncio - ERROR - Exception in callback _ProactorBasePipeTransport._call_connection_lost()
handle: <Handle _ProactorBasePipeTransport._call_connection_lost()>
Traceback (most recent call last):
  File "C:\Python314\Lib\asyncio\events.py", line 94, in _run
    self._context.run(self._callback, *self._args)
    ~~~~~~~~~~~~~~~~~^^^^^^^^^^^^^^^^^^^^^^^^^^^^^
  File "C:\Python314\Lib\asyncio\proactor_events.py", line 165, in _call_connection_lost
    self._sock.shutdown(socket.SHUT_RDWR)
    ~~~~~~~~~~~~~~~~~~~^^^^^^^^^^^^^^^^^^
ConnectionResetError: [WinError 10054] Eine vorhandene Verbindung wurde vom Remotehost geschlossen
WARNING:  Unsupported upgrade request.
WARNING:  No supported WebSocket library detected. Please use "pip install 'uvicorn[standard]'", or install 'websockets' or 'wsproto' manually.
WARNING:  Unsupported upgrade request.
WARNING:  No supported WebSocket library detected. Please use "pip install 'uvicorn[standard]'", or install 'websockets' or 'wsproto' manually.
2026-07-09 03:55:54,245 - asyncio - ERROR - Exception in callback _ProactorBasePipeTransport._call_connection_lost()
handle: <Handle _ProactorBasePipeTransport._call_connection_lost()>
Traceback (most recent call last):
  File "C:\Python314\Lib\asyncio\events.py", line 94, in _run
    self._context.run(self._callback, *self._args)
    ~~~~~~~~~~~~~~~~~^^^^^^^^^^^^^^^^^^^^^^^^^^^^^
  File "C:\Python314\Lib\asyncio\proactor_events.py", line 165, in _call_connection_lost
    self._sock.shutdown(socket.SHUT_RDWR)
    ~~~~~~~~~~~~~~~~~~~^^^^^^^^^^^^^^^^^^
ConnectionResetError: [WinError 10054] Eine vorhandene Verbindung wurde vom Remotehost geschlossen
WARNING:  Unsupported upgrade request.
WARNING:  No supported WebSocket library detected. Please use "pip install 'uvicorn[standard]'", or install 'websockets' or 'wsproto' manually.
2026-07-09 03:55:56,859 - asyncio - ERROR - Exception in callback _ProactorBasePipeTransport._call_connection_lost()
handle: <Handle _ProactorBasePipeTransport._call_connection_lost()>
Traceback (most recent call last):
  File "C:\Python314\Lib\asyncio\events.py", line 94, in _run
    self._context.run(self._callback, *self._args)
    ~~~~~~~~~~~~~~~~~^^^^^^^^^^^^^^^^^^^^^^^^^^^^^
  File "C:\Python314\Lib\asyncio\proactor_events.py", line 165, in _call_connection_lost
    self._sock.shutdown(socket.SHUT_RDWR)
    ~~~~~~~~~~~~~~~~~~~^^^^^^^^^^^^^^^^^^
ConnectionResetError: [WinError 10054] Eine vorhandene Verbindung wurde vom Remotehost geschlossen
WARNING:  Unsupported upgrade request.
WARNING:  No supported WebSocket library detected. Please use "pip install 'uvicorn[standard]'", or install 'websockets' or 'wsproto' manually.
WARNING:  Unsupported upgrade request.
WARNING:  No supported WebSocket library detected. Please use "pip install 'uvicorn[standard]'", or install 'websockets' or 'wsproto' manually.
2026-07-09 03:55:58,138 - asyncio - ERROR - Exception in callback _ProactorBasePipeTransport._call_connection_lost()
handle: <Handle _ProactorBasePipeTransport._call_connection_lost()>
Traceback (most recent call last):
  File "C:\Python314\Lib\asyncio\events.py", line 94, in _run
    self._context.run(self._callback, *self._args)
    ~~~~~~~~~~~~~~~~~^^^^^^^^^^^^^^^^^^^^^^^^^^^^^
  File "C:\Python314\Lib\asyncio\proactor_events.py", line 165, in _call_connection_lost
    self._sock.shutdown(socket.SHUT_RDWR)
    ~~~~~~~~~~~~~~~~~~~^^^^^^^^^^^^^^^^^^
ConnectionResetError: [WinError 10054] Eine vorhandene Verbindung wurde vom Remotehost geschlossen
WARNING:  Unsupported upgrade request.
WARNING:  No supported WebSocket library detected. Please use "pip install 'uvicorn[standard]'", or install 'websockets' or 'wsproto' manually.
2026-07-09 03:55:59,233 - asyncio - ERROR - Exception in callback _ProactorBasePipeTransport._call_connection_lost()
handle: <Handle _ProactorBasePipeTransport._call_connection_lost()>
Traceback (most recent call last):
  File "C:\Python314\Lib\asyncio\events.py", line 94, in _run
    self._context.run(self._callback, *self._args)
    ~~~~~~~~~~~~~~~~~^^^^^^^^^^^^^^^^^^^^^^^^^^^^^
  File "C:\Python314\Lib\asyncio\proactor_events.py", line 165, in _call_connection_lost
    self._sock.shutdown(socket.SHUT_RDWR)
    ~~~~~~~~~~~~~~~~~~~^^^^^^^^^^^^^^^^^^
ConnectionResetError: [WinError 10054] Eine vorhandene Verbindung wurde vom Remotehost geschlossen
WARNING:  Unsupported upgrade request.
WARNING:  No supported WebSocket library detected. Please use "pip install 'uvicorn[standard]'", or install 'websockets' or 'wsproto' manually.
2026-07-09 03:55:59,248 - asyncio - ERROR - Exception in callback _ProactorBasePipeTransport._call_connection_lost()
handle: <Handle _ProactorBasePipeTransport._call_connection_lost()>
Traceback (most recent call last):
  File "C:\Python314\Lib\asyncio\events.py", line 94, in _run
    self._context.run(self._callback, *self._args)
    ~~~~~~~~~~~~~~~~~^^^^^^^^^^^^^^^^^^^^^^^^^^^^^
  File "C:\Python314\Lib\asyncio\proactor_events.py", line 165, in _call_connection_lost
    self._sock.shutdown(socket.SHUT_RDWR)
    ~~~~~~~~~~~~~~~~~~~^^^^^^^^^^^^^^^^^^
ConnectionResetError: [WinError 10054] Eine vorhandene Verbindung wurde vom Remotehost geschlossen
WARNING:  Unsupported upgrade request.
WARNING:  No supported WebSocket library detected. Please use "pip install 'uvicorn[standard]'", or install 'websockets' or 'wsproto' manually.
WARNING:  Unsupported upgrade request.
WARNING:  No supported WebSocket library detected. Please use "pip install 'uvicorn[standard]'", or install 'websockets' or 'wsproto' manually.
2026-07-09 03:56:00,875 - asyncio - ERROR - Exception in callback _ProactorBasePipeTransport._call_connection_lost()
handle: <Handle _ProactorBasePipeTransport._call_connection_lost()>
Traceback (most recent call last):
  File "C:\Python314\Lib\asyncio\events.py", line 94, in _run
    self._context.run(self._callback, *self._args)
    ~~~~~~~~~~~~~~~~~^^^^^^^^^^^^^^^^^^^^^^^^^^^^^
  File "C:\Python314\Lib\asyncio\proactor_events.py", line 165, in _call_connection_lost
    self._sock.shutdown(socket.SHUT_RDWR)
    ~~~~~~~~~~~~~~~~~~~^^^^^^^^^^^^^^^^^^
ConnectionResetError: [WinError 10054] Eine vorhandene Verbindung wurde vom Remotehost geschlossen
WARNING:  Unsupported upgrade request.
WARNING:  No supported WebSocket library detected. Please use "pip install 'uvicorn[standard]'", or install 'websockets' or 'wsproto' manually.
2026-07-09 03:56:03,065 - asyncio - ERROR - Exception in callback _ProactorBasePipeTransport._call_connection_lost()
handle: <Handle _ProactorBasePipeTransport._call_connection_lost()>
Traceback (most recent call last):
  File "C:\Python314\Lib\asyncio\events.py", line 94, in _run
    self._context.run(self._callback, *self._args)
    ~~~~~~~~~~~~~~~~~^^^^^^^^^^^^^^^^^^^^^^^^^^^^^
  File "C:\Python314\Lib\asyncio\proactor_events.py", line 165, in _call_connection_lost
    self._sock.shutdown(socket.SHUT_RDWR)
    ~~~~~~~~~~~~~~~~~~~^^^^^^^^^^^^^^^^^^
ConnectionResetError: [WinError 10054] Eine vorhandene Verbindung wurde vom Remotehost geschlossen
WARNING:  Unsupported upgrade request.
WARNING:  No supported WebSocket library detected. Please use "pip install 'uvicorn[standard]'", or install 'websockets' or 'wsproto' manually.
WARNING:  Unsupported upgrade request.
WARNING:  No supported WebSocket library detected. Please use "pip install 'uvicorn[standard]'", or install 'websockets' or 'wsproto' manually.
WARNING:  Unsupported upgrade request.
WARNING:  No supported WebSocket library detected. Please use "pip install 'uvicorn[standard]'", or install 'websockets' or 'wsproto' manually.
WARNING:  Unsupported upgrade request.
WARNING:  No supported WebSocket library detected. Please use "pip install 'uvicorn[standard]'", or install 'websockets' or 'wsproto' manually.
WARNING:  Unsupported upgrade request.
WARNING:  No supported WebSocket library detected. Please use "pip install 'uvicorn[standard]'", or install 'websockets' or 'wsproto' manually.
WARNING:  Unsupported upgrade request.
WARNING:  No supported WebSocket library detected. Please use "pip install 'uvicorn[standard]'", or install 'websockets' or 'wsproto' manually.
2026-07-09 03:56:08,914 - asyncio - ERROR - Exception in callback _ProactorBasePipeTransport._call_connection_lost()
handle: <Handle _ProactorBasePipeTransport._call_connection_lost()>
Traceback (most recent call last):
  File "C:\Python314\Lib\asyncio\events.py", line 94, in _run
    self._context.run(self._callback, *self._args)
    ~~~~~~~~~~~~~~~~~^^^^^^^^^^^^^^^^^^^^^^^^^^^^^
  File "C:\Python314\Lib\asyncio\proactor_events.py", line 165, in _call_connection_lost
    self._sock.shutdown(socket.SHUT_RDWR)
    ~~~~~~~~~~~~~~~~~~~^^^^^^^^^^^^^^^^^^
ConnectionResetError: [WinError 10054] Eine vorhandene Verbindung wurde vom Remotehost geschlossen
WARNING:  Unsupported upgrade request.
WARNING:  No supported WebSocket library detected. Please use "pip install 'uvicorn[standard]'", or install 'websockets' or 'wsproto' manually.
WARNING:  Unsupported upgrade request.
WARNING:  No supported WebSocket library detected. Please use "pip install 'uvicorn[standard]'", or install 'websockets' or 'wsproto' manually.
2026-07-09 03:56:09,248 - asyncio - ERROR - Exception in callback _ProactorBasePipeTransport._call_connection_lost()
handle: <Handle _ProactorBasePipeTransport._call_connection_lost()>
Traceback (most recent call last):
  File "C:\Python314\Lib\asyncio\events.py", line 94, in _run
    self._context.run(self._callback, *self._args)
    ~~~~~~~~~~~~~~~~~^^^^^^^^^^^^^^^^^^^^^^^^^^^^^
  File "C:\Python314\Lib\asyncio\proactor_events.py", line 165, in _call_connection_lost
    self._sock.shutdown(socket.SHUT_RDWR)
    ~~~~~~~~~~~~~~~~~~~^^^^^^^^^^^^^^^^^^
ConnectionResetError: [WinError 10054] Eine vorhandene Verbindung wurde vom Remotehost geschlossen
WARNING:  Unsupported upgrade request.
WARNING:  No supported WebSocket library detected. Please use "pip install 'uvicorn[standard]'", or install 'websockets' or 'wsproto' manually.
2026-07-09 03:56:10,283 - asyncio - ERROR - Exception in callback _ProactorBasePipeTransport._call_connection_lost()
handle: <Handle _ProactorBasePipeTransport._call_connection_lost()>
Traceback (most recent call last):
  File "C:\Python314\Lib\asyncio\events.py", line 94, in _run
    self._context.run(self._callback, *self._args)
    ~~~~~~~~~~~~~~~~~^^^^^^^^^^^^^^^^^^^^^^^^^^^^^
  File "C:\Python314\Lib\asyncio\proactor_events.py", line 165, in _call_connection_lost
    self._sock.shutdown(socket.SHUT_RDWR)
    ~~~~~~~~~~~~~~~~~~~^^^^^^^^^^^^^^^^^^
ConnectionResetError: [WinError 10054] Eine vorhandene Verbindung wurde vom Remotehost geschlossen
WARNING:  Unsupported upgrade request.
WARNING:  No supported WebSocket library detected. Please use "pip install 'uvicorn[standard]'", or install 'websockets' or 'wsproto' manually.
WARNING:  Unsupported upgrade request.
WARNING:  No supported WebSocket library detected. Please use "pip install 'uvicorn[standard]'", or install 'websockets' or 'wsproto' manually.
WARNING:  Unsupported upgrade request.
WARNING:  No supported WebSocket library detected. Please use "pip install 'uvicorn[standard]'", or install 'websockets' or 'wsproto' manually.
WARNING:  Unsupported upgrade request.
WARNING:  No supported WebSocket library detected. Please use "pip install 'uvicorn[standard]'", or install 'websockets' or 'wsproto' manually.
WARNING:  Unsupported upgrade request.
WARNING:  No supported WebSocket library detected. Please use "pip install 'uvicorn[standard]'", or install 'websockets' or 'wsproto' manually.
2026-07-09 03:56:14,903 - asyncio - ERROR - Exception in callback _ProactorBasePipeTransport._call_connection_lost()
handle: <Handle _ProactorBasePipeTransport._call_connection_lost()>
Traceback (most recent call last):
  File "C:\Python314\Lib\asyncio\events.py", line 94, in _run
    self._context.run(self._callback, *self._args)
    ~~~~~~~~~~~~~~~~~^^^^^^^^^^^^^^^^^^^^^^^^^^^^^
  File "C:\Python314\Lib\asyncio\proactor_events.py", line 165, in _call_connection_lost
    self._sock.shutdown(socket.SHUT_RDWR)
    ~~~~~~~~~~~~~~~~~~~^^^^^^^^^^^^^^^^^^
ConnectionResetError: [WinError 10054] Eine vorhandene Verbindung wurde vom Remotehost geschlossen
WARNING:  Unsupported upgrade request.
WARNING:  No supported WebSocket library detected. Please use "pip install 'uvicorn[standard]'", or install 'websockets' or 'wsproto' manually.
WARNING:  Unsupported upgrade request.
WARNING:  No supported WebSocket library detected. Please use "pip install 'uvicorn[standard]'", or install 'websockets' or 'wsproto' manually.
2026-07-09 03:56:17,583 - asyncio - ERROR - Exception in callback _ProactorBasePipeTransport._call_connection_lost()
handle: <Handle _ProactorBasePipeTransport._call_connection_lost()>
Traceback (most recent call last):
  File "C:\Python314\Lib\asyncio\events.py", line 94, in _run
    self._context.run(self._callback, *self._args)
    ~~~~~~~~~~~~~~~~~^^^^^^^^^^^^^^^^^^^^^^^^^^^^^
  File "C:\Python314\Lib\asyncio\proactor_events.py", line 165, in _call_connection_lost
    self._sock.shutdown(socket.SHUT_RDWR)
    ~~~~~~~~~~~~~~~~~~~^^^^^^^^^^^^^^^^^^
ConnectionResetError: [WinError 10054] Eine vorhandene Verbindung wurde vom Remotehost geschlossen
WARNING:  Unsupported upgrade request.
WARNING:  No supported WebSocket library detected. Please use "pip install 'uvicorn[standard]'", or install 'websockets' or 'wsproto' manually.
WARNING:  Unsupported upgrade request.
WARNING:  No supported WebSocket library detected. Please use "pip install 'uvicorn[standard]'", or install 'websockets' or 'wsproto' manually.
2026-07-09 03:56:19,252 - asyncio - ERROR - Exception in callback _ProactorBasePipeTransport._call_connection_lost()
handle: <Handle _ProactorBasePipeTransport._call_connection_lost()>
Traceback (most recent call last):
  File "C:\Python314\Lib\asyncio\events.py", line 94, in _run
    self._context.run(self._callback, *self._args)
    ~~~~~~~~~~~~~~~~~^^^^^^^^^^^^^^^^^^^^^^^^^^^^^
  File "C:\Python314\Lib\asyncio\proactor_events.py", line 165, in _call_connection_lost
    self._sock.shutdown(socket.SHUT_RDWR)
    ~~~~~~~~~~~~~~~~~~~^^^^^^^^^^^^^^^^^^
ConnectionResetError: [WinError 10054] Eine vorhandene Verbindung wurde vom Remotehost geschlossen
WARNING:  Unsupported upgrade request.
WARNING:  No supported WebSocket library detected. Please use "pip install 'uvicorn[standard]'", or install 'websockets' or 'wsproto' manually.
2026-07-09 03:56:20,194 - asyncio - ERROR - Exception in callback _ProactorBasePipeTransport._call_connection_lost()
handle: <Handle _ProactorBasePipeTransport._call_connection_lost()>
Traceback (most recent call last):
  File "C:\Python314\Lib\asyncio\events.py", line 94, in _run
    self._context.run(self._callback, *self._args)
    ~~~~~~~~~~~~~~~~~^^^^^^^^^^^^^^^^^^^^^^^^^^^^^
  File "C:\Python314\Lib\asyncio\proactor_events.py", line 165, in _call_connection_lost
    self._sock.shutdown(socket.SHUT_RDWR)
    ~~~~~~~~~~~~~~~~~~~^^^^^^^^^^^^^^^^^^
ConnectionResetError: [WinError 10054] Eine vorhandene Verbindung wurde vom Remotehost geschlossen
WARNING:  Unsupported upgrade request.
WARNING:  No supported WebSocket library detected. Please use "pip install 'uvicorn[standard]'", or install 'websockets' or 'wsproto' manually.
WARNING:  Unsupported upgrade request.
WARNING:  No supported WebSocket library detected. Please use "pip install 'uvicorn[standard]'", or install 'websockets' or 'wsproto' manually.
2026-07-09 03:56:24,228 - asyncio - ERROR - Exception in callback _ProactorBasePipeTransport._call_connection_lost()
handle: <Handle _ProactorBasePipeTransport._call_connection_lost()>
Traceback (most recent call last):
  File "C:\Python314\Lib\asyncio\events.py", line 94, in _run
    self._context.run(self._callback, *self._args)
    ~~~~~~~~~~~~~~~~~^^^^^^^^^^^^^^^^^^^^^^^^^^^^^
  File "C:\Python314\Lib\asyncio\proactor_events.py", line 165, in _call_connection_lost
    self._sock.shutdown(socket.SHUT_RDWR)
    ~~~~~~~~~~~~~~~~~~~^^^^^^^^^^^^^^^^^^
ConnectionResetError: [WinError 10054] Eine vorhandene Verbindung wurde vom Remotehost geschlossen
WARNING:  Unsupported upgrade request.
WARNING:  No supported WebSocket library detected. Please use "pip install 'uvicorn[standard]'", or install 'websockets' or 'wsproto' manually.
WARNING:  Unsupported upgrade request.
WARNING:  No supported WebSocket library detected. Please use "pip install 'uvicorn[standard]'", or install 'websockets' or 'wsproto' manually.
2026-07-09 03:56:24,266 - asyncio - ERROR - Exception in callback _ProactorBasePipeTransport._call_connection_lost()
handle: <Handle _ProactorBasePipeTransport._call_connection_lost()>
Traceback (most recent call last):
  File "C:\Python314\Lib\asyncio\events.py", line 94, in _run
    self._context.run(self._callback, *self._args)
    ~~~~~~~~~~~~~~~~~^^^^^^^^^^^^^^^^^^^^^^^^^^^^^
  File "C:\Python314\Lib\asyncio\proactor_events.py", line 165, in _call_connection_lost
    self._sock.shutdown(socket.SHUT_RDWR)
    ~~~~~~~~~~~~~~~~~~~^^^^^^^^^^^^^^^^^^
ConnectionResetError: [WinError 10054] Eine vorhandene Verbindung wurde vom Remotehost geschlossen
WARNING:  Unsupported upgrade request.
WARNING:  No supported WebSocket library detected. Please use "pip install 'uvicorn[standard]'", or install 'websockets' or 'wsproto' manually.
WARNING:  Unsupported upgrade request.
WARNING:  No supported WebSocket library detected. Please use "pip install 'uvicorn[standard]'", or install 'websockets' or 'wsproto' manually.
WARNING:  Unsupported upgrade request.
WARNING:  No supported WebSocket library detected. Please use "pip install 'uvicorn[standard]'", or install 'websockets' or 'wsproto' manually.
2026-07-09 03:56:27,513 - asyncio - ERROR - Exception in callback _ProactorBasePipeTransport._call_connection_lost()
handle: <Handle _ProactorBasePipeTransport._call_connection_lost()>
Traceback (most recent call last):
  File "C:\Python314\Lib\asyncio\events.py", line 94, in _run
    self._context.run(self._callback, *self._args)
    ~~~~~~~~~~~~~~~~~^^^^^^^^^^^^^^^^^^^^^^^^^^^^^
  File "C:\Python314\Lib\asyncio\proactor_events.py", line 165, in _call_connection_lost
    self._sock.shutdown(socket.SHUT_RDWR)
    ~~~~~~~~~~~~~~~~~~~^^^^^^^^^^^^^^^^^^
ConnectionResetError: [WinError 10054] Eine vorhandene Verbindung wurde vom Remotehost geschlossen
WARNING:  Unsupported upgrade request.
WARNING:  No supported WebSocket library detected. Please use "pip install 'uvicorn[standard]'", or install 'websockets' or 'wsproto' manually.
2026-07-09 03:56:29,101 - asyncio - ERROR - Exception in callback _ProactorBasePipeTransport._call_connection_lost()
handle: <Handle _ProactorBasePipeTransport._call_connection_lost()>
Traceback (most recent call last):
  File "C:\Python314\Lib\asyncio\events.py", line 94, in _run
    self._context.run(self._callback, *self._args)
    ~~~~~~~~~~~~~~~~~^^^^^^^^^^^^^^^^^^^^^^^^^^^^^
  File "C:\Python314\Lib\asyncio\proactor_events.py", line 165, in _call_connection_lost
    self._sock.shutdown(socket.SHUT_RDWR)
    ~~~~~~~~~~~~~~~~~~~^^^^^^^^^^^^^^^^^^
ConnectionResetError: [WinError 10054] Eine vorhandene Verbindung wurde vom Remotehost geschlossen
WARNING:  Unsupported upgrade request.
WARNING:  No supported WebSocket library detected. Please use "pip install 'uvicorn[standard]'", or install 'websockets' or 'wsproto' manually.
WARNING:  Unsupported upgrade request.
WARNING:  No supported WebSocket library detected. Please use "pip install 'uvicorn[standard]'", or install 'websockets' or 'wsproto' manually.
WARNING:  Unsupported upgrade request.
WARNING:  No supported WebSocket library detected. Please use "pip install 'uvicorn[standard]'", or install 'websockets' or 'wsproto' manually.
2026-07-09 03:56:29,455 - asyncio - ERROR - Exception in callback _ProactorBasePipeTransport._call_connection_lost()
handle: <Handle _ProactorBasePipeTransport._call_connection_lost()>
Traceback (most recent call last):
  File "C:\Python314\Lib\asyncio\events.py", line 94, in _run
    self._context.run(self._callback, *self._args)
    ~~~~~~~~~~~~~~~~~^^^^^^^^^^^^^^^^^^^^^^^^^^^^^
  File "C:\Python314\Lib\asyncio\proactor_events.py", line 165, in _call_connection_lost
    self._sock.shutdown(socket.SHUT_RDWR)
    ~~~~~~~~~~~~~~~~~~~^^^^^^^^^^^^^^^^^^
ConnectionResetError: [WinError 10054] Eine vorhandene Verbindung wurde vom Remotehost geschlossen
WARNING:  Unsupported upgrade request.
WARNING:  No supported WebSocket library detected. Please use "pip install 'uvicorn[standard]'", or install 'websockets' or 'wsproto' manually.
WARNING:  Unsupported upgrade request.
WARNING:  No supported WebSocket library detected. Please use "pip install 'uvicorn[standard]'", or install 'websockets' or 'wsproto' manually.
WARNING:  Unsupported upgrade request.
WARNING:  No supported WebSocket library detected. Please use "pip install 'uvicorn[standard]'", or install 'websockets' or 'wsproto' manually.
WARNING:  Unsupported upgrade request.
WARNING:  No supported WebSocket library detected. Please use "pip install 'uvicorn[standard]'", or install 'websockets' or 'wsproto' manually.
WARNING:  Unsupported upgrade request.
WARNING:  No supported WebSocket library detected. Please use "pip install 'uvicorn[standard]'", or install 'websockets' or 'wsproto' manually.
WARNING:  Unsupported upgrade request.
WARNING:  No supported WebSocket library detected. Please use "pip install 'uvicorn[standard]'", or install 'websockets' or 'wsproto' manually.
2026-07-09 03:56:35,357 - asyncio - ERROR - Exception in callback _ProactorBasePipeTransport._call_connection_lost()
handle: <Handle _ProactorBasePipeTransport._call_connection_lost()>
Traceback (most recent call last):
  File "C:\Python314\Lib\asyncio\events.py", line 94, in _run
    self._context.run(self._callback, *self._args)
    ~~~~~~~~~~~~~~~~~^^^^^^^^^^^^^^^^^^^^^^^^^^^^^
  File "C:\Python314\Lib\asyncio\proactor_events.py", line 165, in _call_connection_lost
    self._sock.shutdown(socket.SHUT_RDWR)
    ~~~~~~~~~~~~~~~~~~~^^^^^^^^^^^^^^^^^^
ConnectionResetError: [WinError 10054] Eine vorhandene Verbindung wurde vom Remotehost geschlossen
WARNING:  Unsupported upgrade request.
WARNING:  No supported WebSocket library detected. Please use "pip install 'uvicorn[standard]'", or install 'websockets' or 'wsproto' manually.
WARNING:  Unsupported upgrade request.
WARNING:  No supported WebSocket library detected. Please use "pip install 'uvicorn[standard]'", or install 'websockets' or 'wsproto' manually.
2026-07-09 03:56:37,639 - asyncio - ERROR - Exception in callback _ProactorBasePipeTransport._call_connection_lost()
handle: <Handle _ProactorBasePipeTransport._call_connection_lost()>
Traceback (most recent call last):
  File "C:\Python314\Lib\asyncio\events.py", line 94, in _run
    self._context.run(self._callback, *self._args)
    ~~~~~~~~~~~~~~~~~^^^^^^^^^^^^^^^^^^^^^^^^^^^^^
  File "C:\Python314\Lib\asyncio\proactor_events.py", line 165, in _call_connection_lost
    self._sock.shutdown(socket.SHUT_RDWR)
    ~~~~~~~~~~~~~~~~~~~^^^^^^^^^^^^^^^^^^
ConnectionResetError: [WinError 10054] Eine vorhandene Verbindung wurde vom Remotehost geschlossen
WARNING:  Unsupported upgrade request.
WARNING:  No supported WebSocket library detected. Please use "pip install 'uvicorn[standard]'", or install 'websockets' or 'wsproto' manually.
2026-07-09 03:56:39,274 - asyncio - ERROR - Exception in callback _ProactorBasePipeTransport._call_connection_lost()
handle: <Handle _ProactorBasePipeTransport._call_connection_lost()>
Traceback (most recent call last):
  File "C:\Python314\Lib\asyncio\events.py", line 94, in _run
    self._context.run(self._callback, *self._args)
    ~~~~~~~~~~~~~~~~~^^^^^^^^^^^^^^^^^^^^^^^^^^^^^
  File "C:\Python314\Lib\asyncio\proactor_events.py", line 165, in _call_connection_lost
    self._sock.shutdown(socket.SHUT_RDWR)
    ~~~~~~~~~~~~~~~~~~~^^^^^^^^^^^^^^^^^^
ConnectionResetError: [WinError 10054] Eine vorhandene Verbindung wurde vom Remotehost geschlossen
WARNING:  Unsupported upgrade request.
WARNING:  No supported WebSocket library detected. Please use "pip install 'uvicorn[standard]'", or install 'websockets' or 'wsproto' manually.
WARNING:  Unsupported upgrade request.
WARNING:  No supported WebSocket library detected. Please use "pip install 'uvicorn[standard]'", or install 'websockets' or 'wsproto' manually.
WARNING:  Unsupported upgrade request.
WARNING:  No supported WebSocket library detected. Please use "pip install 'uvicorn[standard]'", or install 'websockets' or 'wsproto' manually.
2026-07-09 03:56:41,905 - asyncio - ERROR - Exception in callback _ProactorBasePipeTransport._call_connection_lost()
handle: <Handle _ProactorBasePipeTransport._call_connection_lost()>
Traceback (most recent call last):
  File "C:\Python314\Lib\asyncio\events.py", line 94, in _run
    self._context.run(self._callback, *self._args)
    ~~~~~~~~~~~~~~~~~^^^^^^^^^^^^^^^^^^^^^^^^^^^^^
  File "C:\Python314\Lib\asyncio\proactor_events.py", line 165, in _call_connection_lost
    self._sock.shutdown(socket.SHUT_RDWR)
    ~~~~~~~~~~~~~~~~~~~^^^^^^^^^^^^^^^^^^
ConnectionResetError: [WinError 10054] Eine vorhandene Verbindung wurde vom Remotehost geschlossen
WARNING:  Unsupported upgrade request.
WARNING:  No supported WebSocket library detected. Please use "pip install 'uvicorn[standard]'", or install 'websockets' or 'wsproto' manually.
WARNING:  Unsupported upgrade request.
WARNING:  No supported WebSocket library detected. Please use "pip install 'uvicorn[standard]'", or install 'websockets' or 'wsproto' manually.
2026-07-09 03:56:44,329 - asyncio - ERROR - Exception in callback _ProactorBasePipeTransport._call_connection_lost()
handle: <Handle _ProactorBasePipeTransport._call_connection_lost()>
Traceback (most recent call last):
  File "C:\Python314\Lib\asyncio\events.py", line 94, in _run
    self._context.run(self._callback, *self._args)
    ~~~~~~~~~~~~~~~~~^^^^^^^^^^^^^^^^^^^^^^^^^^^^^
  File "C:\Python314\Lib\asyncio\proactor_events.py", line 165, in _call_connection_lost
    self._sock.shutdown(socket.SHUT_RDWR)
    ~~~~~~~~~~~~~~~~~~~^^^^^^^^^^^^^^^^^^
ConnectionResetError: [WinError 10054] Eine vorhandene Verbindung wurde vom Remotehost geschlossen
WARNING:  Unsupported upgrade request.
WARNING:  No supported WebSocket library detected. Please use "pip install 'uvicorn[standard]'", or install 'websockets' or 'wsproto' manually.
2026-07-09 03:56:44,360 - asyncio - ERROR - Exception in callback _ProactorBasePipeTransport._call_connection_lost()
handle: <Handle _ProactorBasePipeTransport._call_connection_lost()>
Traceback (most recent call last):
  File "C:\Python314\Lib\asyncio\events.py", line 94, in _run
    self._context.run(self._callback, *self._args)
    ~~~~~~~~~~~~~~~~~^^^^^^^^^^^^^^^^^^^^^^^^^^^^^
  File "C:\Python314\Lib\asyncio\proactor_events.py", line 165, in _call_connection_lost
    self._sock.shutdown(socket.SHUT_RDWR)
    ~~~~~~~~~~~~~~~~~~~^^^^^^^^^^^^^^^^^^
ConnectionResetError: [WinError 10054] Eine vorhandene Verbindung wurde vom Remotehost geschlossen
WARNING:  Unsupported upgrade request.
WARNING:  No supported WebSocket library detected. Please use "pip install 'uvicorn[standard]'", or install 'websockets' or 'wsproto' manually.
WARNING:  Unsupported upgrade request.
WARNING:  No supported WebSocket library detected. Please use "pip install 'uvicorn[standard]'", or install 'websockets' or 'wsproto' manually.
WARNING:  Unsupported upgrade request.
WARNING:  No supported WebSocket library detected. Please use "pip install 'uvicorn[standard]'", or install 'websockets' or 'wsproto' manually.
WARNING:  Unsupported upgrade request.
WARNING:  No supported WebSocket library detected. Please use "pip install 'uvicorn[standard]'", or install 'websockets' or 'wsproto' manually.
WARNING:  Unsupported upgrade request.
WARNING:  No supported WebSocket library detected. Please use "pip install 'uvicorn[standard]'", or install 'websockets' or 'wsproto' manually.
WARNING:  Unsupported upgrade request.
WARNING:  No supported WebSocket library detected. Please use "pip install 'uvicorn[standard]'", or install 'websockets' or 'wsproto' manually.
2026-07-09 03:56:50,496 - asyncio - ERROR - Exception in callback _ProactorBasePipeTransport._call_connection_lost()
handle: <Handle _ProactorBasePipeTransport._call_connection_lost()>
Traceback (most recent call last):
  File "C:\Python314\Lib\asyncio\events.py", line 94, in _run
    self._context.run(self._callback, *self._args)
    ~~~~~~~~~~~~~~~~~^^^^^^^^^^^^^^^^^^^^^^^^^^^^^
  File "C:\Python314\Lib\asyncio\proactor_events.py", line 165, in _call_connection_lost
    self._sock.shutdown(socket.SHUT_RDWR)
    ~~~~~~~~~~~~~~~~~~~^^^^^^^^^^^^^^^^^^
ConnectionResetError: [WinError 10054] Eine vorhandene Verbindung wurde vom Remotehost geschlossen
WARNING:  Unsupported upgrade request.
WARNING:  No supported WebSocket library detected. Please use "pip install 'uvicorn[standard]'", or install 'websockets' or 'wsproto' manually.
2026-07-09 03:56:52,622 - asyncio - ERROR - Exception in callback _ProactorBasePipeTransport._call_connection_lost()
handle: <Handle _ProactorBasePipeTransport._call_connection_lost()>
Traceback (most recent call last):
  File "C:\Python314\Lib\asyncio\events.py", line 94, in _run
    self._context.run(self._callback, *self._args)
    ~~~~~~~~~~~~~~~~~^^^^^^^^^^^^^^^^^^^^^^^^^^^^^
  File "C:\Python314\Lib\asyncio\proactor_events.py", line 165, in _call_connection_lost
    self._sock.shutdown(socket.SHUT_RDWR)
    ~~~~~~~~~~~~~~~~~~~^^^^^^^^^^^^^^^^^^
ConnectionResetError: [WinError 10054] Eine vorhandene Verbindung wurde vom Remotehost geschlossen
WARNING:  Unsupported upgrade request.
WARNING:  No supported WebSocket library detected. Please use "pip install 'uvicorn[standard]'", or install 'websockets' or 'wsproto' manually.
WARNING:  Unsupported upgrade request.
WARNING:  No supported WebSocket library detected. Please use "pip install 'uvicorn[standard]'", or install 'websockets' or 'wsproto' manually.
WARNING:  Unsupported upgrade request.
WARNING:  No supported WebSocket library detected. Please use "pip install 'uvicorn[standard]'", or install 'websockets' or 'wsproto' manually.
2026-07-09 03:56:54,559 - asyncio - ERROR - Exception in callback _ProactorBasePipeTransport._call_connection_lost()
handle: <Handle _ProactorBasePipeTransport._call_connection_lost()>
Traceback (most recent call last):
  File "C:\Python314\Lib\asyncio\events.py", line 94, in _run
    self._context.run(self._callback, *self._args)
    ~~~~~~~~~~~~~~~~~^^^^^^^^^^^^^^^^^^^^^^^^^^^^^
  File "C:\Python314\Lib\asyncio\proactor_events.py", line 165, in _call_connection_lost
    self._sock.shutdown(socket.SHUT_RDWR)
    ~~~~~~~~~~~~~~~~~~~^^^^^^^^^^^^^^^^^^
ConnectionResetError: [WinError 10054] Eine vorhandene Verbindung wurde vom Remotehost geschlossen
WARNING:  Unsupported upgrade request.
WARNING:  No supported WebSocket library detected. Please use "pip install 'uvicorn[standard]'", or install 'websockets' or 'wsproto' manually.
WARNING:  Unsupported upgrade request.
WARNING:  No supported WebSocket library detected. Please use "pip install 'uvicorn[standard]'", or install 'websockets' or 'wsproto' manually.
WARNING:  Unsupported upgrade request.
WARNING:  No supported WebSocket library detected. Please use "pip install 'uvicorn[standard]'", or install 'websockets' or 'wsproto' manually.
WARNING:  Unsupported upgrade request.
WARNING:  No supported WebSocket library detected. Please use "pip install 'uvicorn[standard]'", or install 'websockets' or 'wsproto' manually.
WARNING:  Unsupported upgrade request.
WARNING:  No supported WebSocket library detected. Please use "pip install 'uvicorn[standard]'", or install 'websockets' or 'wsproto' manually.
WARNING:  Unsupported upgrade request.
WARNING:  No supported WebSocket library detected. Please use "pip install 'uvicorn[standard]'", or install 'websockets' or 'wsproto' manually.
WARNING:  Unsupported upgrade request.
WARNING:  No supported WebSocket library detected. Please use "pip install 'uvicorn[standard]'", or install 'websockets' or 'wsproto' manually.
2026-07-09 03:57:02,037 - asyncio - ERROR - Exception in callback _ProactorBasePipeTransport._call_connection_lost()
handle: <Handle _ProactorBasePipeTransport._call_connection_lost()>
Traceback (most recent call last):
  File "C:\Python314\Lib\asyncio\events.py", line 94, in _run
    self._context.run(self._callback, *self._args)
    ~~~~~~~~~~~~~~~~~^^^^^^^^^^^^^^^^^^^^^^^^^^^^^
  File "C:\Python314\Lib\asyncio\proactor_events.py", line 165, in _call_connection_lost
    self._sock.shutdown(socket.SHUT_RDWR)
    ~~~~~~~~~~~~~~~~~~~^^^^^^^^^^^^^^^^^^
ConnectionResetError: [WinError 10054] Eine vorhandene Verbindung wurde vom Remotehost geschlossen
WARNING:  Unsupported upgrade request.
WARNING:  No supported WebSocket library detected. Please use "pip install 'uvicorn[standard]'", or install 'websockets' or 'wsproto' manually.
WARNING:  Unsupported upgrade request.
WARNING:  No supported WebSocket library detected. Please use "pip install 'uvicorn[standard]'", or install 'websockets' or 'wsproto' manually.
WARNING:  Unsupported upgrade request.
WARNING:  No supported WebSocket library detected. Please use "pip install 'uvicorn[standard]'", or install 'websockets' or 'wsproto' manually.
WARNING:  Unsupported upgrade request.
WARNING:  No supported WebSocket library detected. Please use "pip install 'uvicorn[standard]'", or install 'websockets' or 'wsproto' manually.
WARNING:  Unsupported upgrade request.
WARNING:  No supported WebSocket library detected. Please use "pip install 'uvicorn[standard]'", or install 'websockets' or 'wsproto' manually.
WARNING:  Unsupported upgrade request.
WARNING:  No supported WebSocket library detected. Please use "pip install 'uvicorn[standard]'", or install 'websockets' or 'wsproto' manually.
2026-07-09 03:57:07,959 - asyncio - ERROR - Exception in callback _ProactorBasePipeTransport._call_connection_lost()
handle: <Handle _ProactorBasePipeTransport._call_connection_lost()>
Traceback (most recent call last):
  File "C:\Python314\Lib\asyncio\events.py", line 94, in _run
    self._context.run(self._callback, *self._args)
    ~~~~~~~~~~~~~~~~~^^^^^^^^^^^^^^^^^^^^^^^^^^^^^
  File "C:\Python314\Lib\asyncio\proactor_events.py", line 165, in _call_connection_lost
    self._sock.shutdown(socket.SHUT_RDWR)
    ~~~~~~~~~~~~~~~~~~~^^^^^^^^^^^^^^^^^^
ConnectionResetError: [WinError 10054] Eine vorhandene Verbindung wurde vom Remotehost geschlossen
2026-07-09 03:57:11,775 - asyncio - ERROR - Exception in callback _ProactorBasePipeTransport._call_connection_lost()
handle: <Handle _ProactorBasePipeTransport._call_connection_lost()>
Traceback (most recent call last):
  File "C:\Python314\Lib\asyncio\events.py", line 94, in _run
    self._context.run(self._callback, *self._args)
    ~~~~~~~~~~~~~~~~~^^^^^^^^^^^^^^^^^^^^^^^^^^^^^
  File "C:\Python314\Lib\asyncio\proactor_events.py", line 165, in _call_connection_lost
    self._sock.shutdown(socket.SHUT_RDWR)
    ~~~~~~~~~~~~~~~~~~~^^^^^^^^^^^^^^^^^^
ConnectionResetError: [WinError 10054] Eine vorhandene Verbindung wurde vom Remotehost geschlossen
WARNING:  Unsupported upgrade request.
WARNING:  No supported WebSocket library detected. Please use "pip install 'uvicorn[standard]'", or install 'websockets' or 'wsproto' manually.
WARNING:  Unsupported upgrade request.
WARNING:  No supported WebSocket library detected. Please use "pip install 'uvicorn[standard]'", or install 'websockets' or 'wsproto' manually.
2026-07-09 03:57:13,888 - asyncio - ERROR - Exception in callback _ProactorBasePipeTransport._call_connection_lost()
handle: <Handle _ProactorBasePipeTransport._call_connection_lost()>
Traceback (most recent call last):
  File "C:\Python314\Lib\asyncio\events.py", line 94, in _run
    self._context.run(self._callback, *self._args)
    ~~~~~~~~~~~~~~~~~^^^^^^^^^^^^^^^^^^^^^^^^^^^^^
  File "C:\Python314\Lib\asyncio\proactor_events.py", line 165, in _call_connection_lost
    self._sock.shutdown(socket.SHUT_RDWR)
    ~~~~~~~~~~~~~~~~~~~^^^^^^^^^^^^^^^^^^
ConnectionResetError: [WinError 10054] Eine vorhandene Verbindung wurde vom Remotehost geschlossen
WARNING:  Unsupported upgrade request.
WARNING:  No supported WebSocket library detected. Please use "pip install 'uvicorn[standard]'", or install 'websockets' or 'wsproto' manually.
WARNING:  Unsupported upgrade request.
WARNING:  No supported WebSocket library detected. Please use "pip install 'uvicorn[standard]'", or install 'websockets' or 'wsproto' manually.
WARNING:  Unsupported upgrade request.
WARNING:  No supported WebSocket library detected. Please use "pip install 'uvicorn[standard]'", or install 'websockets' or 'wsproto' manually.
WARNING:  Unsupported upgrade request.
WARNING:  No supported WebSocket library detected. Please use "pip install 'uvicorn[standard]'", or install 'websockets' or 'wsproto' manually.
WARNING:  Unsupported upgrade request.
WARNING:  No supported WebSocket library detected. Please use "pip install 'uvicorn[standard]'", or install 'websockets' or 'wsproto' manually.
WARNING:  Unsupported upgrade request.
WARNING:  No supported WebSocket library detected. Please use "pip install 'uvicorn[standard]'", or install 'websockets' or 'wsproto' manually.
2026-07-09 03:57:19,673 - asyncio - ERROR - Exception in callback _ProactorBasePipeTransport._call_connection_lost()
handle: <Handle _ProactorBasePipeTransport._call_connection_lost()>
Traceback (most recent call last):
  File "C:\Python314\Lib\asyncio\events.py", line 94, in _run
    self._context.run(self._callback, *self._args)
    ~~~~~~~~~~~~~~~~~^^^^^^^^^^^^^^^^^^^^^^^^^^^^^
  File "C:\Python314\Lib\asyncio\proactor_events.py", line 165, in _call_connection_lost
    self._sock.shutdown(socket.SHUT_RDWR)
    ~~~~~~~~~~~~~~~~~~~^^^^^^^^^^^^^^^^^^
ConnectionResetError: [WinError 10054] Eine vorhandene Verbindung wurde vom Remotehost geschlossen
WARNING:  Unsupported upgrade request.
WARNING:  No supported WebSocket library detected. Please use "pip install 'uvicorn[standard]'", or install 'websockets' or 'wsproto' manually.
2026-07-09 03:57:21,088 - asyncio - ERROR - Exception in callback _ProactorBasePipeTransport._call_connection_lost()
handle: <Handle _ProactorBasePipeTransport._call_connection_lost()>
Traceback (most recent call last):
  File "C:\Python314\Lib\asyncio\events.py", line 94, in _run
    self._context.run(self._callback, *self._args)
    ~~~~~~~~~~~~~~~~~^^^^^^^^^^^^^^^^^^^^^^^^^^^^^
  File "C:\Python314\Lib\asyncio\proactor_events.py", line 165, in _call_connection_lost
    self._sock.shutdown(socket.SHUT_RDWR)
    ~~~~~~~~~~~~~~~~~~~^^^^^^^^^^^^^^^^^^
ConnectionResetError: [WinError 10054] Eine vorhandene Verbindung wurde vom Remotehost geschlossen
WARNING:  Unsupported upgrade request.
WARNING:  No supported WebSocket library detected. Please use "pip install 'uvicorn[standard]'", or install 'websockets' or 'wsproto' manually.
WARNING:  Unsupported upgrade request.
WARNING:  No supported WebSocket library detected. Please use "pip install 'uvicorn[standard]'", or install 'websockets' or 'wsproto' manually.
WARNING:  Unsupported upgrade request.
WARNING:  No supported WebSocket library detected. Please use "pip install 'uvicorn[standard]'", or install 'websockets' or 'wsproto' manually.
2026-07-09 03:57:21,935 - asyncio - ERROR - Exception in callback _ProactorBasePipeTransport._call_connection_lost()
handle: <Handle _ProactorBasePipeTransport._call_connection_lost()>
Traceback (most recent call last):
  File "C:\Python314\Lib\asyncio\events.py", line 94, in _run
    self._context.run(self._callback, *self._args)
    ~~~~~~~~~~~~~~~~~^^^^^^^^^^^^^^^^^^^^^^^^^^^^^
  File "C:\Python314\Lib\asyncio\proactor_events.py", line 165, in _call_connection_lost
    self._sock.shutdown(socket.SHUT_RDWR)
    ~~~~~~~~~~~~~~~~~~~^^^^^^^^^^^^^^^^^^
ConnectionResetError: [WinError 10054] Eine vorhandene Verbindung wurde vom Remotehost geschlossen
WARNING:  Unsupported upgrade request.
WARNING:  No supported WebSocket library detected. Please use "pip install 'uvicorn[standard]'", or install 'websockets' or 'wsproto' manually.
WARNING:  Unsupported upgrade request.
WARNING:  No supported WebSocket library detected. Please use "pip install 'uvicorn[standard]'", or install 'websockets' or 'wsproto' manually.
WARNING:  Unsupported upgrade request.
WARNING:  No supported WebSocket library detected. Please use "pip install 'uvicorn[standard]'", or install 'websockets' or 'wsproto' manually.
WARNING:  Unsupported upgrade request.
WARNING:  No supported WebSocket library detected. Please use "pip install 'uvicorn[standard]'", or install 'websockets' or 'wsproto' manually.
WARNING:  Unsupported upgrade request.
WARNING:  No supported WebSocket library detected. Please use "pip install 'uvicorn[standard]'", or install 'websockets' or 'wsproto' manually.
2026-07-09 03:57:28,633 - asyncio - ERROR - Exception in callback _ProactorBasePipeTransport._call_connection_lost()
handle: <Handle _ProactorBasePipeTransport._call_connection_lost()>
Traceback (most recent call last):
  File "C:\Python314\Lib\asyncio\events.py", line 94, in _run
    self._context.run(self._callback, *self._args)
    ~~~~~~~~~~~~~~~~~^^^^^^^^^^^^^^^^^^^^^^^^^^^^^
  File "C:\Python314\Lib\asyncio\proactor_events.py", line 165, in _call_connection_lost
    self._sock.shutdown(socket.SHUT_RDWR)
    ~~~~~~~~~~~~~~~~~~~^^^^^^^^^^^^^^^^^^
ConnectionResetError: [WinError 10054] Eine vorhandene Verbindung wurde vom Remotehost geschlossen
WARNING:  Unsupported upgrade request.
WARNING:  No supported WebSocket library detected. Please use "pip install 'uvicorn[standard]'", or install 'websockets' or 'wsproto' manually.
WARNING:  Unsupported upgrade request.
WARNING:  No supported WebSocket library detected. Please use "pip install 'uvicorn[standard]'", or install 'websockets' or 'wsproto' manually.
WARNING:  Unsupported upgrade request.
WARNING:  No supported WebSocket library detected. Please use "pip install 'uvicorn[standard]'", or install 'websockets' or 'wsproto' manually.
WARNING:  Unsupported upgrade request.
WARNING:  No supported WebSocket library detected. Please use "pip install 'uvicorn[standard]'", or install 'websockets' or 'wsproto' manually.
WARNING:  Unsupported upgrade request.
WARNING:  No supported WebSocket library detected. Please use "pip install 'uvicorn[standard]'", or install 'websockets' or 'wsproto' manually.
WARNING:  Unsupported upgrade request.
WARNING:  No supported WebSocket library detected. Please use "pip install 'uvicorn[standard]'", or install 'websockets' or 'wsproto' manually.
2026-07-09 03:57:34,559 - asyncio - ERROR - Exception in callback _ProactorBasePipeTransport._call_connection_lost()
handle: <Handle _ProactorBasePipeTransport._call_connection_lost()>
Traceback (most recent call last):
  File "C:\Python314\Lib\asyncio\events.py", line 94, in _run
    self._context.run(self._callback, *self._args)
    ~~~~~~~~~~~~~~~~~^^^^^^^^^^^^^^^^^^^^^^^^^^^^^
  File "C:\Python314\Lib\asyncio\proactor_events.py", line 165, in _call_connection_lost
    self._sock.shutdown(socket.SHUT_RDWR)
    ~~~~~~~~~~~~~~~~~~~^^^^^^^^^^^^^^^^^^
ConnectionResetError: [WinError 10054] Eine vorhandene Verbindung wurde vom Remotehost geschlossen
WARNING:  Unsupported upgrade request.
WARNING:  No supported WebSocket library detected. Please use "pip install 'uvicorn[standard]'", or install 'websockets' or 'wsproto' manually.
2026-07-09 03:57:34,732 - asyncio - ERROR - Exception in callback _ProactorBasePipeTransport._call_connection_lost()
handle: <Handle _ProactorBasePipeTransport._call_connection_lost()>
Traceback (most recent call last):
  File "C:\Python314\Lib\asyncio\events.py", line 94, in _run
    self._context.run(self._callback, *self._args)
    ~~~~~~~~~~~~~~~~~^^^^^^^^^^^^^^^^^^^^^^^^^^^^^
  File "C:\Python314\Lib\asyncio\proactor_events.py", line 165, in _call_connection_lost
    self._sock.shutdown(socket.SHUT_RDWR)
    ~~~~~~~~~~~~~~~~~~~^^^^^^^^^^^^^^^^^^
ConnectionResetError: [WinError 10054] Eine vorhandene Verbindung wurde vom Remotehost geschlossen
WARNING:  Unsupported upgrade request.
WARNING:  No supported WebSocket library detected. Please use "pip install 'uvicorn[standard]'", or install 'websockets' or 'wsproto' manually.
WARNING:  Unsupported upgrade request.
WARNING:  No supported WebSocket library detected. Please use "pip install 'uvicorn[standard]'", or install 'websockets' or 'wsproto' manually.
2026-07-09 03:57:37,385 - asyncio - ERROR - Exception in callback _ProactorBasePipeTransport._call_connection_lost()
handle: <Handle _ProactorBasePipeTransport._call_connection_lost()>
Traceback (most recent call last):
  File "C:\Python314\Lib\asyncio\events.py", line 94, in _run
    self._context.run(self._callback, *self._args)
    ~~~~~~~~~~~~~~~~~^^^^^^^^^^^^^^^^^^^^^^^^^^^^^
  File "C:\Python314\Lib\asyncio\proactor_events.py", line 165, in _call_connection_lost
    self._sock.shutdown(socket.SHUT_RDWR)
    ~~~~~~~~~~~~~~~~~~~^^^^^^^^^^^^^^^^^^
ConnectionResetError: [WinError 10054] Eine vorhandene Verbindung wurde vom Remotehost geschlossen
WARNING:  Unsupported upgrade request.
WARNING:  No supported WebSocket library detected. Please use "pip install 'uvicorn[standard]'", or install 'websockets' or 'wsproto' manually.
WARNING:  Unsupported upgrade request.
WARNING:  No supported WebSocket library detected. Please use "pip install 'uvicorn[standard]'", or install 'websockets' or 'wsproto' manually.
WARNING:  Unsupported upgrade request.
WARNING:  No supported WebSocket library detected. Please use "pip install 'uvicorn[standard]'", or install 'websockets' or 'wsproto' manually.
WARNING:  Unsupported upgrade request.
WARNING:  No supported WebSocket library detected. Please use "pip install 'uvicorn[standard]'", or install 'websockets' or 'wsproto' manually.
2026-07-09 03:57:42,233 - asyncio - ERROR - Exception in callback _ProactorBasePipeTransport._call_connection_lost()
handle: <Handle _ProactorBasePipeTransport._call_connection_lost()>
Traceback (most recent call last):
  File "C:\Python314\Lib\asyncio\events.py", line 94, in _run
    self._context.run(self._callback, *self._args)
    ~~~~~~~~~~~~~~~~~^^^^^^^^^^^^^^^^^^^^^^^^^^^^^
  File "C:\Python314\Lib\asyncio\proactor_events.py", line 165, in _call_connection_lost
    self._sock.shutdown(socket.SHUT_RDWR)
    ~~~~~~~~~~~~~~~~~~~^^^^^^^^^^^^^^^^^^
ConnectionResetError: [WinError 10054] Eine vorhandene Verbindung wurde vom Remotehost geschlossen
WARNING:  Unsupported upgrade request.
WARNING:  No supported WebSocket library detected. Please use "pip install 'uvicorn[standard]'", or install 'websockets' or 'wsproto' manually.
WARNING:  Unsupported upgrade request.
WARNING:  No supported WebSocket library detected. Please use "pip install 'uvicorn[standard]'", or install 'websockets' or 'wsproto' manually.
WARNING:  Unsupported upgrade request.
WARNING:  No supported WebSocket library detected. Please use "pip install 'uvicorn[standard]'", or install 'websockets' or 'wsproto' manually.
2026-07-09 03:57:44,686 - asyncio - ERROR - Exception in callback _ProactorBasePipeTransport._call_connection_lost()
handle: <Handle _ProactorBasePipeTransport._call_connection_lost()>
Traceback (most recent call last):
  File "C:\Python314\Lib\asyncio\events.py", line 94, in _run
    self._context.run(self._callback, *self._args)
    ~~~~~~~~~~~~~~~~~^^^^^^^^^^^^^^^^^^^^^^^^^^^^^
  File "C:\Python314\Lib\asyncio\proactor_events.py", line 165, in _call_connection_lost
    self._sock.shutdown(socket.SHUT_RDWR)
    ~~~~~~~~~~~~~~~~~~~^^^^^^^^^^^^^^^^^^
ConnectionResetError: [WinError 10054] Eine vorhandene Verbindung wurde vom Remotehost geschlossen
WARNING:  Unsupported upgrade request.
WARNING:  No supported WebSocket library detected. Please use "pip install 'uvicorn[standard]'", or install 'websockets' or 'wsproto' manually.
2026-07-09 03:57:47,239 - asyncio - ERROR - Exception in callback _ProactorBasePipeTransport._call_connection_lost()
handle: <Handle _ProactorBasePipeTransport._call_connection_lost()>
Traceback (most recent call last):
  File "C:\Python314\Lib\asyncio\events.py", line 94, in _run
    self._context.run(self._callback, *self._args)
    ~~~~~~~~~~~~~~~~~^^^^^^^^^^^^^^^^^^^^^^^^^^^^^
  File "C:\Python314\Lib\asyncio\proactor_events.py", line 165, in _call_connection_lost
    self._sock.shutdown(socket.SHUT_RDWR)
    ~~~~~~~~~~~~~~~~~~~^^^^^^^^^^^^^^^^^^
ConnectionResetError: [WinError 10054] Eine vorhandene Verbindung wurde vom Remotehost geschlossen
WARNING:  Unsupported upgrade request.
WARNING:  No supported WebSocket library detected. Please use "pip install 'uvicorn[standard]'", or install 'websockets' or 'wsproto' manually.
WARNING:  Unsupported upgrade request.
WARNING:  No supported WebSocket library detected. Please use "pip install 'uvicorn[standard]'", or install 'websockets' or 'wsproto' manually.
2026-07-09 03:57:48,530 - asyncio - ERROR - Exception in callback _ProactorBasePipeTransport._call_connection_lost()
handle: <Handle _ProactorBasePipeTransport._call_connection_lost()>
Traceback (most recent call last):
  File "C:\Python314\Lib\asyncio\events.py", line 94, in _run
    self._context.run(self._callback, *self._args)
    ~~~~~~~~~~~~~~~~~^^^^^^^^^^^^^^^^^^^^^^^^^^^^^
  File "C:\Python314\Lib\asyncio\proactor_events.py", line 165, in _call_connection_lost
    self._sock.shutdown(socket.SHUT_RDWR)
    ~~~~~~~~~~~~~~~~~~~^^^^^^^^^^^^^^^^^^
ConnectionResetError: [WinError 10054] Eine vorhandene Verbindung wurde vom Remotehost geschlossen
WARNING:  Unsupported upgrade request.
WARNING:  No supported WebSocket library detected. Please use "pip install 'uvicorn[standard]'", or install 'websockets' or 'wsproto' manually.
WARNING:  Unsupported upgrade request.
WARNING:  No supported WebSocket library detected. Please use "pip install 'uvicorn[standard]'", or install 'websockets' or 'wsproto' manually.
WARNING:  Unsupported upgrade request.
WARNING:  No supported WebSocket library detected. Please use "pip install 'uvicorn[standard]'", or install 'websockets' or 'wsproto' manually.
2026-07-09 03:57:50,282 - asyncio - ERROR - Exception in callback _ProactorBasePipeTransport._call_connection_lost()
handle: <Handle _ProactorBasePipeTransport._call_connection_lost()>
Traceback (most recent call last):
  File "C:\Python314\Lib\asyncio\events.py", line 94, in _run
    self._context.run(self._callback, *self._args)
    ~~~~~~~~~~~~~~~~~^^^^^^^^^^^^^^^^^^^^^^^^^^^^^
  File "C:\Python314\Lib\asyncio\proactor_events.py", line 165, in _call_connection_lost
    self._sock.shutdown(socket.SHUT_RDWR)
    ~~~~~~~~~~~~~~~~~~~^^^^^^^^^^^^^^^^^^
ConnectionResetError: [WinError 10054] Eine vorhandene Verbindung wurde vom Remotehost geschlossen
WARNING:  Unsupported upgrade request.
WARNING:  No supported WebSocket library detected. Please use "pip install 'uvicorn[standard]'", or install 'websockets' or 'wsproto' manually.
WARNING:  Unsupported upgrade request.
WARNING:  No supported WebSocket library detected. Please use "pip install 'uvicorn[standard]'", or install 'websockets' or 'wsproto' manually.
2026-07-09 03:57:51,704 - asyncio - ERROR - Exception in callback _ProactorBasePipeTransport._call_connection_lost()
handle: <Handle _ProactorBasePipeTransport._call_connection_lost()>
Traceback (most recent call last):
  File "C:\Python314\Lib\asyncio\events.py", line 94, in _run
    self._context.run(self._callback, *self._args)
    ~~~~~~~~~~~~~~~~~^^^^^^^^^^^^^^^^^^^^^^^^^^^^^
  File "C:\Python314\Lib\asyncio\proactor_events.py", line 165, in _call_connection_lost
    self._sock.shutdown(socket.SHUT_RDWR)
    ~~~~~~~~~~~~~~~~~~~^^^^^^^^^^^^^^^^^^
ConnectionResetError: [WinError 10054] Eine vorhandene Verbindung wurde vom Remotehost geschlossen
WARNING:  Unsupported upgrade request.
WARNING:  No supported WebSocket library detected. Please use "pip install 'uvicorn[standard]'", or install 'websockets' or 'wsproto' manually.
WARNING:  Unsupported upgrade request.
WARNING:  No supported WebSocket library detected. Please use "pip install 'uvicorn[standard]'", or install 'websockets' or 'wsproto' manually.
WARNING:  Unsupported upgrade request.
WARNING:  No supported WebSocket library detected. Please use "pip install 'uvicorn[standard]'", or install 'websockets' or 'wsproto' manually.
WARNING:  Unsupported upgrade request.
WARNING:  No supported WebSocket library detected. Please use "pip install 'uvicorn[standard]'", or install 'websockets' or 'wsproto' manually.
WARNING:  Unsupported upgrade request.
WARNING:  No supported WebSocket library detected. Please use "pip install 'uvicorn[standard]'", or install 'websockets' or 'wsproto' manually.
WARNING:  Unsupported upgrade request.
WARNING:  No supported WebSocket library detected. Please use "pip install 'uvicorn[standard]'", or install 'websockets' or 'wsproto' manually.
WARNING:  Unsupported upgrade request.
WARNING:  No supported WebSocket library detected. Please use "pip install 'uvicorn[standard]'", or install 'websockets' or 'wsproto' manually.
2026-07-09 03:57:59,909 - asyncio - ERROR - Exception in callback _ProactorBasePipeTransport._call_connection_lost()
handle: <Handle _ProactorBasePipeTransport._call_connection_lost()>
Traceback (most recent call last):
  File "C:\Python314\Lib\asyncio\events.py", line 94, in _run
    self._context.run(self._callback, *self._args)
    ~~~~~~~~~~~~~~~~~^^^^^^^^^^^^^^^^^^^^^^^^^^^^^
  File "C:\Python314\Lib\asyncio\proactor_events.py", line 165, in _call_connection_lost
    self._sock.shutdown(socket.SHUT_RDWR)
    ~~~~~~~~~~~~~~~~~~~^^^^^^^^^^^^^^^^^^
ConnectionResetError: [WinError 10054] Eine vorhandene Verbindung wurde vom Remotehost geschlossen
WARNING:  Unsupported upgrade request.
WARNING:  No supported WebSocket library detected. Please use "pip install 'uvicorn[standard]'", or install 'websockets' or 'wsproto' manually.
WARNING:  Unsupported upgrade request.
WARNING:  No supported WebSocket library detected. Please use "pip install 'uvicorn[standard]'", or install 'websockets' or 'wsproto' manually.
WARNING:  Unsupported upgrade request.
WARNING:  No supported WebSocket library detected. Please use "pip install 'uvicorn[standard]'", or install 'websockets' or 'wsproto' manually.
2026-07-09 03:58:04,161 - asyncio - ERROR - Exception in callback _ProactorBasePipeTransport._call_connection_lost()
handle: <Handle _ProactorBasePipeTransport._call_connection_lost()>
Traceback (most recent call last):
  File "C:\Python314\Lib\asyncio\events.py", line 94, in _run
    self._context.run(self._callback, *self._args)
    ~~~~~~~~~~~~~~~~~^^^^^^^^^^^^^^^^^^^^^^^^^^^^^
  File "C:\Python314\Lib\asyncio\proactor_events.py", line 165, in _call_connection_lost
    self._sock.shutdown(socket.SHUT_RDWR)
    ~~~~~~~~~~~~~~~~~~~^^^^^^^^^^^^^^^^^^
ConnectionResetError: [WinError 10054] Eine vorhandene Verbindung wurde vom Remotehost geschlossen
WARNING:  Unsupported upgrade request.
WARNING:  No supported WebSocket library detected. Please use "pip install 'uvicorn[standard]'", or install 'websockets' or 'wsproto' manually.
WARNING:  Unsupported upgrade request.
WARNING:  No supported WebSocket library detected. Please use "pip install 'uvicorn[standard]'", or install 'websockets' or 'wsproto' manually.
2026-07-09 03:58:04,637 - asyncio - ERROR - Exception in callback _ProactorBasePipeTransport._call_connection_lost()
handle: <Handle _ProactorBasePipeTransport._call_connection_lost()>
Traceback (most recent call last):
  File "C:\Python314\Lib\asyncio\events.py", line 94, in _run
    self._context.run(self._callback, *self._args)
    ~~~~~~~~~~~~~~~~~^^^^^^^^^^^^^^^^^^^^^^^^^^^^^
  File "C:\Python314\Lib\asyncio\proactor_events.py", line 165, in _call_connection_lost
    self._sock.shutdown(socket.SHUT_RDWR)
    ~~~~~~~~~~~~~~~~~~~^^^^^^^^^^^^^^^^^^
ConnectionResetError: [WinError 10054] Eine vorhandene Verbindung wurde vom Remotehost geschlossen
WARNING:  Unsupported upgrade request.
WARNING:  No supported WebSocket library detected. Please use "pip install 'uvicorn[standard]'", or install 'websockets' or 'wsproto' manually.
2026-07-09 03:58:05,432 - asyncio - ERROR - Exception in callback _ProactorBasePipeTransport._call_connection_lost()
handle: <Handle _ProactorBasePipeTransport._call_connection_lost()>
Traceback (most recent call last):
  File "C:\Python314\Lib\asyncio\events.py", line 94, in _run
    self._context.run(self._callback, *self._args)
    ~~~~~~~~~~~~~~~~~^^^^^^^^^^^^^^^^^^^^^^^^^^^^^
  File "C:\Python314\Lib\asyncio\proactor_events.py", line 165, in _call_connection_lost
    self._sock.shutdown(socket.SHUT_RDWR)
    ~~~~~~~~~~~~~~~~~~~^^^^^^^^^^^^^^^^^^
ConnectionResetError: [WinError 10054] Eine vorhandene Verbindung wurde vom Remotehost geschlossen
WARNING:  Unsupported upgrade request.
WARNING:  No supported WebSocket library detected. Please use "pip install 'uvicorn[standard]'", or install 'websockets' or 'wsproto' manually.
WARNING:  Unsupported upgrade request.
WARNING:  No supported WebSocket library detected. Please use "pip install 'uvicorn[standard]'", or install 'websockets' or 'wsproto' manually.
WARNING:  Unsupported upgrade request.
WARNING:  No supported WebSocket library detected. Please use "pip install 'uvicorn[standard]'", or install 'websockets' or 'wsproto' manually.
WARNING:  Unsupported upgrade request.
WARNING:  No supported WebSocket library detected. Please use "pip install 'uvicorn[standard]'", or install 'websockets' or 'wsproto' manually.
WARNING:  Unsupported upgrade request.
WARNING:  No supported WebSocket library detected. Please use "pip install 'uvicorn[standard]'", or install 'websockets' or 'wsproto' manually.
2026-07-09 03:58:12,787 - asyncio - ERROR - Exception in callback _ProactorBasePipeTransport._call_connection_lost()
handle: <Handle _ProactorBasePipeTransport._call_connection_lost()>
Traceback (most recent call last):
  File "C:\Python314\Lib\asyncio\events.py", line 94, in _run
    self._context.run(self._callback, *self._args)
    ~~~~~~~~~~~~~~~~~^^^^^^^^^^^^^^^^^^^^^^^^^^^^^
  File "C:\Python314\Lib\asyncio\proactor_events.py", line 165, in _call_connection_lost
    self._sock.shutdown(socket.SHUT_RDWR)
    ~~~~~~~~~~~~~~~~~~~^^^^^^^^^^^^^^^^^^
ConnectionResetError: [WinError 10054] Eine vorhandene Verbindung wurde vom Remotehost geschlossen
WARNING:  Unsupported upgrade request.
WARNING:  No supported WebSocket library detected. Please use "pip install 'uvicorn[standard]'", or install 'websockets' or 'wsproto' manually.
WARNING:  Unsupported upgrade request.
WARNING:  No supported WebSocket library detected. Please use "pip install 'uvicorn[standard]'", or install 'websockets' or 'wsproto' manually.
2026-07-09 03:58:13,751 - asyncio - ERROR - Exception in callback _ProactorBasePipeTransport._call_connection_lost()
handle: <Handle _ProactorBasePipeTransport._call_connection_lost()>
Traceback (most recent call last):
  File "C:\Python314\Lib\asyncio\events.py", line 94, in _run
    self._context.run(self._callback, *self._args)
    ~~~~~~~~~~~~~~~~~^^^^^^^^^^^^^^^^^^^^^^^^^^^^^
  File "C:\Python314\Lib\asyncio\proactor_events.py", line 165, in _call_connection_lost
    self._sock.shutdown(socket.SHUT_RDWR)
    ~~~~~~~~~~~~~~~~~~~^^^^^^^^^^^^^^^^^^
ConnectionResetError: [WinError 10054] Eine vorhandene Verbindung wurde vom Remotehost geschlossen
WARNING:  Unsupported upgrade request.
WARNING:  No supported WebSocket library detected. Please use "pip install 'uvicorn[standard]'", or install 'websockets' or 'wsproto' manually.
WARNING:  Unsupported upgrade request.
WARNING:  No supported WebSocket library detected. Please use "pip install 'uvicorn[standard]'", or install 'websockets' or 'wsproto' manually.
WARNING:  Unsupported upgrade request.
WARNING:  No supported WebSocket library detected. Please use "pip install 'uvicorn[standard]'", or install 'websockets' or 'wsproto' manually.
WARNING:  Unsupported upgrade request.
WARNING:  No supported WebSocket library detected. Please use "pip install 'uvicorn[standard]'", or install 'websockets' or 'wsproto' manually.
WARNING:  Unsupported upgrade request.
WARNING:  No supported WebSocket library detected. Please use "pip install 'uvicorn[standard]'", or install 'websockets' or 'wsproto' manually.
2026-07-09 03:58:19,573 - asyncio - ERROR - Exception in callback _ProactorBasePipeTransport._call_connection_lost()
handle: <Handle _ProactorBasePipeTransport._call_connection_lost()>
Traceback (most recent call last):
  File "C:\Python314\Lib\asyncio\events.py", line 94, in _run
    self._context.run(self._callback, *self._args)
    ~~~~~~~~~~~~~~~~~^^^^^^^^^^^^^^^^^^^^^^^^^^^^^
  File "C:\Python314\Lib\asyncio\proactor_events.py", line 165, in _call_connection_lost
    self._sock.shutdown(socket.SHUT_RDWR)
    ~~~~~~~~~~~~~~~~~~~^^^^^^^^^^^^^^^^^^
ConnectionResetError: [WinError 10054] Eine vorhandene Verbindung wurde vom Remotehost geschlossen
WARNING:  Unsupported upgrade request.
WARNING:  No supported WebSocket library detected. Please use "pip install 'uvicorn[standard]'", or install 'websockets' or 'wsproto' manually.
2026-07-09 03:58:20,333 - asyncio - ERROR - Exception in callback _ProactorBasePipeTransport._call_connection_lost()
handle: <Handle _ProactorBasePipeTransport._call_connection_lost()>
Traceback (most recent call last):
  File "C:\Python314\Lib\asyncio\events.py", line 94, in _run
    self._context.run(self._callback, *self._args)
    ~~~~~~~~~~~~~~~~~^^^^^^^^^^^^^^^^^^^^^^^^^^^^^
  File "C:\Python314\Lib\asyncio\proactor_events.py", line 165, in _call_connection_lost
    self._sock.shutdown(socket.SHUT_RDWR)
    ~~~~~~~~~~~~~~~~~~~^^^^^^^^^^^^^^^^^^
ConnectionResetError: [WinError 10054] Eine vorhandene Verbindung wurde vom Remotehost geschlossen
WARNING:  Unsupported upgrade request.
WARNING:  No supported WebSocket library detected. Please use "pip install 'uvicorn[standard]'", or install 'websockets' or 'wsproto' manually.
WARNING:  Unsupported upgrade request.
WARNING:  No supported WebSocket library detected. Please use "pip install 'uvicorn[standard]'", or install 'websockets' or 'wsproto' manually.
WARNING:  Unsupported upgrade request.
WARNING:  No supported WebSocket library detected. Please use "pip install 'uvicorn[standard]'", or install 'websockets' or 'wsproto' manually.
WARNING:  Unsupported upgrade request.
WARNING:  No supported WebSocket library detected. Please use "pip install 'uvicorn[standard]'", or install 'websockets' or 'wsproto' manually.
WARNING:  Unsupported upgrade request.
WARNING:  No supported WebSocket library detected. Please use "pip install 'uvicorn[standard]'", or install 'websockets' or 'wsproto' manually.
WARNING:  Unsupported upgrade request.
WARNING:  No supported WebSocket library detected. Please use "pip install 'uvicorn[standard]'", or install 'websockets' or 'wsproto' manually.
WARNING:  Unsupported upgrade request.
WARNING:  No supported WebSocket library detected. Please use "pip install 'uvicorn[standard]'", or install 'websockets' or 'wsproto' manually.
2026-07-09 03:58:27,603 - asyncio - ERROR - Exception in callback _ProactorBasePipeTransport._call_connection_lost()
handle: <Handle _ProactorBasePipeTransport._call_connection_lost()>
Traceback (most recent call last):
  File "C:\Python314\Lib\asyncio\events.py", line 94, in _run
    self._context.run(self._callback, *self._args)
    ~~~~~~~~~~~~~~~~~^^^^^^^^^^^^^^^^^^^^^^^^^^^^^
  File "C:\Python314\Lib\asyncio\proactor_events.py", line 165, in _call_connection_lost
    self._sock.shutdown(socket.SHUT_RDWR)
    ~~~~~~~~~~~~~~~~~~~^^^^^^^^^^^^^^^^^^
ConnectionResetError: [WinError 10054] Eine vorhandene Verbindung wurde vom Remotehost geschlossen
WARNING:  Unsupported upgrade request.
WARNING:  No supported WebSocket library detected. Please use "pip install 'uvicorn[standard]'", or install 'websockets' or 'wsproto' manually.
WARNING:  Unsupported upgrade request.
WARNING:  No supported WebSocket library detected. Please use "pip install 'uvicorn[standard]'", or install 'websockets' or 'wsproto' manually.
WARNING:  Unsupported upgrade request.
WARNING:  No supported WebSocket library detected. Please use "pip install 'uvicorn[standard]'", or install 'websockets' or 'wsproto' manually.
2026-07-09 03:58:30,664 - asyncio - ERROR - Exception in callback _ProactorBasePipeTransport._call_connection_lost()
handle: <Handle _ProactorBasePipeTransport._call_connection_lost()>
Traceback (most recent call last):
  File "C:\Python314\Lib\asyncio\events.py", line 94, in _run
    self._context.run(self._callback, *self._args)
    ~~~~~~~~~~~~~~~~~^^^^^^^^^^^^^^^^^^^^^^^^^^^^^
  File "C:\Python314\Lib\asyncio\proactor_events.py", line 165, in _call_connection_lost
    self._sock.shutdown(socket.SHUT_RDWR)
    ~~~~~~~~~~~~~~~~~~~^^^^^^^^^^^^^^^^^^
ConnectionResetError: [WinError 10054] Eine vorhandene Verbindung wurde vom Remotehost geschlossen
WARNING:  Unsupported upgrade request.
WARNING:  No supported WebSocket library detected. Please use "pip install 'uvicorn[standard]'", or install 'websockets' or 'wsproto' manually.
2026-07-09 03:58:31,299 - asyncio - ERROR - Exception in callback _ProactorBasePipeTransport._call_connection_lost()
handle: <Handle _ProactorBasePipeTransport._call_connection_lost()>
Traceback (most recent call last):
  File "C:\Python314\Lib\asyncio\events.py", line 94, in _run
    self._context.run(self._callback, *self._args)
    ~~~~~~~~~~~~~~~~~^^^^^^^^^^^^^^^^^^^^^^^^^^^^^
  File "C:\Python314\Lib\asyncio\proactor_events.py", line 165, in _call_connection_lost
    self._sock.shutdown(socket.SHUT_RDWR)
    ~~~~~~~~~~~~~~~~~~~^^^^^^^^^^^^^^^^^^
ConnectionResetError: [WinError 10054] Eine vorhandene Verbindung wurde vom Remotehost geschlossen
WARNING:  Unsupported upgrade request.
WARNING:  No supported WebSocket library detected. Please use "pip install 'uvicorn[standard]'", or install 'websockets' or 'wsproto' manually.
2026-07-09 03:58:31,632 - asyncio - ERROR - Exception in callback _ProactorBasePipeTransport._call_connection_lost()
handle: <Handle _ProactorBasePipeTransport._call_connection_lost()>
Traceback (most recent call last):
  File "C:\Python314\Lib\asyncio\events.py", line 94, in _run
    self._context.run(self._callback, *self._args)
    ~~~~~~~~~~~~~~~~~^^^^^^^^^^^^^^^^^^^^^^^^^^^^^
  File "C:\Python314\Lib\asyncio\proactor_events.py", line 165, in _call_connection_lost
    self._sock.shutdown(socket.SHUT_RDWR)
    ~~~~~~~~~~~~~~~~~~~^^^^^^^^^^^^^^^^^^
ConnectionResetError: [WinError 10054] Eine vorhandene Verbindung wurde vom Remotehost geschlossen
WARNING:  Unsupported upgrade request.
WARNING:  No supported WebSocket library detected. Please use "pip install 'uvicorn[standard]'", or install 'websockets' or 'wsproto' manually.
WARNING:  Unsupported upgrade request.
WARNING:  No supported WebSocket library detected. Please use "pip install 'uvicorn[standard]'", or install 'websockets' or 'wsproto' manually.
WARNING:  Unsupported upgrade request.
WARNING:  No supported WebSocket library detected. Please use "pip install 'uvicorn[standard]'", or install 'websockets' or 'wsproto' manually.
2026-07-09 03:58:36,388 - asyncio - ERROR - Exception in callback _ProactorBasePipeTransport._call_connection_lost()
handle: <Handle _ProactorBasePipeTransport._call_connection_lost()>
Traceback (most recent call last):
  File "C:\Python314\Lib\asyncio\events.py", line 94, in _run
    self._context.run(self._callback, *self._args)
    ~~~~~~~~~~~~~~~~~^^^^^^^^^^^^^^^^^^^^^^^^^^^^^
  File "C:\Python314\Lib\asyncio\proactor_events.py", line 165, in _call_connection_lost
    self._sock.shutdown(socket.SHUT_RDWR)
    ~~~~~~~~~~~~~~~~~~~^^^^^^^^^^^^^^^^^^
ConnectionResetError: [WinError 10054] Eine vorhandene Verbindung wurde vom Remotehost geschlossen
WARNING:  Unsupported upgrade request.
WARNING:  No supported WebSocket library detected. Please use "pip install 'uvicorn[standard]'", or install 'websockets' or 'wsproto' manually.
WARNING:  Unsupported upgrade request.
WARNING:  No supported WebSocket library detected. Please use "pip install 'uvicorn[standard]'", or install 'websockets' or 'wsproto' manually.
WARNING:  Unsupported upgrade request.
WARNING:  No supported WebSocket library detected. Please use "pip install 'uvicorn[standard]'", or install 'websockets' or 'wsproto' manually.
WARNING:  Unsupported upgrade request.
WARNING:  No supported WebSocket library detected. Please use "pip install 'uvicorn[standard]'", or install 'websockets' or 'wsproto' manually.
2026-07-09 03:58:40,819 - asyncio - ERROR - Exception in callback _ProactorBasePipeTransport._call_connection_lost()
handle: <Handle _ProactorBasePipeTransport._call_connection_lost()>
Traceback (most recent call last):
  File "C:\Python314\Lib\asyncio\events.py", line 94, in _run
    self._context.run(self._callback, *self._args)
    ~~~~~~~~~~~~~~~~~^^^^^^^^^^^^^^^^^^^^^^^^^^^^^
  File "C:\Python314\Lib\asyncio\proactor_events.py", line 165, in _call_connection_lost
    self._sock.shutdown(socket.SHUT_RDWR)
    ~~~~~~~~~~~~~~~~~~~^^^^^^^^^^^^^^^^^^
ConnectionResetError: [WinError 10054] Eine vorhandene Verbindung wurde vom Remotehost geschlossen
WARNING:  Unsupported upgrade request.
WARNING:  No supported WebSocket library detected. Please use "pip install 'uvicorn[standard]'", or install 'websockets' or 'wsproto' manually.
WARNING:  Unsupported upgrade request.
WARNING:  No supported WebSocket library detected. Please use "pip install 'uvicorn[standard]'", or install 'websockets' or 'wsproto' manually.
WARNING:  Unsupported upgrade request.
WARNING:  No supported WebSocket library detected. Please use "pip install 'uvicorn[standard]'", or install 'websockets' or 'wsproto' manually.
2026-07-09 03:58:44,856 - asyncio - ERROR - Exception in callback _ProactorBasePipeTransport._call_connection_lost()
handle: <Handle _ProactorBasePipeTransport._call_connection_lost()>
Traceback (most recent call last):
  File "C:\Python314\Lib\asyncio\events.py", line 94, in _run
    self._context.run(self._callback, *self._args)
    ~~~~~~~~~~~~~~~~~^^^^^^^^^^^^^^^^^^^^^^^^^^^^^
  File "C:\Python314\Lib\asyncio\proactor_events.py", line 165, in _call_connection_lost
    self._sock.shutdown(socket.SHUT_RDWR)
    ~~~~~~~~~~~~~~~~~~~^^^^^^^^^^^^^^^^^^
ConnectionResetError: [WinError 10054] Eine vorhandene Verbindung wurde vom Remotehost geschlossen
WARNING:  Unsupported upgrade request.
WARNING:  No supported WebSocket library detected. Please use "pip install 'uvicorn[standard]'", or install 'websockets' or 'wsproto' manually.
WARNING:  Unsupported upgrade request.
WARNING:  No supported WebSocket library detected. Please use "pip install 'uvicorn[standard]'", or install 'websockets' or 'wsproto' manually.
WARNING:  Unsupported upgrade request.
WARNING:  No supported WebSocket library detected. Please use "pip install 'uvicorn[standard]'", or install 'websockets' or 'wsproto' manually.
2026-07-09 03:58:46,755 - asyncio - ERROR - Exception in callback _ProactorBasePipeTransport._call_connection_lost()
handle: <Handle _ProactorBasePipeTransport._call_connection_lost()>
Traceback (most recent call last):
  File "C:\Python314\Lib\asyncio\events.py", line 94, in _run
    self._context.run(self._callback, *self._args)
    ~~~~~~~~~~~~~~~~~^^^^^^^^^^^^^^^^^^^^^^^^^^^^^
  File "C:\Python314\Lib\asyncio\proactor_events.py", line 165, in _call_connection_lost
    self._sock.shutdown(socket.SHUT_RDWR)
    ~~~~~~~~~~~~~~~~~~~^^^^^^^^^^^^^^^^^^
ConnectionResetError: [WinError 10054] Eine vorhandene Verbindung wurde vom Remotehost geschlossen
WARNING:  Unsupported upgrade request.
WARNING:  No supported WebSocket library detected. Please use "pip install 'uvicorn[standard]'", or install 'websockets' or 'wsproto' manually.
WARNING:  Unsupported upgrade request.
WARNING:  No supported WebSocket library detected. Please use "pip install 'uvicorn[standard]'", or install 'websockets' or 'wsproto' manually.
2026-07-09 03:58:49,578 - asyncio - ERROR - Exception in callback _ProactorBasePipeTransport._call_connection_lost()
handle: <Handle _ProactorBasePipeTransport._call_connection_lost()>
Traceback (most recent call last):
  File "C:\Python314\Lib\asyncio\events.py", line 94, in _run
    self._context.run(self._callback, *self._args)
    ~~~~~~~~~~~~~~~~~^^^^^^^^^^^^^^^^^^^^^^^^^^^^^
  File "C:\Python314\Lib\asyncio\proactor_events.py", line 165, in _call_connection_lost
    self._sock.shutdown(socket.SHUT_RDWR)
    ~~~~~~~~~~~~~~~~~~~^^^^^^^^^^^^^^^^^^
ConnectionResetError: [WinError 10054] Eine vorhandene Verbindung wurde vom Remotehost geschlossen
WARNING:  Unsupported upgrade request.
WARNING:  No supported WebSocket library detected. Please use "pip install 'uvicorn[standard]'", or install 'websockets' or 'wsproto' manually.
WARNING:  Unsupported upgrade request.
WARNING:  No supported WebSocket library detected. Please use "pip install 'uvicorn[standard]'", or install 'websockets' or 'wsproto' manually.
2026-07-09 03:58:52,309 - asyncio - ERROR - Exception in callback _ProactorBasePipeTransport._call_connection_lost()
handle: <Handle _ProactorBasePipeTransport._call_connection_lost()>
Traceback (most recent call last):
  File "C:\Python314\Lib\asyncio\events.py", line 94, in _run
    self._context.run(self._callback, *self._args)
    ~~~~~~~~~~~~~~~~~^^^^^^^^^^^^^^^^^^^^^^^^^^^^^
  File "C:\Python314\Lib\asyncio\proactor_events.py", line 165, in _call_connection_lost
    self._sock.shutdown(socket.SHUT_RDWR)
    ~~~~~~~~~~~~~~~~~~~^^^^^^^^^^^^^^^^^^
ConnectionResetError: [WinError 10054] Eine vorhandene Verbindung wurde vom Remotehost geschlossen
WARNING:  Unsupported upgrade request.
WARNING:  No supported WebSocket library detected. Please use "pip install 'uvicorn[standard]'", or install 'websockets' or 'wsproto' manually.
2026-07-09 03:58:52,451 - asyncio - ERROR - Exception in callback _ProactorBasePipeTransport._call_connection_lost()
handle: <Handle _ProactorBasePipeTransport._call_connection_lost()>
Traceback (most recent call last):
  File "C:\Python314\Lib\asyncio\events.py", line 94, in _run
    self._context.run(self._callback, *self._args)
    ~~~~~~~~~~~~~~~~~^^^^^^^^^^^^^^^^^^^^^^^^^^^^^
  File "C:\Python314\Lib\asyncio\proactor_events.py", line 165, in _call_connection_lost
    self._sock.shutdown(socket.SHUT_RDWR)
    ~~~~~~~~~~~~~~~~~~~^^^^^^^^^^^^^^^^^^
ConnectionResetError: [WinError 10054] Eine vorhandene Verbindung wurde vom Remotehost geschlossen
WARNING:  Unsupported upgrade request.
WARNING:  No supported WebSocket library detected. Please use "pip install 'uvicorn[standard]'", or install 'websockets' or 'wsproto' manually.
WARNING:  Unsupported upgrade request.
WARNING:  No supported WebSocket library detected. Please use "pip install 'uvicorn[standard]'", or install 'websockets' or 'wsproto' manually.
WARNING:  Unsupported upgrade request.
WARNING:  No supported WebSocket library detected. Please use "pip install 'uvicorn[standard]'", or install 'websockets' or 'wsproto' manually.
2026-07-09 03:58:56,037 - asyncio - ERROR - Exception in callback _ProactorBasePipeTransport._call_connection_lost()
handle: <Handle _ProactorBasePipeTransport._call_connection_lost()>
Traceback (most recent call last):
  File "C:\Python314\Lib\asyncio\events.py", line 94, in _run
    self._context.run(self._callback, *self._args)
    ~~~~~~~~~~~~~~~~~^^^^^^^^^^^^^^^^^^^^^^^^^^^^^
  File "C:\Python314\Lib\asyncio\proactor_events.py", line 165, in _call_connection_lost
    self._sock.shutdown(socket.SHUT_RDWR)
    ~~~~~~~~~~~~~~~~~~~^^^^^^^^^^^^^^^^^^
ConnectionResetError: [WinError 10054] Eine vorhandene Verbindung wurde vom Remotehost geschlossen
WARNING:  Unsupported upgrade request.
WARNING:  No supported WebSocket library detected. Please use "pip install 'uvicorn[standard]'", or install 'websockets' or 'wsproto' manually.
WARNING:  Unsupported upgrade request.
WARNING:  No supported WebSocket library detected. Please use "pip install 'uvicorn[standard]'", or install 'websockets' or 'wsproto' manually.
2026-07-09 03:58:59,045 - asyncio - ERROR - Exception in callback _ProactorBasePipeTransport._call_connection_lost()
handle: <Handle _ProactorBasePipeTransport._call_connection_lost()>
Traceback (most recent call last):
  File "C:\Python314\Lib\asyncio\events.py", line 94, in _run
    self._context.run(self._callback, *self._args)
    ~~~~~~~~~~~~~~~~~^^^^^^^^^^^^^^^^^^^^^^^^^^^^^
  File "C:\Python314\Lib\asyncio\proactor_events.py", line 165, in _call_connection_lost
    self._sock.shutdown(socket.SHUT_RDWR)
    ~~~~~~~~~~~~~~~~~~~^^^^^^^^^^^^^^^^^^
ConnectionResetError: [WinError 10054] Eine vorhandene Verbindung wurde vom Remotehost geschlossen
WARNING:  Unsupported upgrade request.
WARNING:  No supported WebSocket library detected. Please use "pip install 'uvicorn[standard]'", or install 'websockets' or 'wsproto' manually.
WARNING:  Unsupported upgrade request.
WARNING:  No supported WebSocket library detected. Please use "pip install 'uvicorn[standard]'", or install 'websockets' or 'wsproto' manually.
WARNING:  Unsupported upgrade request.
WARNING:  No supported WebSocket library detected. Please use "pip install 'uvicorn[standard]'", or install 'websockets' or 'wsproto' manually.
WARNING:  Unsupported upgrade request.
WARNING:  No supported WebSocket library detected. Please use "pip install 'uvicorn[standard]'", or install 'websockets' or 'wsproto' manually.
WARNING:  Unsupported upgrade request.
WARNING:  No supported WebSocket library detected. Please use "pip install 'uvicorn[standard]'", or install 'websockets' or 'wsproto' manually.
WARNING:  Unsupported upgrade request.
WARNING:  No supported WebSocket library detected. Please use "pip install 'uvicorn[standard]'", or install 'websockets' or 'wsproto' manually.
WARNING:  Unsupported upgrade request.
WARNING:  No supported WebSocket library detected. Please use "pip install 'uvicorn[standard]'", or install 'websockets' or 'wsproto' manually.
WARNING:  Unsupported upgrade request.
WARNING:  No supported WebSocket library detected. Please use "pip install 'uvicorn[standard]'", or install 'websockets' or 'wsproto' manually.
WARNING:  Unsupported upgrade request.
WARNING:  No supported WebSocket library detected. Please use "pip install 'uvicorn[standard]'", or install 'websockets' or 'wsproto' manually.
2026-07-09 03:59:08,275 - asyncio - ERROR - Exception in callback _ProactorBasePipeTransport._call_connection_lost()
handle: <Handle _ProactorBasePipeTransport._call_connection_lost()>
Traceback (most recent call last):
  File "C:\Python314\Lib\asyncio\events.py", line 94, in _run
    self._context.run(self._callback, *self._args)
    ~~~~~~~~~~~~~~~~~^^^^^^^^^^^^^^^^^^^^^^^^^^^^^
  File "C:\Python314\Lib\asyncio\proactor_events.py", line 165, in _call_connection_lost
    self._sock.shutdown(socket.SHUT_RDWR)
    ~~~~~~~~~~~~~~~~~~~^^^^^^^^^^^^^^^^^^
ConnectionResetError: [WinError 10054] Eine vorhandene Verbindung wurde vom Remotehost geschlossen
WARNING:  Unsupported upgrade request.
WARNING:  No supported WebSocket library detected. Please use "pip install 'uvicorn[standard]'", or install 'websockets' or 'wsproto' manually.
2026-07-09 03:59:11,276 - asyncio - ERROR - Exception in callback _ProactorBasePipeTransport._call_connection_lost()
handle: <Handle _ProactorBasePipeTransport._call_connection_lost()>
Traceback (most recent call last):
  File "C:\Python314\Lib\asyncio\events.py", line 94, in _run
    self._context.run(self._callback, *self._args)
    ~~~~~~~~~~~~~~~~~^^^^^^^^^^^^^^^^^^^^^^^^^^^^^
  File "C:\Python314\Lib\asyncio\proactor_events.py", line 165, in _call_connection_lost
    self._sock.shutdown(socket.SHUT_RDWR)
    ~~~~~~~~~~~~~~~~~~~^^^^^^^^^^^^^^^^^^
ConnectionResetError: [WinError 10054] Eine vorhandene Verbindung wurde vom Remotehost geschlossen
WARNING:  Unsupported upgrade request.
WARNING:  No supported WebSocket library detected. Please use "pip install 'uvicorn[standard]'", or install 'websockets' or 'wsproto' manually.
WARNING:  Unsupported upgrade request.
WARNING:  No supported WebSocket library detected. Please use "pip install 'uvicorn[standard]'", or install 'websockets' or 'wsproto' manually.
2026-07-09 03:59:13,143 - asyncio - ERROR - Exception in callback _ProactorBasePipeTransport._call_connection_lost()
handle: <Handle _ProactorBasePipeTransport._call_connection_lost()>
Traceback (most recent call last):
  File "C:\Python314\Lib\asyncio\events.py", line 94, in _run
    self._context.run(self._callback, *self._args)
    ~~~~~~~~~~~~~~~~~^^^^^^^^^^^^^^^^^^^^^^^^^^^^^
  File "C:\Python314\Lib\asyncio\proactor_events.py", line 165, in _call_connection_lost
    self._sock.shutdown(socket.SHUT_RDWR)
    ~~~~~~~~~~~~~~~~~~~^^^^^^^^^^^^^^^^^^
ConnectionResetError: [WinError 10054] Eine vorhandene Verbindung wurde vom Remotehost geschlossen
WARNING:  Unsupported upgrade request.
WARNING:  No supported WebSocket library detected. Please use "pip install 'uvicorn[standard]'", or install 'websockets' or 'wsproto' manually.
2026-07-09 03:59:13,920 - asyncio - ERROR - Exception in callback _ProactorBasePipeTransport._call_connection_lost()
handle: <Handle _ProactorBasePipeTransport._call_connection_lost()>
Traceback (most recent call last):
  File "C:\Python314\Lib\asyncio\events.py", line 94, in _run
    self._context.run(self._callback, *self._args)
    ~~~~~~~~~~~~~~~~~^^^^^^^^^^^^^^^^^^^^^^^^^^^^^
  File "C:\Python314\Lib\asyncio\proactor_events.py", line 165, in _call_connection_lost
    self._sock.shutdown(socket.SHUT_RDWR)
    ~~~~~~~~~~~~~~~~~~~^^^^^^^^^^^^^^^^^^
ConnectionResetError: [WinError 10054] Eine vorhandene Verbindung wurde vom Remotehost geschlossen
WARNING:  Unsupported upgrade request.
WARNING:  No supported WebSocket library detected. Please use "pip install 'uvicorn[standard]'", or install 'websockets' or 'wsproto' manually.
WARNING:  Unsupported upgrade request.
WARNING:  No supported WebSocket library detected. Please use "pip install 'uvicorn[standard]'", or install 'websockets' or 'wsproto' manually.
WARNING:  Unsupported upgrade request.
WARNING:  No supported WebSocket library detected. Please use "pip install 'uvicorn[standard]'", or install 'websockets' or 'wsproto' manually.
WARNING:  Unsupported upgrade request.
WARNING:  No supported WebSocket library detected. Please use "pip install 'uvicorn[standard]'", or install 'websockets' or 'wsproto' manually.
WARNING:  Unsupported upgrade request.
WARNING:  No supported WebSocket library detected. Please use "pip install 'uvicorn[standard]'", or install 'websockets' or 'wsproto' manually.
WARNING:  Unsupported upgrade request.
WARNING:  No supported WebSocket library detected. Please use "pip install 'uvicorn[standard]'", or install 'websockets' or 'wsproto' manually.
2026-07-09 03:59:21,417 - asyncio - ERROR - Exception in callback _ProactorBasePipeTransport._call_connection_lost()
handle: <Handle _ProactorBasePipeTransport._call_connection_lost()>
Traceback (most recent call last):
  File "C:\Python314\Lib\asyncio\events.py", line 94, in _run
    self._context.run(self._callback, *self._args)
    ~~~~~~~~~~~~~~~~~^^^^^^^^^^^^^^^^^^^^^^^^^^^^^
  File "C:\Python314\Lib\asyncio\proactor_events.py", line 165, in _call_connection_lost
    self._sock.shutdown(socket.SHUT_RDWR)
    ~~~~~~~~~~~~~~~~~~~^^^^^^^^^^^^^^^^^^
ConnectionResetError: [WinError 10054] Eine vorhandene Verbindung wurde vom Remotehost geschlossen
WARNING:  Unsupported upgrade request.
WARNING:  No supported WebSocket library detected. Please use "pip install 'uvicorn[standard]'", or install 'websockets' or 'wsproto' manually.
WARNING:  Unsupported upgrade request.
WARNING:  No supported WebSocket library detected. Please use "pip install 'uvicorn[standard]'", or install 'websockets' or 'wsproto' manually.
WARNING:  Unsupported upgrade request.
WARNING:  No supported WebSocket library detected. Please use "pip install 'uvicorn[standard]'", or install 'websockets' or 'wsproto' manually.
2026-07-09 03:59:25,704 - asyncio - ERROR - Exception in callback _ProactorBasePipeTransport._call_connection_lost()
handle: <Handle _ProactorBasePipeTransport._call_connection_lost()>
Traceback (most recent call last):
  File "C:\Python314\Lib\asyncio\events.py", line 94, in _run
    self._context.run(self._callback, *self._args)
    ~~~~~~~~~~~~~~~~~^^^^^^^^^^^^^^^^^^^^^^^^^^^^^
  File "C:\Python314\Lib\asyncio\proactor_events.py", line 165, in _call_connection_lost
    self._sock.shutdown(socket.SHUT_RDWR)
    ~~~~~~~~~~~~~~~~~~~^^^^^^^^^^^^^^^^^^
ConnectionResetError: [WinError 10054] Eine vorhandene Verbindung wurde vom Remotehost geschlossen
WARNING:  Unsupported upgrade request.
WARNING:  No supported WebSocket library detected. Please use "pip install 'uvicorn[standard]'", or install 'websockets' or 'wsproto' manually.
2026-07-09 03:59:26,284 - asyncio - ERROR - Exception in callback _ProactorBasePipeTransport._call_connection_lost()
handle: <Handle _ProactorBasePipeTransport._call_connection_lost()>
Traceback (most recent call last):
  File "C:\Python314\Lib\asyncio\events.py", line 94, in _run
    self._context.run(self._callback, *self._args)
    ~~~~~~~~~~~~~~~~~^^^^^^^^^^^^^^^^^^^^^^^^^^^^^
  File "C:\Python314\Lib\asyncio\proactor_events.py", line 165, in _call_connection_lost
    self._sock.shutdown(socket.SHUT_RDWR)
    ~~~~~~~~~~~~~~~~~~~^^^^^^^^^^^^^^^^^^
ConnectionResetError: [WinError 10054] Eine vorhandene Verbindung wurde vom Remotehost geschlossen
WARNING:  Unsupported upgrade request.
WARNING:  No supported WebSocket library detected. Please use "pip install 'uvicorn[standard]'", or install 'websockets' or 'wsproto' manually.
WARNING:  Unsupported upgrade request.
WARNING:  No supported WebSocket library detected. Please use "pip install 'uvicorn[standard]'", or install 'websockets' or 'wsproto' manually.
WARNING:  Unsupported upgrade request.
WARNING:  No supported WebSocket library detected. Please use "pip install 'uvicorn[standard]'", or install 'websockets' or 'wsproto' manually.
WARNING:  Unsupported upgrade request.
WARNING:  No supported WebSocket library detected. Please use "pip install 'uvicorn[standard]'", or install 'websockets' or 'wsproto' manually.
WARNING:  Unsupported upgrade request.
WARNING:  No supported WebSocket library detected. Please use "pip install 'uvicorn[standard]'", or install 'websockets' or 'wsproto' manually.
2026-07-09 03:59:31,355 - asyncio - ERROR - Exception in callback _ProactorBasePipeTransport._call_connection_lost()
handle: <Handle _ProactorBasePipeTransport._call_connection_lost()>
Traceback (most recent call last):
  File "C:\Python314\Lib\asyncio\events.py", line 94, in _run
    self._context.run(self._callback, *self._args)
    ~~~~~~~~~~~~~~~~~^^^^^^^^^^^^^^^^^^^^^^^^^^^^^
  File "C:\Python314\Lib\asyncio\proactor_events.py", line 165, in _call_connection_lost
    self._sock.shutdown(socket.SHUT_RDWR)
    ~~~~~~~~~~~~~~~~~~~^^^^^^^^^^^^^^^^^^
ConnectionResetError: [WinError 10054] Eine vorhandene Verbindung wurde vom Remotehost geschlossen
WARNING:  Unsupported upgrade request.
WARNING:  No supported WebSocket library detected. Please use "pip install 'uvicorn[standard]'", or install 'websockets' or 'wsproto' manually.
WARNING:  Unsupported upgrade request.
WARNING:  No supported WebSocket library detected. Please use "pip install 'uvicorn[standard]'", or install 'websockets' or 'wsproto' manually.
WARNING:  Unsupported upgrade request.
WARNING:  No supported WebSocket library detected. Please use "pip install 'uvicorn[standard]'", or install 'websockets' or 'wsproto' manually.
WARNING:  Unsupported upgrade request.
WARNING:  No supported WebSocket library detected. Please use "pip install 'uvicorn[standard]'", or install 'websockets' or 'wsproto' manually.
WARNING:  Unsupported upgrade request.
WARNING:  No supported WebSocket library detected. Please use "pip install 'uvicorn[standard]'", or install 'websockets' or 'wsproto' manually.
WARNING:  Unsupported upgrade request.
WARNING:  No supported WebSocket library detected. Please use "pip install 'uvicorn[standard]'", or install 'websockets' or 'wsproto' manually.
2026-07-09 03:59:36,283 - asyncio - ERROR - Exception in callback _ProactorBasePipeTransport._call_connection_lost()
handle: <Handle _ProactorBasePipeTransport._call_connection_lost()>
Traceback (most recent call last):
  File "C:\Python314\Lib\asyncio\events.py", line 94, in _run
    self._context.run(self._callback, *self._args)
    ~~~~~~~~~~~~~~~~~^^^^^^^^^^^^^^^^^^^^^^^^^^^^^
  File "C:\Python314\Lib\asyncio\proactor_events.py", line 165, in _call_connection_lost
    self._sock.shutdown(socket.SHUT_RDWR)
    ~~~~~~~~~~~~~~~~~~~^^^^^^^^^^^^^^^^^^
ConnectionResetError: [WinError 10054] Eine vorhandene Verbindung wurde vom Remotehost geschlossen
WARNING:  Unsupported upgrade request.
WARNING:  No supported WebSocket library detected. Please use "pip install 'uvicorn[standard]'", or install 'websockets' or 'wsproto' manually.
WARNING:  Unsupported upgrade request.
WARNING:  No supported WebSocket library detected. Please use "pip install 'uvicorn[standard]'", or install 'websockets' or 'wsproto' manually.
WARNING:  Unsupported upgrade request.
WARNING:  No supported WebSocket library detected. Please use "pip install 'uvicorn[standard]'", or install 'websockets' or 'wsproto' manually.
2026-07-09 03:59:39,260 - asyncio - ERROR - Exception in callback _ProactorBasePipeTransport._call_connection_lost()
handle: <Handle _ProactorBasePipeTransport._call_connection_lost()>
Traceback (most recent call last):
  File "C:\Python314\Lib\asyncio\events.py", line 94, in _run
    self._context.run(self._callback, *self._args)
    ~~~~~~~~~~~~~~~~~^^^^^^^^^^^^^^^^^^^^^^^^^^^^^
  File "C:\Python314\Lib\asyncio\proactor_events.py", line 165, in _call_connection_lost
    self._sock.shutdown(socket.SHUT_RDWR)
    ~~~~~~~~~~~~~~~~~~~^^^^^^^^^^^^^^^^^^
ConnectionResetError: [WinError 10054] Eine vorhandene Verbindung wurde vom Remotehost geschlossen
WARNING:  Unsupported upgrade request.
WARNING:  No supported WebSocket library detected. Please use "pip install 'uvicorn[standard]'", or install 'websockets' or 'wsproto' manually.
WARNING:  Unsupported upgrade request.
WARNING:  No supported WebSocket library detected. Please use "pip install 'uvicorn[standard]'", or install 'websockets' or 'wsproto' manually.
WARNING:  Unsupported upgrade request.
WARNING:  No supported WebSocket library detected. Please use "pip install 'uvicorn[standard]'", or install 'websockets' or 'wsproto' manually.
WARNING:  Unsupported upgrade request.
WARNING:  No supported WebSocket library detected. Please use "pip install 'uvicorn[standard]'", or install 'websockets' or 'wsproto' manually.
WARNING:  Unsupported upgrade request.
WARNING:  No supported WebSocket library detected. Please use "pip install 'uvicorn[standard]'", or install 'websockets' or 'wsproto' manually.
WARNING:  Unsupported upgrade request.
WARNING:  No supported WebSocket library detected. Please use "pip install 'uvicorn[standard]'", or install 'websockets' or 'wsproto' manually.
WARNING:  Unsupported upgrade request.
WARNING:  No supported WebSocket library detected. Please use "pip install 'uvicorn[standard]'", or install 'websockets' or 'wsproto' manually.
2026-07-09 03:59:44,252 - asyncio - ERROR - Exception in callback _ProactorBasePipeTransport._call_connection_lost()
handle: <Handle _ProactorBasePipeTransport._call_connection_lost()>
Traceback (most recent call last):
  File "C:\Python314\Lib\asyncio\events.py", line 94, in _run
    self._context.run(self._callback, *self._args)
    ~~~~~~~~~~~~~~~~~^^^^^^^^^^^^^^^^^^^^^^^^^^^^^
  File "C:\Python314\Lib\asyncio\proactor_events.py", line 165, in _call_connection_lost
    self._sock.shutdown(socket.SHUT_RDWR)
    ~~~~~~~~~~~~~~~~~~~^^^^^^^^^^^^^^^^^^
ConnectionResetError: [WinError 10054] Eine vorhandene Verbindung wurde vom Remotehost geschlossen
WARNING:  Unsupported upgrade request.
WARNING:  No supported WebSocket library detected. Please use "pip install 'uvicorn[standard]'", or install 'websockets' or 'wsproto' manually.
WARNING:  Unsupported upgrade request.
WARNING:  No supported WebSocket library detected. Please use "pip install 'uvicorn[standard]'", or install 'websockets' or 'wsproto' manually.
2026-07-09 03:59:47,289 - asyncio - ERROR - Exception in callback _ProactorBasePipeTransport._call_connection_lost()
handle: <Handle _ProactorBasePipeTransport._call_connection_lost()>
Traceback (most recent call last):
  File "C:\Python314\Lib\asyncio\events.py", line 94, in _run
    self._context.run(self._callback, *self._args)
    ~~~~~~~~~~~~~~~~~^^^^^^^^^^^^^^^^^^^^^^^^^^^^^
  File "C:\Python314\Lib\asyncio\proactor_events.py", line 165, in _call_connection_lost
    self._sock.shutdown(socket.SHUT_RDWR)
    ~~~~~~~~~~~~~~~~~~~^^^^^^^^^^^^^^^^^^
ConnectionResetError: [WinError 10054] Eine vorhandene Verbindung wurde vom Remotehost geschlossen
WARNING:  Unsupported upgrade request.
WARNING:  No supported WebSocket library detected. Please use "pip install 'uvicorn[standard]'", or install 'websockets' or 'wsproto' manually.
2026-07-09 03:59:47,472 - asyncio - ERROR - Exception in callback _ProactorBasePipeTransport._call_connection_lost()
handle: <Handle _ProactorBasePipeTransport._call_connection_lost()>
Traceback (most recent call last):
  File "C:\Python314\Lib\asyncio\events.py", line 94, in _run
    self._context.run(self._callback, *self._args)
    ~~~~~~~~~~~~~~~~~^^^^^^^^^^^^^^^^^^^^^^^^^^^^^
  File "C:\Python314\Lib\asyncio\proactor_events.py", line 165, in _call_connection_lost
    self._sock.shutdown(socket.SHUT_RDWR)
    ~~~~~~~~~~~~~~~~~~~^^^^^^^^^^^^^^^^^^
ConnectionResetError: [WinError 10054] Eine vorhandene Verbindung wurde vom Remotehost geschlossen
WARNING:  Unsupported upgrade request.
WARNING:  No supported WebSocket library detected. Please use "pip install 'uvicorn[standard]'", or install 'websockets' or 'wsproto' manually.
2026-07-09 03:59:48,003 - asyncio - ERROR - Exception in callback _ProactorBasePipeTransport._call_connection_lost()
handle: <Handle _ProactorBasePipeTransport._call_connection_lost()>
Traceback (most recent call last):
  File "C:\Python314\Lib\asyncio\events.py", line 94, in _run
    self._context.run(self._callback, *self._args)
    ~~~~~~~~~~~~~~~~~^^^^^^^^^^^^^^^^^^^^^^^^^^^^^
  File "C:\Python314\Lib\asyncio\proactor_events.py", line 165, in _call_connection_lost
    self._sock.shutdown(socket.SHUT_RDWR)
    ~~~~~~~~~~~~~~~~~~~^^^^^^^^^^^^^^^^^^
ConnectionResetError: [WinError 10054] Eine vorhandene Verbindung wurde vom Remotehost geschlossen
WARNING:  Unsupported upgrade request.
WARNING:  No supported WebSocket library detected. Please use "pip install 'uvicorn[standard]'", or install 'websockets' or 'wsproto' manually.
2026-07-09 03:59:48,258 - asyncio - ERROR - Exception in callback _ProactorBasePipeTransport._call_connection_lost()
handle: <Handle _ProactorBasePipeTransport._call_connection_lost()>
Traceback (most recent call last):
  File "C:\Python314\Lib\asyncio\events.py", line 94, in _run
    self._context.run(self._callback, *self._args)
    ~~~~~~~~~~~~~~~~~^^^^^^^^^^^^^^^^^^^^^^^^^^^^^
  File "C:\Python314\Lib\asyncio\proactor_events.py", line 165, in _call_connection_lost
    self._sock.shutdown(socket.SHUT_RDWR)
    ~~~~~~~~~~~~~~~~~~~^^^^^^^^^^^^^^^^^^
ConnectionResetError: [WinError 10054] Eine vorhandene Verbindung wurde vom Remotehost geschlossen
WARNING:  Unsupported upgrade request.
WARNING:  No supported WebSocket library detected. Please use "pip install 'uvicorn[standard]'", or install 'websockets' or 'wsproto' manually.
WARNING:  Unsupported upgrade request.
WARNING:  No supported WebSocket library detected. Please use "pip install 'uvicorn[standard]'", or install 'websockets' or 'wsproto' manually.
2026-07-09 03:59:49,970 - asyncio - ERROR - Exception in callback _ProactorBasePipeTransport._call_connection_lost()
handle: <Handle _ProactorBasePipeTransport._call_connection_lost()>
Traceback (most recent call last):
  File "C:\Python314\Lib\asyncio\events.py", line 94, in _run
    self._context.run(self._callback, *self._args)
    ~~~~~~~~~~~~~~~~~^^^^^^^^^^^^^^^^^^^^^^^^^^^^^
  File "C:\Python314\Lib\asyncio\proactor_events.py", line 165, in _call_connection_lost
    self._sock.shutdown(socket.SHUT_RDWR)
    ~~~~~~~~~~~~~~~~~~~^^^^^^^^^^^^^^^^^^
ConnectionResetError: [WinError 10054] Eine vorhandene Verbindung wurde vom Remotehost geschlossen
WARNING:  Unsupported upgrade request.
WARNING:  No supported WebSocket library detected. Please use "pip install 'uvicorn[standard]'", or install 'websockets' or 'wsproto' manually.
WARNING:  Unsupported upgrade request.
WARNING:  No supported WebSocket library detected. Please use "pip install 'uvicorn[standard]'", or install 'websockets' or 'wsproto' manually.
WARNING:  Unsupported upgrade request.
WARNING:  No supported WebSocket library detected. Please use "pip install 'uvicorn[standard]'", or install 'websockets' or 'wsproto' manually.
2026-07-09 03:59:51,605 - asyncio - ERROR - Exception in callback _ProactorBasePipeTransport._call_connection_lost()
handle: <Handle _ProactorBasePipeTransport._call_connection_lost()>
Traceback (most recent call last):
  File "C:\Python314\Lib\asyncio\events.py", line 94, in _run
    self._context.run(self._callback, *self._args)
    ~~~~~~~~~~~~~~~~~^^^^^^^^^^^^^^^^^^^^^^^^^^^^^
  File "C:\Python314\Lib\asyncio\proactor_events.py", line 165, in _call_connection_lost
    self._sock.shutdown(socket.SHUT_RDWR)
    ~~~~~~~~~~~~~~~~~~~^^^^^^^^^^^^^^^^^^
ConnectionResetError: [WinError 10054] Eine vorhandene Verbindung wurde vom Remotehost geschlossen
WARNING:  Unsupported upgrade request.
WARNING:  No supported WebSocket library detected. Please use "pip install 'uvicorn[standard]'", or install 'websockets' or 'wsproto' manually.
WARNING:  Unsupported upgrade request.
WARNING:  No supported WebSocket library detected. Please use "pip install 'uvicorn[standard]'", or install 'websockets' or 'wsproto' manually.
WARNING:  Unsupported upgrade request.
WARNING:  No supported WebSocket library detected. Please use "pip install 'uvicorn[standard]'", or install 'websockets' or 'wsproto' manually.
2026-07-09 03:59:54,575 - asyncio - ERROR - Exception in callback _ProactorBasePipeTransport._call_connection_lost()
handle: <Handle _ProactorBasePipeTransport._call_connection_lost()>
Traceback (most recent call last):
  File "C:\Python314\Lib\asyncio\events.py", line 94, in _run
    self._context.run(self._callback, *self._args)
    ~~~~~~~~~~~~~~~~~^^^^^^^^^^^^^^^^^^^^^^^^^^^^^
  File "C:\Python314\Lib\asyncio\proactor_events.py", line 165, in _call_connection_lost
    self._sock.shutdown(socket.SHUT_RDWR)
    ~~~~~~~~~~~~~~~~~~~^^^^^^^^^^^^^^^^^^
ConnectionResetError: [WinError 10054] Eine vorhandene Verbindung wurde vom Remotehost geschlossen
WARNING:  Unsupported upgrade request.
WARNING:  No supported WebSocket library detected. Please use "pip install 'uvicorn[standard]'", or install 'websockets' or 'wsproto' manually.
WARNING:  Unsupported upgrade request.
WARNING:  No supported WebSocket library detected. Please use "pip install 'uvicorn[standard]'", or install 'websockets' or 'wsproto' manually.
2026-07-09 03:59:56,242 - asyncio - ERROR - Exception in callback _ProactorBasePipeTransport._call_connection_lost()
handle: <Handle _ProactorBasePipeTransport._call_connection_lost()>
Traceback (most recent call last):
  File "C:\Python314\Lib\asyncio\events.py", line 94, in _run
    self._context.run(self._callback, *self._args)
    ~~~~~~~~~~~~~~~~~^^^^^^^^^^^^^^^^^^^^^^^^^^^^^
  File "C:\Python314\Lib\asyncio\proactor_events.py", line 165, in _call_connection_lost
    self._sock.shutdown(socket.SHUT_RDWR)
    ~~~~~~~~~~~~~~~~~~~^^^^^^^^^^^^^^^^^^
ConnectionResetError: [WinError 10054] Eine vorhandene Verbindung wurde vom Remotehost geschlossen
WARNING:  Unsupported upgrade request.
WARNING:  No supported WebSocket library detected. Please use "pip install 'uvicorn[standard]'", or install 'websockets' or 'wsproto' manually.
2026-07-09 03:59:56,779 - asyncio - ERROR - Exception in callback _ProactorBasePipeTransport._call_connection_lost()
handle: <Handle _ProactorBasePipeTransport._call_connection_lost()>
Traceback (most recent call last):
  File "C:\Python314\Lib\asyncio\events.py", line 94, in _run
    self._context.run(self._callback, *self._args)
    ~~~~~~~~~~~~~~~~~^^^^^^^^^^^^^^^^^^^^^^^^^^^^^
  File "C:\Python314\Lib\asyncio\proactor_events.py", line 165, in _call_connection_lost
    self._sock.shutdown(socket.SHUT_RDWR)
    ~~~~~~~~~~~~~~~~~~~^^^^^^^^^^^^^^^^^^
ConnectionResetError: [WinError 10054] Eine vorhandene Verbindung wurde vom Remotehost geschlossen
WARNING:  Unsupported upgrade request.
WARNING:  No supported WebSocket library detected. Please use "pip install 'uvicorn[standard]'", or install 'websockets' or 'wsproto' manually.
WARNING:  Unsupported upgrade request.
WARNING:  No supported WebSocket library detected. Please use "pip install 'uvicorn[standard]'", or install 'websockets' or 'wsproto' manually.
WARNING:  Unsupported upgrade request.
WARNING:  No supported WebSocket library detected. Please use "pip install 'uvicorn[standard]'", or install 'websockets' or 'wsproto' manually.
2026-07-09 03:59:59,251 - asyncio - ERROR - Exception in callback _ProactorBasePipeTransport._call_connection_lost()
handle: <Handle _ProactorBasePipeTransport._call_connection_lost()>
Traceback (most recent call last):
  File "C:\Python314\Lib\asyncio\events.py", line 94, in _run
    self._context.run(self._callback, *self._args)
    ~~~~~~~~~~~~~~~~~^^^^^^^^^^^^^^^^^^^^^^^^^^^^^
  File "C:\Python314\Lib\asyncio\proactor_events.py", line 165, in _call_connection_lost
    self._sock.shutdown(socket.SHUT_RDWR)
    ~~~~~~~~~~~~~~~~~~~^^^^^^^^^^^^^^^^^^
ConnectionResetError: [WinError 10054] Eine vorhandene Verbindung wurde vom Remotehost geschlossen
WARNING:  Unsupported upgrade request.
WARNING:  No supported WebSocket library detected. Please use "pip install 'uvicorn[standard]'", or install 'websockets' or 'wsproto' manually.
WARNING:  Unsupported upgrade request.
WARNING:  No supported WebSocket library detected. Please use "pip install 'uvicorn[standard]'", or install 'websockets' or 'wsproto' manually.
WARNING:  Unsupported upgrade request.
WARNING:  No supported WebSocket library detected. Please use "pip install 'uvicorn[standard]'", or install 'websockets' or 'wsproto' manually.
WARNING:  Unsupported upgrade request.
WARNING:  No supported WebSocket library detected. Please use "pip install 'uvicorn[standard]'", or install 'websockets' or 'wsproto' manually.
2026-07-09 04:00:01,633 - asyncio - ERROR - Exception in callback _ProactorBasePipeTransport._call_connection_lost()
handle: <Handle _ProactorBasePipeTransport._call_connection_lost()>
Traceback (most recent call last):
  File "C:\Python314\Lib\asyncio\events.py", line 94, in _run
    self._context.run(self._callback, *self._args)
    ~~~~~~~~~~~~~~~~~^^^^^^^^^^^^^^^^^^^^^^^^^^^^^
  File "C:\Python314\Lib\asyncio\proactor_events.py", line 165, in _call_connection_lost
    self._sock.shutdown(socket.SHUT_RDWR)
    ~~~~~~~~~~~~~~~~~~~^^^^^^^^^^^^^^^^^^
ConnectionResetError: [WinError 10054] Eine vorhandene Verbindung wurde vom Remotehost geschlossen
WARNING:  Unsupported upgrade request.
WARNING:  No supported WebSocket library detected. Please use "pip install 'uvicorn[standard]'", or install 'websockets' or 'wsproto' manually.
WARNING:  Unsupported upgrade request.
WARNING:  No supported WebSocket library detected. Please use "pip install 'uvicorn[standard]'", or install 'websockets' or 'wsproto' manually.
WARNING:  Unsupported upgrade request.
WARNING:  No supported WebSocket library detected. Please use "pip install 'uvicorn[standard]'", or install 'websockets' or 'wsproto' manually.
2026-07-09 04:00:03,908 - asyncio - ERROR - Exception in callback _ProactorBasePipeTransport._call_connection_lost()
handle: <Handle _ProactorBasePipeTransport._call_connection_lost()>
Traceback (most recent call last):
  File "C:\Python314\Lib\asyncio\events.py", line 94, in _run
    self._context.run(self._callback, *self._args)
    ~~~~~~~~~~~~~~~~~^^^^^^^^^^^^^^^^^^^^^^^^^^^^^
  File "C:\Python314\Lib\asyncio\proactor_events.py", line 165, in _call_connection_lost
    self._sock.shutdown(socket.SHUT_RDWR)
    ~~~~~~~~~~~~~~~~~~~^^^^^^^^^^^^^^^^^^
ConnectionResetError: [WinError 10054] Eine vorhandene Verbindung wurde vom Remotehost geschlossen
WARNING:  Unsupported upgrade request.
WARNING:  No supported WebSocket library detected. Please use "pip install 'uvicorn[standard]'", or install 'websockets' or 'wsproto' manually.
WARNING:  Unsupported upgrade request.
WARNING:  No supported WebSocket library detected. Please use "pip install 'uvicorn[standard]'", or install 'websockets' or 'wsproto' manually.
2026-07-09 04:00:06,257 - asyncio - ERROR - Exception in callback _ProactorBasePipeTransport._call_connection_lost()
handle: <Handle _ProactorBasePipeTransport._call_connection_lost()>
Traceback (most recent call last):
  File "C:\Python314\Lib\asyncio\events.py", line 94, in _run
    self._context.run(self._callback, *self._args)
    ~~~~~~~~~~~~~~~~~^^^^^^^^^^^^^^^^^^^^^^^^^^^^^
  File "C:\Python314\Lib\asyncio\proactor_events.py", line 165, in _call_connection_lost
    self._sock.shutdown(socket.SHUT_RDWR)
    ~~~~~~~~~~~~~~~~~~~^^^^^^^^^^^^^^^^^^
ConnectionResetError: [WinError 10054] Eine vorhandene Verbindung wurde vom Remotehost geschlossen
WARNING:  Unsupported upgrade request.
WARNING:  No supported WebSocket library detected. Please use "pip install 'uvicorn[standard]'", or install 'websockets' or 'wsproto' manually.
WARNING:  Unsupported upgrade request.
WARNING:  No supported WebSocket library detected. Please use "pip install 'uvicorn[standard]'", or install 'websockets' or 'wsproto' manually.
WARNING:  Unsupported upgrade request.
WARNING:  No supported WebSocket library detected. Please use "pip install 'uvicorn[standard]'", or install 'websockets' or 'wsproto' manually.
2026-07-09 04:00:08,240 - asyncio - ERROR - Exception in callback _ProactorBasePipeTransport._call_connection_lost()
handle: <Handle _ProactorBasePipeTransport._call_connection_lost()>
Traceback (most recent call last):
  File "C:\Python314\Lib\asyncio\events.py", line 94, in _run
    self._context.run(self._callback, *self._args)
    ~~~~~~~~~~~~~~~~~^^^^^^^^^^^^^^^^^^^^^^^^^^^^^
  File "C:\Python314\Lib\asyncio\proactor_events.py", line 165, in _call_connection_lost
    self._sock.shutdown(socket.SHUT_RDWR)
    ~~~~~~~~~~~~~~~~~~~^^^^^^^^^^^^^^^^^^
ConnectionResetError: [WinError 10054] Eine vorhandene Verbindung wurde vom Remotehost geschlossen
WARNING:  Unsupported upgrade request.
WARNING:  No supported WebSocket library detected. Please use "pip install 'uvicorn[standard]'", or install 'websockets' or 'wsproto' manually.
2026-07-09 04:00:09,273 - asyncio - ERROR - Exception in callback _ProactorBasePipeTransport._call_connection_lost()
handle: <Handle _ProactorBasePipeTransport._call_connection_lost()>
Traceback (most recent call last):
  File "C:\Python314\Lib\asyncio\events.py", line 94, in _run
    self._context.run(self._callback, *self._args)
    ~~~~~~~~~~~~~~~~~^^^^^^^^^^^^^^^^^^^^^^^^^^^^^
  File "C:\Python314\Lib\asyncio\proactor_events.py", line 165, in _call_connection_lost
    self._sock.shutdown(socket.SHUT_RDWR)
    ~~~~~~~~~~~~~~~~~~~^^^^^^^^^^^^^^^^^^
ConnectionResetError: [WinError 10054] Eine vorhandene Verbindung wurde vom Remotehost geschlossen
WARNING:  Unsupported upgrade request.
WARNING:  No supported WebSocket library detected. Please use "pip install 'uvicorn[standard]'", or install 'websockets' or 'wsproto' manually.
2026-07-09 04:00:09,586 - asyncio - ERROR - Exception in callback _ProactorBasePipeTransport._call_connection_lost()
handle: <Handle _ProactorBasePipeTransport._call_connection_lost()>
Traceback (most recent call last):
  File "C:\Python314\Lib\asyncio\events.py", line 94, in _run
    self._context.run(self._callback, *self._args)
    ~~~~~~~~~~~~~~~~~^^^^^^^^^^^^^^^^^^^^^^^^^^^^^
  File "C:\Python314\Lib\asyncio\proactor_events.py", line 165, in _call_connection_lost
    self._sock.shutdown(socket.SHUT_RDWR)
    ~~~~~~~~~~~~~~~~~~~^^^^^^^^^^^^^^^^^^
ConnectionResetError: [WinError 10054] Eine vorhandene Verbindung wurde vom Remotehost geschlossen
WARNING:  Unsupported upgrade request.
WARNING:  No supported WebSocket library detected. Please use "pip install 'uvicorn[standard]'", or install 'websockets' or 'wsproto' manually.
WARNING:  Unsupported upgrade request.
WARNING:  No supported WebSocket library detected. Please use "pip install 'uvicorn[standard]'", or install 'websockets' or 'wsproto' manually.
2026-07-09 04:00:11,247 - asyncio - ERROR - Exception in callback _ProactorBasePipeTransport._call_connection_lost()
handle: <Handle _ProactorBasePipeTransport._call_connection_lost()>
Traceback (most recent call last):
  File "C:\Python314\Lib\asyncio\events.py", line 94, in _run
    self._context.run(self._callback, *self._args)
    ~~~~~~~~~~~~~~~~~^^^^^^^^^^^^^^^^^^^^^^^^^^^^^
  File "C:\Python314\Lib\asyncio\proactor_events.py", line 165, in _call_connection_lost
    self._sock.shutdown(socket.SHUT_RDWR)
    ~~~~~~~~~~~~~~~~~~~^^^^^^^^^^^^^^^^^^
ConnectionResetError: [WinError 10054] Eine vorhandene Verbindung wurde vom Remotehost geschlossen
WARNING:  Unsupported upgrade request.
WARNING:  No supported WebSocket library detected. Please use "pip install 'uvicorn[standard]'", or install 'websockets' or 'wsproto' manually.
2026-07-09 04:00:11,285 - asyncio - ERROR - Exception in callback _ProactorBasePipeTransport._call_connection_lost()
handle: <Handle _ProactorBasePipeTransport._call_connection_lost()>
Traceback (most recent call last):
  File "C:\Python314\Lib\asyncio\events.py", line 94, in _run
    self._context.run(self._callback, *self._args)
    ~~~~~~~~~~~~~~~~~^^^^^^^^^^^^^^^^^^^^^^^^^^^^^
  File "C:\Python314\Lib\asyncio\proactor_events.py", line 165, in _call_connection_lost
    self._sock.shutdown(socket.SHUT_RDWR)
    ~~~~~~~~~~~~~~~~~~~^^^^^^^^^^^^^^^^^^
ConnectionResetError: [WinError 10054] Eine vorhandene Verbindung wurde vom Remotehost geschlossen
WARNING:  Unsupported upgrade request.
WARNING:  No supported WebSocket library detected. Please use "pip install 'uvicorn[standard]'", or install 'websockets' or 'wsproto' manually.
WARNING:  Unsupported upgrade request.
WARNING:  No supported WebSocket library detected. Please use "pip install 'uvicorn[standard]'", or install 'websockets' or 'wsproto' manually.
WARNING:  Unsupported upgrade request.
WARNING:  No supported WebSocket library detected. Please use "pip install 'uvicorn[standard]'", or install 'websockets' or 'wsproto' manually.
WARNING:  Unsupported upgrade request.
WARNING:  No supported WebSocket library detected. Please use "pip install 'uvicorn[standard]'", or install 'websockets' or 'wsproto' manually.
WARNING:  Unsupported upgrade request.
WARNING:  No supported WebSocket library detected. Please use "pip install 'uvicorn[standard]'", or install 'websockets' or 'wsproto' manually.
2026-07-09 04:00:16,240 - asyncio - ERROR - Exception in callback _ProactorBasePipeTransport._call_connection_lost()
handle: <Handle _ProactorBasePipeTransport._call_connection_lost()>
Traceback (most recent call last):
  File "C:\Python314\Lib\asyncio\events.py", line 94, in _run
    self._context.run(self._callback, *self._args)
    ~~~~~~~~~~~~~~~~~^^^^^^^^^^^^^^^^^^^^^^^^^^^^^
  File "C:\Python314\Lib\asyncio\proactor_events.py", line 165, in _call_connection_lost
    self._sock.shutdown(socket.SHUT_RDWR)
    ~~~~~~~~~~~~~~~~~~~^^^^^^^^^^^^^^^^^^
ConnectionResetError: [WinError 10054] Eine vorhandene Verbindung wurde vom Remotehost geschlossen
WARNING:  Unsupported upgrade request.
WARNING:  No supported WebSocket library detected. Please use "pip install 'uvicorn[standard]'", or install 'websockets' or 'wsproto' manually.
2026-07-09 04:00:17,140 - asyncio - ERROR - Exception in callback _ProactorBasePipeTransport._call_connection_lost()
handle: <Handle _ProactorBasePipeTransport._call_connection_lost()>
Traceback (most recent call last):
  File "C:\Python314\Lib\asyncio\events.py", line 94, in _run
    self._context.run(self._callback, *self._args)
    ~~~~~~~~~~~~~~~~~^^^^^^^^^^^^^^^^^^^^^^^^^^^^^
  File "C:\Python314\Lib\asyncio\proactor_events.py", line 165, in _call_connection_lost
    self._sock.shutdown(socket.SHUT_RDWR)
    ~~~~~~~~~~~~~~~~~~~^^^^^^^^^^^^^^^^^^
ConnectionResetError: [WinError 10054] Eine vorhandene Verbindung wurde vom Remotehost geschlossen
WARNING:  Unsupported upgrade request.
WARNING:  No supported WebSocket library detected. Please use "pip install 'uvicorn[standard]'", or install 'websockets' or 'wsproto' manually.
2026-07-09 04:00:18,259 - asyncio - ERROR - Exception in callback _ProactorBasePipeTransport._call_connection_lost()
handle: <Handle _ProactorBasePipeTransport._call_connection_lost()>
Traceback (most recent call last):
  File "C:\Python314\Lib\asyncio\events.py", line 94, in _run
    self._context.run(self._callback, *self._args)
    ~~~~~~~~~~~~~~~~~^^^^^^^^^^^^^^^^^^^^^^^^^^^^^
  File "C:\Python314\Lib\asyncio\proactor_events.py", line 165, in _call_connection_lost
    self._sock.shutdown(socket.SHUT_RDWR)
    ~~~~~~~~~~~~~~~~~~~^^^^^^^^^^^^^^^^^^
ConnectionResetError: [WinError 10054] Eine vorhandene Verbindung wurde vom Remotehost geschlossen
WARNING:  Unsupported upgrade request.
WARNING:  No supported WebSocket library detected. Please use "pip install 'uvicorn[standard]'", or install 'websockets' or 'wsproto' manually.
2026-07-09 04:00:18,468 - asyncio - ERROR - Exception in callback _ProactorBasePipeTransport._call_connection_lost()
handle: <Handle _ProactorBasePipeTransport._call_connection_lost()>
Traceback (most recent call last):
  File "C:\Python314\Lib\asyncio\events.py", line 94, in _run
    self._context.run(self._callback, *self._args)
    ~~~~~~~~~~~~~~~~~^^^^^^^^^^^^^^^^^^^^^^^^^^^^^
  File "C:\Python314\Lib\asyncio\proactor_events.py", line 165, in _call_connection_lost
    self._sock.shutdown(socket.SHUT_RDWR)
    ~~~~~~~~~~~~~~~~~~~^^^^^^^^^^^^^^^^^^
ConnectionResetError: [WinError 10054] Eine vorhandene Verbindung wurde vom Remotehost geschlossen
WARNING:  Unsupported upgrade request.
WARNING:  No supported WebSocket library detected. Please use "pip install 'uvicorn[standard]'", or install 'websockets' or 'wsproto' manually.
WARNING:  Unsupported upgrade request.
WARNING:  No supported WebSocket library detected. Please use "pip install 'uvicorn[standard]'", or install 'websockets' or 'wsproto' manually.
2026-07-09 04:00:19,107 - asyncio - ERROR - Exception in callback _ProactorBasePipeTransport._call_connection_lost()
handle: <Handle _ProactorBasePipeTransport._call_connection_lost()>
Traceback (most recent call last):
  File "C:\Python314\Lib\asyncio\events.py", line 94, in _run
    self._context.run(self._callback, *self._args)
    ~~~~~~~~~~~~~~~~~^^^^^^^^^^^^^^^^^^^^^^^^^^^^^
  File "C:\Python314\Lib\asyncio\proactor_events.py", line 165, in _call_connection_lost
    self._sock.shutdown(socket.SHUT_RDWR)
    ~~~~~~~~~~~~~~~~~~~^^^^^^^^^^^^^^^^^^
ConnectionResetError: [WinError 10054] Eine vorhandene Verbindung wurde vom Remotehost geschlossen
WARNING:  Unsupported upgrade request.
WARNING:  No supported WebSocket library detected. Please use "pip install 'uvicorn[standard]'", or install 'websockets' or 'wsproto' manually.
WARNING:  Unsupported upgrade request.
WARNING:  No supported WebSocket library detected. Please use "pip install 'uvicorn[standard]'", or install 'websockets' or 'wsproto' manually.
2026-07-09 04:00:21,248 - asyncio - ERROR - Exception in callback _ProactorBasePipeTransport._call_connection_lost()
handle: <Handle _ProactorBasePipeTransport._call_connection_lost()>
Traceback (most recent call last):
  File "C:\Python314\Lib\asyncio\events.py", line 94, in _run
    self._context.run(self._callback, *self._args)
    ~~~~~~~~~~~~~~~~~^^^^^^^^^^^^^^^^^^^^^^^^^^^^^
  File "C:\Python314\Lib\asyncio\proactor_events.py", line 165, in _call_connection_lost
    self._sock.shutdown(socket.SHUT_RDWR)
    ~~~~~~~~~~~~~~~~~~~^^^^^^^^^^^^^^^^^^
ConnectionResetError: [WinError 10054] Eine vorhandene Verbindung wurde vom Remotehost geschlossen
WARNING:  Unsupported upgrade request.
WARNING:  No supported WebSocket library detected. Please use "pip install 'uvicorn[standard]'", or install 'websockets' or 'wsproto' manually.
WARNING:  Unsupported upgrade request.
WARNING:  No supported WebSocket library detected. Please use "pip install 'uvicorn[standard]'", or install 'websockets' or 'wsproto' manually.
WARNING:  Unsupported upgrade request.
WARNING:  No supported WebSocket library detected. Please use "pip install 'uvicorn[standard]'", or install 'websockets' or 'wsproto' manually.
WARNING:  Unsupported upgrade request.
WARNING:  No supported WebSocket library detected. Please use "pip install 'uvicorn[standard]'", or install 'websockets' or 'wsproto' manually.
WARNING:  Unsupported upgrade request.
WARNING:  No supported WebSocket library detected. Please use "pip install 'uvicorn[standard]'", or install 'websockets' or 'wsproto' manually.
WARNING:  Unsupported upgrade request.
WARNING:  No supported WebSocket library detected. Please use "pip install 'uvicorn[standard]'", or install 'websockets' or 'wsproto' manually.
WARNING:  Unsupported upgrade request.
WARNING:  No supported WebSocket library detected. Please use "pip install 'uvicorn[standard]'", or install 'websockets' or 'wsproto' manually.
2026-07-09 04:00:26,262 - asyncio - ERROR - Exception in callback _ProactorBasePipeTransport._call_connection_lost()
handle: <Handle _ProactorBasePipeTransport._call_connection_lost()>
Traceback (most recent call last):
  File "C:\Python314\Lib\asyncio\events.py", line 94, in _run
    self._context.run(self._callback, *self._args)
    ~~~~~~~~~~~~~~~~~^^^^^^^^^^^^^^^^^^^^^^^^^^^^^
  File "C:\Python314\Lib\asyncio\proactor_events.py", line 165, in _call_connection_lost
    self._sock.shutdown(socket.SHUT_RDWR)
    ~~~~~~~~~~~~~~~~~~~^^^^^^^^^^^^^^^^^^
ConnectionResetError: [WinError 10054] Eine vorhandene Verbindung wurde vom Remotehost geschlossen
WARNING:  Unsupported upgrade request.
WARNING:  No supported WebSocket library detected. Please use "pip install 'uvicorn[standard]'", or install 'websockets' or 'wsproto' manually.
WARNING:  Unsupported upgrade request.
WARNING:  No supported WebSocket library detected. Please use "pip install 'uvicorn[standard]'", or install 'websockets' or 'wsproto' manually.
2026-07-09 04:00:28,279 - asyncio - ERROR - Exception in callback _ProactorBasePipeTransport._call_connection_lost()
handle: <Handle _ProactorBasePipeTransport._call_connection_lost()>
Traceback (most recent call last):
  File "C:\Python314\Lib\asyncio\events.py", line 94, in _run
    self._context.run(self._callback, *self._args)
    ~~~~~~~~~~~~~~~~~^^^^^^^^^^^^^^^^^^^^^^^^^^^^^
  File "C:\Python314\Lib\asyncio\proactor_events.py", line 165, in _call_connection_lost
    self._sock.shutdown(socket.SHUT_RDWR)
    ~~~~~~~~~~~~~~~~~~~^^^^^^^^^^^^^^^^^^
ConnectionResetError: [WinError 10054] Eine vorhandene Verbindung wurde vom Remotehost geschlossen
WARNING:  Unsupported upgrade request.
WARNING:  No supported WebSocket library detected. Please use "pip install 'uvicorn[standard]'", or install 'websockets' or 'wsproto' manually.
WARNING:  Unsupported upgrade request.
WARNING:  No supported WebSocket library detected. Please use "pip install 'uvicorn[standard]'", or install 'websockets' or 'wsproto' manually.
2026-07-09 04:00:30,512 - asyncio - ERROR - Exception in callback _ProactorBasePipeTransport._call_connection_lost()
handle: <Handle _ProactorBasePipeTransport._call_connection_lost()>
Traceback (most recent call last):
  File "C:\Python314\Lib\asyncio\events.py", line 94, in _run
    self._context.run(self._callback, *self._args)
    ~~~~~~~~~~~~~~~~~^^^^^^^^^^^^^^^^^^^^^^^^^^^^^
  File "C:\Python314\Lib\asyncio\proactor_events.py", line 165, in _call_connection_lost
    self._sock.shutdown(socket.SHUT_RDWR)
    ~~~~~~~~~~~~~~~~~~~^^^^^^^^^^^^^^^^^^
ConnectionResetError: [WinError 10054] Eine vorhandene Verbindung wurde vom Remotehost geschlossen
WARNING:  Unsupported upgrade request.
WARNING:  No supported WebSocket library detected. Please use "pip install 'uvicorn[standard]'", or install 'websockets' or 'wsproto' manually.
2026-07-09 04:00:31,253 - asyncio - ERROR - Exception in callback _ProactorBasePipeTransport._call_connection_lost()
handle: <Handle _ProactorBasePipeTransport._call_connection_lost()>
Traceback (most recent call last):
  File "C:\Python314\Lib\asyncio\events.py", line 94, in _run
    self._context.run(self._callback, *self._args)
    ~~~~~~~~~~~~~~~~~^^^^^^^^^^^^^^^^^^^^^^^^^^^^^
  File "C:\Python314\Lib\asyncio\proactor_events.py", line 165, in _call_connection_lost
    self._sock.shutdown(socket.SHUT_RDWR)
    ~~~~~~~~~~~~~~~~~~~^^^^^^^^^^^^^^^^^^
ConnectionResetError: [WinError 10054] Eine vorhandene Verbindung wurde vom Remotehost geschlossen
WARNING:  Unsupported upgrade request.
WARNING:  No supported WebSocket library detected. Please use "pip install 'uvicorn[standard]'", or install 'websockets' or 'wsproto' manually.
2026-07-09 04:00:33,310 - asyncio - ERROR - Exception in callback _ProactorBasePipeTransport._call_connection_lost()
handle: <Handle _ProactorBasePipeTransport._call_connection_lost()>
Traceback (most recent call last):
  File "C:\Python314\Lib\asyncio\events.py", line 94, in _run
    self._context.run(self._callback, *self._args)
    ~~~~~~~~~~~~~~~~~^^^^^^^^^^^^^^^^^^^^^^^^^^^^^
  File "C:\Python314\Lib\asyncio\proactor_events.py", line 165, in _call_connection_lost
    self._sock.shutdown(socket.SHUT_RDWR)
    ~~~~~~~~~~~~~~~~~~~^^^^^^^^^^^^^^^^^^
ConnectionResetError: [WinError 10054] Eine vorhandene Verbindung wurde vom Remotehost geschlossen
WARNING:  Unsupported upgrade request.
WARNING:  No supported WebSocket library detected. Please use "pip install 'uvicorn[standard]'", or install 'websockets' or 'wsproto' manually.
WARNING:  Unsupported upgrade request.
WARNING:  No supported WebSocket library detected. Please use "pip install 'uvicorn[standard]'", or install 'websockets' or 'wsproto' manually.
2026-07-09 04:00:34,031 - asyncio - ERROR - Exception in callback _ProactorBasePipeTransport._call_connection_lost()
handle: <Handle _ProactorBasePipeTransport._call_connection_lost()>
Traceback (most recent call last):
  File "C:\Python314\Lib\asyncio\events.py", line 94, in _run
    self._context.run(self._callback, *self._args)
    ~~~~~~~~~~~~~~~~~^^^^^^^^^^^^^^^^^^^^^^^^^^^^^
  File "C:\Python314\Lib\asyncio\proactor_events.py", line 165, in _call_connection_lost
    self._sock.shutdown(socket.SHUT_RDWR)
    ~~~~~~~~~~~~~~~~~~~^^^^^^^^^^^^^^^^^^
ConnectionResetError: [WinError 10054] Eine vorhandene Verbindung wurde vom Remotehost geschlossen
WARNING:  Unsupported upgrade request.
WARNING:  No supported WebSocket library detected. Please use "pip install 'uvicorn[standard]'", or install 'websockets' or 'wsproto' manually.
WARNING:  Unsupported upgrade request.
WARNING:  No supported WebSocket library detected. Please use "pip install 'uvicorn[standard]'", or install 'websockets' or 'wsproto' manually.
WARNING:  Unsupported upgrade request.
WARNING:  No supported WebSocket library detected. Please use "pip install 'uvicorn[standard]'", or install 'websockets' or 'wsproto' manually.
WARNING:  Unsupported upgrade request.
WARNING:  No supported WebSocket library detected. Please use "pip install 'uvicorn[standard]'", or install 'websockets' or 'wsproto' manually.
2026-07-09 04:00:36,272 - asyncio - ERROR - Exception in callback _ProactorBasePipeTransport._call_connection_lost()
handle: <Handle _ProactorBasePipeTransport._call_connection_lost()>
Traceback (most recent call last):
  File "C:\Python314\Lib\asyncio\events.py", line 94, in _run
    self._context.run(self._callback, *self._args)
    ~~~~~~~~~~~~~~~~~^^^^^^^^^^^^^^^^^^^^^^^^^^^^^
  File "C:\Python314\Lib\asyncio\proactor_events.py", line 165, in _call_connection_lost
    self._sock.shutdown(socket.SHUT_RDWR)
    ~~~~~~~~~~~~~~~~~~~^^^^^^^^^^^^^^^^^^
ConnectionResetError: [WinError 10054] Eine vorhandene Verbindung wurde vom Remotehost geschlossen
WARNING:  Unsupported upgrade request.
WARNING:  No supported WebSocket library detected. Please use "pip install 'uvicorn[standard]'", or install 'websockets' or 'wsproto' manually.
WARNING:  Unsupported upgrade request.
WARNING:  No supported WebSocket library detected. Please use "pip install 'uvicorn[standard]'", or install 'websockets' or 'wsproto' manually.
WARNING:  Unsupported upgrade request.
WARNING:  No supported WebSocket library detected. Please use "pip install 'uvicorn[standard]'", or install 'websockets' or 'wsproto' manually.
WARNING:  Unsupported upgrade request.
WARNING:  No supported WebSocket library detected. Please use "pip install 'uvicorn[standard]'", or install 'websockets' or 'wsproto' manually.
WARNING:  Unsupported upgrade request.
WARNING:  No supported WebSocket library detected. Please use "pip install 'uvicorn[standard]'", or install 'websockets' or 'wsproto' manually.
2026-07-09 04:00:40,060 - asyncio - ERROR - Exception in callback _ProactorBasePipeTransport._call_connection_lost()
handle: <Handle _ProactorBasePipeTransport._call_connection_lost()>
Traceback (most recent call last):
  File "C:\Python314\Lib\asyncio\events.py", line 94, in _run
    self._context.run(self._callback, *self._args)
    ~~~~~~~~~~~~~~~~~^^^^^^^^^^^^^^^^^^^^^^^^^^^^^
  File "C:\Python314\Lib\asyncio\proactor_events.py", line 165, in _call_connection_lost
    self._sock.shutdown(socket.SHUT_RDWR)
    ~~~~~~~~~~~~~~~~~~~^^^^^^^^^^^^^^^^^^
ConnectionResetError: [WinError 10054] Eine vorhandene Verbindung wurde vom Remotehost geschlossen
WARNING:  Unsupported upgrade request.
WARNING:  No supported WebSocket library detected. Please use "pip install 'uvicorn[standard]'", or install 'websockets' or 'wsproto' manually.
WARNING:  Unsupported upgrade request.
WARNING:  No supported WebSocket library detected. Please use "pip install 'uvicorn[standard]'", or install 'websockets' or 'wsproto' manually.
WARNING:  Unsupported upgrade request.
WARNING:  No supported WebSocket library detected. Please use "pip install 'uvicorn[standard]'", or install 'websockets' or 'wsproto' manually.
WARNING:  Unsupported upgrade request.
WARNING:  No supported WebSocket library detected. Please use "pip install 'uvicorn[standard]'", or install 'websockets' or 'wsproto' manually.
WARNING:  Unsupported upgrade request.
WARNING:  No supported WebSocket library detected. Please use "pip install 'uvicorn[standard]'", or install 'websockets' or 'wsproto' manually.
WARNING:  Unsupported upgrade request.
WARNING:  No supported WebSocket library detected. Please use "pip install 'uvicorn[standard]'", or install 'websockets' or 'wsproto' manually.
WARNING:  Unsupported upgrade request.
WARNING:  No supported WebSocket library detected. Please use "pip install 'uvicorn[standard]'", or install 'websockets' or 'wsproto' manually.
WARNING:  Unsupported upgrade request.
WARNING:  No supported WebSocket library detected. Please use "pip install 'uvicorn[standard]'", or install 'websockets' or 'wsproto' manually.
WARNING:  Unsupported upgrade request.
WARNING:  No supported WebSocket library detected. Please use "pip install 'uvicorn[standard]'", or install 'websockets' or 'wsproto' manually.
WARNING:  Unsupported upgrade request.
WARNING:  No supported WebSocket library detected. Please use "pip install 'uvicorn[standard]'", or install 'websockets' or 'wsproto' manually.
WARNING:  Unsupported upgrade request.
WARNING:  No supported WebSocket library detected. Please use "pip install 'uvicorn[standard]'", or install 'websockets' or 'wsproto' manually.
WARNING:  Unsupported upgrade request.
WARNING:  No supported WebSocket library detected. Please use "pip install 'uvicorn[standard]'", or install 'websockets' or 'wsproto' manually.
WARNING:  Unsupported upgrade request.
WARNING:  No supported WebSocket library detected. Please use "pip install 'uvicorn[standard]'", or install 'websockets' or 'wsproto' manually.
WARNING:  Unsupported upgrade request.
WARNING:  No supported WebSocket library detected. Please use "pip install 'uvicorn[standard]'", or install 'websockets' or 'wsproto' manually.
WARNING:  Unsupported upgrade request.
WARNING:  No supported WebSocket library detected. Please use "pip install 'uvicorn[standard]'", or install 'websockets' or 'wsproto' manually.
2026-07-09 04:00:51,772 - asyncio - ERROR - Exception in callback _ProactorBasePipeTransport._call_connection_lost()
handle: <Handle _ProactorBasePipeTransport._call_connection_lost()>
Traceback (most recent call last):
  File "C:\Python314\Lib\asyncio\events.py", line 94, in _run
    self._context.run(self._callback, *self._args)
    ~~~~~~~~~~~~~~~~~^^^^^^^^^^^^^^^^^^^^^^^^^^^^^
  File "C:\Python314\Lib\asyncio\proactor_events.py", line 165, in _call_connection_lost
    self._sock.shutdown(socket.SHUT_RDWR)
    ~~~~~~~~~~~~~~~~~~~^^^^^^^^^^^^^^^^^^
ConnectionResetError: [WinError 10054] Eine vorhandene Verbindung wurde vom Remotehost geschlossen
WARNING:  Unsupported upgrade request.
WARNING:  No supported WebSocket library detected. Please use "pip install 'uvicorn[standard]'", or install 'websockets' or 'wsproto' manually.
2026-07-09 04:00:53,981 - asyncio - ERROR - Exception in callback _ProactorBasePipeTransport._call_connection_lost()
handle: <Handle _ProactorBasePipeTransport._call_connection_lost()>
Traceback (most recent call last):
  File "C:\Python314\Lib\asyncio\events.py", line 94, in _run
    self._context.run(self._callback, *self._args)
    ~~~~~~~~~~~~~~~~~^^^^^^^^^^^^^^^^^^^^^^^^^^^^^
  File "C:\Python314\Lib\asyncio\proactor_events.py", line 165, in _call_connection_lost
    self._sock.shutdown(socket.SHUT_RDWR)
    ~~~~~~~~~~~~~~~~~~~^^^^^^^^^^^^^^^^^^
ConnectionResetError: [WinError 10054] Eine vorhandene Verbindung wurde vom Remotehost geschlossen
WARNING:  Unsupported upgrade request.
WARNING:  No supported WebSocket library detected. Please use "pip install 'uvicorn[standard]'", or install 'websockets' or 'wsproto' manually.
WARNING:  Unsupported upgrade request.
WARNING:  No supported WebSocket library detected. Please use "pip install 'uvicorn[standard]'", or install 'websockets' or 'wsproto' manually.
WARNING:  Unsupported upgrade request.
WARNING:  No supported WebSocket library detected. Please use "pip install 'uvicorn[standard]'", or install 'websockets' or 'wsproto' manually.
2026-07-09 04:00:55,033 - asyncio - ERROR - Exception in callback _ProactorBasePipeTransport._call_connection_lost()
handle: <Handle _ProactorBasePipeTransport._call_connection_lost()>
Traceback (most recent call last):
  File "C:\Python314\Lib\asyncio\events.py", line 94, in _run
    self._context.run(self._callback, *self._args)
    ~~~~~~~~~~~~~~~~~^^^^^^^^^^^^^^^^^^^^^^^^^^^^^
  File "C:\Python314\Lib\asyncio\proactor_events.py", line 165, in _call_connection_lost
    self._sock.shutdown(socket.SHUT_RDWR)
    ~~~~~~~~~~~~~~~~~~~^^^^^^^^^^^^^^^^^^
ConnectionResetError: [WinError 10054] Eine vorhandene Verbindung wurde vom Remotehost geschlossen
WARNING:  Unsupported upgrade request.
WARNING:  No supported WebSocket library detected. Please use "pip install 'uvicorn[standard]'", or install 'websockets' or 'wsproto' manually.
WARNING:  Unsupported upgrade request.
WARNING:  No supported WebSocket library detected. Please use "pip install 'uvicorn[standard]'", or install 'websockets' or 'wsproto' manually.
2026-07-09 04:00:56,271 - asyncio - ERROR - Exception in callback _ProactorBasePipeTransport._call_connection_lost()
handle: <Handle _ProactorBasePipeTransport._call_connection_lost()>
Traceback (most recent call last):
  File "C:\Python314\Lib\asyncio\events.py", line 94, in _run
    self._context.run(self._callback, *self._args)
    ~~~~~~~~~~~~~~~~~^^^^^^^^^^^^^^^^^^^^^^^^^^^^^
  File "C:\Python314\Lib\asyncio\proactor_events.py", line 165, in _call_connection_lost
    self._sock.shutdown(socket.SHUT_RDWR)
    ~~~~~~~~~~~~~~~~~~~^^^^^^^^^^^^^^^^^^
ConnectionResetError: [WinError 10054] Eine vorhandene Verbindung wurde vom Remotehost geschlossen
WARNING:  Unsupported upgrade request.
WARNING:  No supported WebSocket library detected. Please use "pip install 'uvicorn[standard]'", or install 'websockets' or 'wsproto' manually.
WARNING:  Unsupported upgrade request.
WARNING:  No supported WebSocket library detected. Please use "pip install 'uvicorn[standard]'", or install 'websockets' or 'wsproto' manually.
2026-07-09 04:00:59,248 - asyncio - ERROR - Exception in callback _ProactorBasePipeTransport._call_connection_lost()
handle: <Handle _ProactorBasePipeTransport._call_connection_lost()>
Traceback (most recent call last):
  File "C:\Python314\Lib\asyncio\events.py", line 94, in _run
    self._context.run(self._callback, *self._args)
    ~~~~~~~~~~~~~~~~~^^^^^^^^^^^^^^^^^^^^^^^^^^^^^
  File "C:\Python314\Lib\asyncio\proactor_events.py", line 165, in _call_connection_lost
    self._sock.shutdown(socket.SHUT_RDWR)
    ~~~~~~~~~~~~~~~~~~~^^^^^^^^^^^^^^^^^^
ConnectionResetError: [WinError 10054] Eine vorhandene Verbindung wurde vom Remotehost geschlossen
WARNING:  Unsupported upgrade request.
WARNING:  No supported WebSocket library detected. Please use "pip install 'uvicorn[standard]'", or install 'websockets' or 'wsproto' manually.
WARNING:  Unsupported upgrade request.
WARNING:  No supported WebSocket library detected. Please use "pip install 'uvicorn[standard]'", or install 'websockets' or 'wsproto' manually.
WARNING:  Unsupported upgrade request.
WARNING:  No supported WebSocket library detected. Please use "pip install 'uvicorn[standard]'", or install 'websockets' or 'wsproto' manually.
WARNING:  Unsupported upgrade request.
WARNING:  No supported WebSocket library detected. Please use "pip install 'uvicorn[standard]'", or install 'websockets' or 'wsproto' manually.
WARNING:  Unsupported upgrade request.
WARNING:  No supported WebSocket library detected. Please use "pip install 'uvicorn[standard]'", or install 'websockets' or 'wsproto' manually.
2026-07-09 04:01:01,506 - asyncio - ERROR - Exception in callback _ProactorBasePipeTransport._call_connection_lost()
handle: <Handle _ProactorBasePipeTransport._call_connection_lost()>
Traceback (most recent call last):
  File "C:\Python314\Lib\asyncio\events.py", line 94, in _run
    self._context.run(self._callback, *self._args)
    ~~~~~~~~~~~~~~~~~^^^^^^^^^^^^^^^^^^^^^^^^^^^^^
  File "C:\Python314\Lib\asyncio\proactor_events.py", line 165, in _call_connection_lost
    self._sock.shutdown(socket.SHUT_RDWR)
    ~~~~~~~~~~~~~~~~~~~^^^^^^^^^^^^^^^^^^
ConnectionResetError: [WinError 10054] Eine vorhandene Verbindung wurde vom Remotehost geschlossen
WARNING:  Unsupported upgrade request.
WARNING:  No supported WebSocket library detected. Please use "pip install 'uvicorn[standard]'", or install 'websockets' or 'wsproto' manually.
WARNING:  Unsupported upgrade request.
WARNING:  No supported WebSocket library detected. Please use "pip install 'uvicorn[standard]'", or install 'websockets' or 'wsproto' manually.
2026-07-09 04:01:04,253 - asyncio - ERROR - Exception in callback _ProactorBasePipeTransport._call_connection_lost()
handle: <Handle _ProactorBasePipeTransport._call_connection_lost()>
Traceback (most recent call last):
  File "C:\Python314\Lib\asyncio\events.py", line 94, in _run
    self._context.run(self._callback, *self._args)
    ~~~~~~~~~~~~~~~~~^^^^^^^^^^^^^^^^^^^^^^^^^^^^^
  File "C:\Python314\Lib\asyncio\proactor_events.py", line 165, in _call_connection_lost
    self._sock.shutdown(socket.SHUT_RDWR)
    ~~~~~~~~~~~~~~~~~~~^^^^^^^^^^^^^^^^^^
ConnectionResetError: [WinError 10054] Eine vorhandene Verbindung wurde vom Remotehost geschlossen
WARNING:  Unsupported upgrade request.
WARNING:  No supported WebSocket library detected. Please use "pip install 'uvicorn[standard]'", or install 'websockets' or 'wsproto' manually.
WARNING:  Unsupported upgrade request.
WARNING:  No supported WebSocket library detected. Please use "pip install 'uvicorn[standard]'", or install 'websockets' or 'wsproto' manually.
WARNING:  Unsupported upgrade request.
WARNING:  No supported WebSocket library detected. Please use "pip install 'uvicorn[standard]'", or install 'websockets' or 'wsproto' manually.
WARNING:  Unsupported upgrade request.
WARNING:  No supported WebSocket library detected. Please use "pip install 'uvicorn[standard]'", or install 'websockets' or 'wsproto' manually.
WARNING:  Unsupported upgrade request.
WARNING:  No supported WebSocket library detected. Please use "pip install 'uvicorn[standard]'", or install 'websockets' or 'wsproto' manually.
2026-07-09 04:01:09,290 - asyncio - ERROR - Exception in callback _ProactorBasePipeTransport._call_connection_lost()
handle: <Handle _ProactorBasePipeTransport._call_connection_lost()>
Traceback (most recent call last):
  File "C:\Python314\Lib\asyncio\events.py", line 94, in _run
    self._context.run(self._callback, *self._args)
    ~~~~~~~~~~~~~~~~~^^^^^^^^^^^^^^^^^^^^^^^^^^^^^
  File "C:\Python314\Lib\asyncio\proactor_events.py", line 165, in _call_connection_lost
    self._sock.shutdown(socket.SHUT_RDWR)
    ~~~~~~~~~~~~~~~~~~~^^^^^^^^^^^^^^^^^^
ConnectionResetError: [WinError 10054] Eine vorhandene Verbindung wurde vom Remotehost geschlossen
WARNING:  Unsupported upgrade request.
WARNING:  No supported WebSocket library detected. Please use "pip install 'uvicorn[standard]'", or install 'websockets' or 'wsproto' manually.
WARNING:  Unsupported upgrade request.
WARNING:  No supported WebSocket library detected. Please use "pip install 'uvicorn[standard]'", or install 'websockets' or 'wsproto' manually.
WARNING:  Unsupported upgrade request.
WARNING:  No supported WebSocket library detected. Please use "pip install 'uvicorn[standard]'", or install 'websockets' or 'wsproto' manually.
WARNING:  Unsupported upgrade request.
WARNING:  No supported WebSocket library detected. Please use "pip install 'uvicorn[standard]'", or install 'websockets' or 'wsproto' manually.
WARNING:  Unsupported upgrade request.
WARNING:  No supported WebSocket library detected. Please use "pip install 'uvicorn[standard]'", or install 'websockets' or 'wsproto' manually.
WARNING:  Unsupported upgrade request.
WARNING:  No supported WebSocket library detected. Please use "pip install 'uvicorn[standard]'", or install 'websockets' or 'wsproto' manually.
WARNING:  Unsupported upgrade request.
WARNING:  No supported WebSocket library detected. Please use "pip install 'uvicorn[standard]'", or install 'websockets' or 'wsproto' manually.
2026-07-09 04:01:14,278 - asyncio - ERROR - Exception in callback _ProactorBasePipeTransport._call_connection_lost()
handle: <Handle _ProactorBasePipeTransport._call_connection_lost()>
Traceback (most recent call last):
  File "C:\Python314\Lib\asyncio\events.py", line 94, in _run
    self._context.run(self._callback, *self._args)
    ~~~~~~~~~~~~~~~~~^^^^^^^^^^^^^^^^^^^^^^^^^^^^^
  File "C:\Python314\Lib\asyncio\proactor_events.py", line 165, in _call_connection_lost
    self._sock.shutdown(socket.SHUT_RDWR)
    ~~~~~~~~~~~~~~~~~~~^^^^^^^^^^^^^^^^^^
ConnectionResetError: [WinError 10054] Eine vorhandene Verbindung wurde vom Remotehost geschlossen
WARNING:  Unsupported upgrade request.
WARNING:  No supported WebSocket library detected. Please use "pip install 'uvicorn[standard]'", or install 'websockets' or 'wsproto' manually.
WARNING:  Unsupported upgrade request.
WARNING:  No supported WebSocket library detected. Please use "pip install 'uvicorn[standard]'", or install 'websockets' or 'wsproto' manually.
WARNING:  Unsupported upgrade request.
WARNING:  No supported WebSocket library detected. Please use "pip install 'uvicorn[standard]'", or install 'websockets' or 'wsproto' manually.
WARNING:  Unsupported upgrade request.
WARNING:  No supported WebSocket library detected. Please use "pip install 'uvicorn[standard]'", or install 'websockets' or 'wsproto' manually.
2026-07-09 04:01:17,986 - asyncio - ERROR - Exception in callback _ProactorBasePipeTransport._call_connection_lost()
handle: <Handle _ProactorBasePipeTransport._call_connection_lost()>
Traceback (most recent call last):
  File "C:\Python314\Lib\asyncio\events.py", line 94, in _run
    self._context.run(self._callback, *self._args)
    ~~~~~~~~~~~~~~~~~^^^^^^^^^^^^^^^^^^^^^^^^^^^^^
  File "C:\Python314\Lib\asyncio\proactor_events.py", line 165, in _call_connection_lost
    self._sock.shutdown(socket.SHUT_RDWR)
    ~~~~~~~~~~~~~~~~~~~^^^^^^^^^^^^^^^^^^
ConnectionResetError: [WinError 10054] Eine vorhandene Verbindung wurde vom Remotehost geschlossen
WARNING:  Unsupported upgrade request.
WARNING:  No supported WebSocket library detected. Please use "pip install 'uvicorn[standard]'", or install 'websockets' or 'wsproto' manually.
2026-07-09 04:01:19,307 - asyncio - ERROR - Exception in callback _ProactorBasePipeTransport._call_connection_lost()
handle: <Handle _ProactorBasePipeTransport._call_connection_lost()>
Traceback (most recent call last):
  File "C:\Python314\Lib\asyncio\events.py", line 94, in _run
    self._context.run(self._callback, *self._args)
    ~~~~~~~~~~~~~~~~~^^^^^^^^^^^^^^^^^^^^^^^^^^^^^
  File "C:\Python314\Lib\asyncio\proactor_events.py", line 165, in _call_connection_lost
    self._sock.shutdown(socket.SHUT_RDWR)
    ~~~~~~~~~~~~~~~~~~~^^^^^^^^^^^^^^^^^^
ConnectionResetError: [WinError 10054] Eine vorhandene Verbindung wurde vom Remotehost geschlossen
WARNING:  Unsupported upgrade request.
WARNING:  No supported WebSocket library detected. Please use "pip install 'uvicorn[standard]'", or install 'websockets' or 'wsproto' manually.
WARNING:  Unsupported upgrade request.
WARNING:  No supported WebSocket library detected. Please use "pip install 'uvicorn[standard]'", or install 'websockets' or 'wsproto' manually.
2026-07-09 04:01:20,062 - asyncio - ERROR - Exception in callback _ProactorBasePipeTransport._call_connection_lost()
handle: <Handle _ProactorBasePipeTransport._call_connection_lost()>
Traceback (most recent call last):
  File "C:\Python314\Lib\asyncio\events.py", line 94, in _run
    self._context.run(self._callback, *self._args)
    ~~~~~~~~~~~~~~~~~^^^^^^^^^^^^^^^^^^^^^^^^^^^^^
  File "C:\Python314\Lib\asyncio\proactor_events.py", line 165, in _call_connection_lost
    self._sock.shutdown(socket.SHUT_RDWR)
    ~~~~~~~~~~~~~~~~~~~^^^^^^^^^^^^^^^^^^
ConnectionResetError: [WinError 10054] Eine vorhandene Verbindung wurde vom Remotehost geschlossen
WARNING:  Unsupported upgrade request.
WARNING:  No supported WebSocket library detected. Please use "pip install 'uvicorn[standard]'", or install 'websockets' or 'wsproto' manually.
2026-07-09 04:01:20,316 - asyncio - ERROR - Exception in callback _ProactorBasePipeTransport._call_connection_lost()
handle: <Handle _ProactorBasePipeTransport._call_connection_lost()>
Traceback (most recent call last):
  File "C:\Python314\Lib\asyncio\events.py", line 94, in _run
    self._context.run(self._callback, *self._args)
    ~~~~~~~~~~~~~~~~~^^^^^^^^^^^^^^^^^^^^^^^^^^^^^
  File "C:\Python314\Lib\asyncio\proactor_events.py", line 165, in _call_connection_lost
    self._sock.shutdown(socket.SHUT_RDWR)
    ~~~~~~~~~~~~~~~~~~~^^^^^^^^^^^^^^^^^^
ConnectionResetError: [WinError 10054] Eine vorhandene Verbindung wurde vom Remotehost geschlossen
WARNING:  Unsupported upgrade request.
WARNING:  No supported WebSocket library detected. Please use "pip install 'uvicorn[standard]'", or install 'websockets' or 'wsproto' manually.
WARNING:  Unsupported upgrade request.
WARNING:  No supported WebSocket library detected. Please use "pip install 'uvicorn[standard]'", or install 'websockets' or 'wsproto' manually.
WARNING:  Unsupported upgrade request.
WARNING:  No supported WebSocket library detected. Please use "pip install 'uvicorn[standard]'", or install 'websockets' or 'wsproto' manually.
WARNING:  Unsupported upgrade request.
WARNING:  No supported WebSocket library detected. Please use "pip install 'uvicorn[standard]'", or install 'websockets' or 'wsproto' manually.
WARNING:  Unsupported upgrade request.
WARNING:  No supported WebSocket library detected. Please use "pip install 'uvicorn[standard]'", or install 'websockets' or 'wsproto' manually.
2026-07-09 04:01:25,830 - asyncio - ERROR - Exception in callback _ProactorBasePipeTransport._call_connection_lost()
handle: <Handle _ProactorBasePipeTransport._call_connection_lost()>
Traceback (most recent call last):
  File "C:\Python314\Lib\asyncio\events.py", line 94, in _run
    self._context.run(self._callback, *self._args)
    ~~~~~~~~~~~~~~~~~^^^^^^^^^^^^^^^^^^^^^^^^^^^^^
  File "C:\Python314\Lib\asyncio\proactor_events.py", line 165, in _call_connection_lost
    self._sock.shutdown(socket.SHUT_RDWR)
    ~~~~~~~~~~~~~~~~~~~^^^^^^^^^^^^^^^^^^
ConnectionResetError: [WinError 10054] Eine vorhandene Verbindung wurde vom Remotehost geschlossen
WARNING:  Unsupported upgrade request.
WARNING:  No supported WebSocket library detected. Please use "pip install 'uvicorn[standard]'", or install 'websockets' or 'wsproto' manually.
WARNING:  Unsupported upgrade request.
WARNING:  No supported WebSocket library detected. Please use "pip install 'uvicorn[standard]'", or install 'websockets' or 'wsproto' manually.
2026-07-09 04:01:26,799 - asyncio - ERROR - Exception in callback _ProactorBasePipeTransport._call_connection_lost()
handle: <Handle _ProactorBasePipeTransport._call_connection_lost()>
Traceback (most recent call last):
  File "C:\Python314\Lib\asyncio\events.py", line 94, in _run
    self._context.run(self._callback, *self._args)
    ~~~~~~~~~~~~~~~~~^^^^^^^^^^^^^^^^^^^^^^^^^^^^^
  File "C:\Python314\Lib\asyncio\proactor_events.py", line 165, in _call_connection_lost
    self._sock.shutdown(socket.SHUT_RDWR)
    ~~~~~~~~~~~~~~~~~~~^^^^^^^^^^^^^^^^^^
ConnectionResetError: [WinError 10054] Eine vorhandene Verbindung wurde vom Remotehost geschlossen
WARNING:  Unsupported upgrade request.
WARNING:  No supported WebSocket library detected. Please use "pip install 'uvicorn[standard]'", or install 'websockets' or 'wsproto' manually.
WARNING:  Unsupported upgrade request.
WARNING:  No supported WebSocket library detected. Please use "pip install 'uvicorn[standard]'", or install 'websockets' or 'wsproto' manually.
2026-07-09 04:01:28,486 - asyncio - ERROR - Exception in callback _ProactorBasePipeTransport._call_connection_lost()
handle: <Handle _ProactorBasePipeTransport._call_connection_lost()>
Traceback (most recent call last):
  File "C:\Python314\Lib\asyncio\events.py", line 94, in _run
    self._context.run(self._callback, *self._args)
    ~~~~~~~~~~~~~~~~~^^^^^^^^^^^^^^^^^^^^^^^^^^^^^
  File "C:\Python314\Lib\asyncio\proactor_events.py", line 165, in _call_connection_lost
    self._sock.shutdown(socket.SHUT_RDWR)
    ~~~~~~~~~~~~~~~~~~~^^^^^^^^^^^^^^^^^^
ConnectionResetError: [WinError 10054] Eine vorhandene Verbindung wurde vom Remotehost geschlossen
WARNING:  Unsupported upgrade request.
WARNING:  No supported WebSocket library detected. Please use "pip install 'uvicorn[standard]'", or install 'websockets' or 'wsproto' manually.
WARNING:  Unsupported upgrade request.
WARNING:  No supported WebSocket library detected. Please use "pip install 'uvicorn[standard]'", or install 'websockets' or 'wsproto' manually.
2026-07-09 04:01:31,555 - asyncio - ERROR - Exception in callback _ProactorBasePipeTransport._call_connection_lost()
handle: <Handle _ProactorBasePipeTransport._call_connection_lost()>
Traceback (most recent call last):
  File "C:\Python314\Lib\asyncio\events.py", line 94, in _run
    self._context.run(self._callback, *self._args)
    ~~~~~~~~~~~~~~~~~^^^^^^^^^^^^^^^^^^^^^^^^^^^^^
  File "C:\Python314\Lib\asyncio\proactor_events.py", line 165, in _call_connection_lost
    self._sock.shutdown(socket.SHUT_RDWR)
    ~~~~~~~~~~~~~~~~~~~^^^^^^^^^^^^^^^^^^
ConnectionResetError: [WinError 10054] Eine vorhandene Verbindung wurde vom Remotehost geschlossen
WARNING:  Unsupported upgrade request.
WARNING:  No supported WebSocket library detected. Please use "pip install 'uvicorn[standard]'", or install 'websockets' or 'wsproto' manually.
WARNING:  Unsupported upgrade request.
WARNING:  No supported WebSocket library detected. Please use "pip install 'uvicorn[standard]'", or install 'websockets' or 'wsproto' manually.
WARNING:  Unsupported upgrade request.
WARNING:  No supported WebSocket library detected. Please use "pip install 'uvicorn[standard]'", or install 'websockets' or 'wsproto' manually.
2026-07-09 04:01:32,292 - asyncio - ERROR - Exception in callback _ProactorBasePipeTransport._call_connection_lost()
handle: <Handle _ProactorBasePipeTransport._call_connection_lost()>
Traceback (most recent call last):
  File "C:\Python314\Lib\asyncio\events.py", line 94, in _run
    self._context.run(self._callback, *self._args)
    ~~~~~~~~~~~~~~~~~^^^^^^^^^^^^^^^^^^^^^^^^^^^^^
  File "C:\Python314\Lib\asyncio\proactor_events.py", line 165, in _call_connection_lost
    self._sock.shutdown(socket.SHUT_RDWR)
    ~~~~~~~~~~~~~~~~~~~^^^^^^^^^^^^^^^^^^
ConnectionResetError: [WinError 10054] Eine vorhandene Verbindung wurde vom Remotehost geschlossen
WARNING:  Unsupported upgrade request.
WARNING:  No supported WebSocket library detected. Please use "pip install 'uvicorn[standard]'", or install 'websockets' or 'wsproto' manually.
WARNING:  Unsupported upgrade request.
WARNING:  No supported WebSocket library detected. Please use "pip install 'uvicorn[standard]'", or install 'websockets' or 'wsproto' manually.
WARNING:  Unsupported upgrade request.
WARNING:  No supported WebSocket library detected. Please use "pip install 'uvicorn[standard]'", or install 'websockets' or 'wsproto' manually.
WARNING:  Unsupported upgrade request.
WARNING:  No supported WebSocket library detected. Please use "pip install 'uvicorn[standard]'", or install 'websockets' or 'wsproto' manually.
WARNING:  Unsupported upgrade request.
WARNING:  No supported WebSocket library detected. Please use "pip install 'uvicorn[standard]'", or install 'websockets' or 'wsproto' manually.
WARNING:  Unsupported upgrade request.
WARNING:  No supported WebSocket library detected. Please use "pip install 'uvicorn[standard]'", or install 'websockets' or 'wsproto' manually.
WARNING:  Unsupported upgrade request.
WARNING:  No supported WebSocket library detected. Please use "pip install 'uvicorn[standard]'", or install 'websockets' or 'wsproto' manually.
2026-07-09 04:01:40,534 - asyncio - ERROR - Exception in callback _ProactorBasePipeTransport._call_connection_lost()
handle: <Handle _ProactorBasePipeTransport._call_connection_lost()>
Traceback (most recent call last):
  File "C:\Python314\Lib\asyncio\events.py", line 94, in _run
    self._context.run(self._callback, *self._args)
    ~~~~~~~~~~~~~~~~~^^^^^^^^^^^^^^^^^^^^^^^^^^^^^
  File "C:\Python314\Lib\asyncio\proactor_events.py", line 165, in _call_connection_lost
    self._sock.shutdown(socket.SHUT_RDWR)
    ~~~~~~~~~~~~~~~~~~~^^^^^^^^^^^^^^^^^^
ConnectionResetError: [WinError 10054] Eine vorhandene Verbindung wurde vom Remotehost geschlossen
WARNING:  Unsupported upgrade request.
WARNING:  No supported WebSocket library detected. Please use "pip install 'uvicorn[standard]'", or install 'websockets' or 'wsproto' manually.
WARNING:  Unsupported upgrade request.
WARNING:  No supported WebSocket library detected. Please use "pip install 'uvicorn[standard]'", or install 'websockets' or 'wsproto' manually.
WARNING:  Unsupported upgrade request.
WARNING:  No supported WebSocket library detected. Please use "pip install 'uvicorn[standard]'", or install 'websockets' or 'wsproto' manually.
WARNING:  Unsupported upgrade request.
WARNING:  No supported WebSocket library detected. Please use "pip install 'uvicorn[standard]'", or install 'websockets' or 'wsproto' manually.
WARNING:  Unsupported upgrade request.
WARNING:  No supported WebSocket library detected. Please use "pip install 'uvicorn[standard]'", or install 'websockets' or 'wsproto' manually.
2026-07-09 04:01:44,945 - asyncio - ERROR - Exception in callback _ProactorBasePipeTransport._call_connection_lost()
handle: <Handle _ProactorBasePipeTransport._call_connection_lost()>
Traceback (most recent call last):
  File "C:\Python314\Lib\asyncio\events.py", line 94, in _run
    self._context.run(self._callback, *self._args)
    ~~~~~~~~~~~~~~~~~^^^^^^^^^^^^^^^^^^^^^^^^^^^^^
  File "C:\Python314\Lib\asyncio\proactor_events.py", line 165, in _call_connection_lost
    self._sock.shutdown(socket.SHUT_RDWR)
    ~~~~~~~~~~~~~~~~~~~^^^^^^^^^^^^^^^^^^
ConnectionResetError: [WinError 10054] Eine vorhandene Verbindung wurde vom Remotehost geschlossen
WARNING:  Unsupported upgrade request.
WARNING:  No supported WebSocket library detected. Please use "pip install 'uvicorn[standard]'", or install 'websockets' or 'wsproto' manually.
2026-07-09 04:01:45,088 - asyncio - ERROR - Exception in callback _ProactorBasePipeTransport._call_connection_lost()
handle: <Handle _ProactorBasePipeTransport._call_connection_lost()>
Traceback (most recent call last):
  File "C:\Python314\Lib\asyncio\events.py", line 94, in _run
    self._context.run(self._callback, *self._args)
    ~~~~~~~~~~~~~~~~~^^^^^^^^^^^^^^^^^^^^^^^^^^^^^
  File "C:\Python314\Lib\asyncio\proactor_events.py", line 165, in _call_connection_lost
    self._sock.shutdown(socket.SHUT_RDWR)
    ~~~~~~~~~~~~~~~~~~~^^^^^^^^^^^^^^^^^^
ConnectionResetError: [WinError 10054] Eine vorhandene Verbindung wurde vom Remotehost geschlossen
WARNING:  Unsupported upgrade request.
WARNING:  No supported WebSocket library detected. Please use "pip install 'uvicorn[standard]'", or install 'websockets' or 'wsproto' manually.
2026-07-09 04:01:45,248 - asyncio - ERROR - Exception in callback _ProactorBasePipeTransport._call_connection_lost()
handle: <Handle _ProactorBasePipeTransport._call_connection_lost()>
Traceback (most recent call last):
  File "C:\Python314\Lib\asyncio\events.py", line 94, in _run
    self._context.run(self._callback, *self._args)
    ~~~~~~~~~~~~~~~~~^^^^^^^^^^^^^^^^^^^^^^^^^^^^^
  File "C:\Python314\Lib\asyncio\proactor_events.py", line 165, in _call_connection_lost
    self._sock.shutdown(socket.SHUT_RDWR)
    ~~~~~~~~~~~~~~~~~~~^^^^^^^^^^^^^^^^^^
ConnectionResetError: [WinError 10054] Eine vorhandene Verbindung wurde vom Remotehost geschlossen
WARNING:  Unsupported upgrade request.
WARNING:  No supported WebSocket library detected. Please use "pip install 'uvicorn[standard]'", or install 'websockets' or 'wsproto' manually.
WARNING:  Unsupported upgrade request.
WARNING:  No supported WebSocket library detected. Please use "pip install 'uvicorn[standard]'", or install 'websockets' or 'wsproto' manually.
2026-07-09 04:01:48,673 - asyncio - ERROR - Exception in callback _ProactorBasePipeTransport._call_connection_lost()
handle: <Handle _ProactorBasePipeTransport._call_connection_lost()>
Traceback (most recent call last):
  File "C:\Python314\Lib\asyncio\events.py", line 94, in _run
    self._context.run(self._callback, *self._args)
    ~~~~~~~~~~~~~~~~~^^^^^^^^^^^^^^^^^^^^^^^^^^^^^
  File "C:\Python314\Lib\asyncio\proactor_events.py", line 165, in _call_connection_lost
    self._sock.shutdown(socket.SHUT_RDWR)
    ~~~~~~~~~~~~~~~~~~~^^^^^^^^^^^^^^^^^^
ConnectionResetError: [WinError 10054] Eine vorhandene Verbindung wurde vom Remotehost geschlossen
WARNING:  Unsupported upgrade request.
WARNING:  No supported WebSocket library detected. Please use "pip install 'uvicorn[standard]'", or install 'websockets' or 'wsproto' manually.
WARNING:  Unsupported upgrade request.
WARNING:  No supported WebSocket library detected. Please use "pip install 'uvicorn[standard]'", or install 'websockets' or 'wsproto' manually.
WARNING:  Unsupported upgrade request.
WARNING:  No supported WebSocket library detected. Please use "pip install 'uvicorn[standard]'", or install 'websockets' or 'wsproto' manually.
WARNING:  Unsupported upgrade request.
WARNING:  No supported WebSocket library detected. Please use "pip install 'uvicorn[standard]'", or install 'websockets' or 'wsproto' manually.
2026-07-09 04:01:50,238 - asyncio - ERROR - Exception in callback _ProactorBasePipeTransport._call_connection_lost()
handle: <Handle _ProactorBasePipeTransport._call_connection_lost()>
Traceback (most recent call last):
  File "C:\Python314\Lib\asyncio\events.py", line 94, in _run
    self._context.run(self._callback, *self._args)
    ~~~~~~~~~~~~~~~~~^^^^^^^^^^^^^^^^^^^^^^^^^^^^^
  File "C:\Python314\Lib\asyncio\proactor_events.py", line 165, in _call_connection_lost
    self._sock.shutdown(socket.SHUT_RDWR)
    ~~~~~~~~~~~~~~~~~~~^^^^^^^^^^^^^^^^^^
ConnectionResetError: [WinError 10054] Eine vorhandene Verbindung wurde vom Remotehost geschlossen
WARNING:  Unsupported upgrade request.
WARNING:  No supported WebSocket library detected. Please use "pip install 'uvicorn[standard]'", or install 'websockets' or 'wsproto' manually.
WARNING:  Unsupported upgrade request.
WARNING:  No supported WebSocket library detected. Please use "pip install 'uvicorn[standard]'", or install 'websockets' or 'wsproto' manually.
WARNING:  Unsupported upgrade request.
WARNING:  No supported WebSocket library detected. Please use "pip install 'uvicorn[standard]'", or install 'websockets' or 'wsproto' manually.
WARNING:  Unsupported upgrade request.
WARNING:  No supported WebSocket library detected. Please use "pip install 'uvicorn[standard]'", or install 'websockets' or 'wsproto' manually.
WARNING:  Unsupported upgrade request.
WARNING:  No supported WebSocket library detected. Please use "pip install 'uvicorn[standard]'", or install 'websockets' or 'wsproto' manually.
WARNING:  Unsupported upgrade request.
WARNING:  No supported WebSocket library detected. Please use "pip install 'uvicorn[standard]'", or install 'websockets' or 'wsproto' manually.
2026-07-09 04:01:55,244 - asyncio - ERROR - Exception in callback _ProactorBasePipeTransport._call_connection_lost()
handle: <Handle _ProactorBasePipeTransport._call_connection_lost()>
Traceback (most recent call last):
  File "C:\Python314\Lib\asyncio\events.py", line 94, in _run
    self._context.run(self._callback, *self._args)
    ~~~~~~~~~~~~~~~~~^^^^^^^^^^^^^^^^^^^^^^^^^^^^^
  File "C:\Python314\Lib\asyncio\proactor_events.py", line 165, in _call_connection_lost
    self._sock.shutdown(socket.SHUT_RDWR)
    ~~~~~~~~~~~~~~~~~~~^^^^^^^^^^^^^^^^^^
ConnectionResetError: [WinError 10054] Eine vorhandene Verbindung wurde vom Remotehost geschlossen
WARNING:  Unsupported upgrade request.
WARNING:  No supported WebSocket library detected. Please use "pip install 'uvicorn[standard]'", or install 'websockets' or 'wsproto' manually.
WARNING:  Unsupported upgrade request.
WARNING:  No supported WebSocket library detected. Please use "pip install 'uvicorn[standard]'", or install 'websockets' or 'wsproto' manually.
WARNING:  Unsupported upgrade request.
WARNING:  No supported WebSocket library detected. Please use "pip install 'uvicorn[standard]'", or install 'websockets' or 'wsproto' manually.
2026-07-09 04:01:57,786 - asyncio - ERROR - Exception in callback _ProactorBasePipeTransport._call_connection_lost()
handle: <Handle _ProactorBasePipeTransport._call_connection_lost()>
Traceback (most recent call last):
  File "C:\Python314\Lib\asyncio\events.py", line 94, in _run
    self._context.run(self._callback, *self._args)
    ~~~~~~~~~~~~~~~~~^^^^^^^^^^^^^^^^^^^^^^^^^^^^^
  File "C:\Python314\Lib\asyncio\proactor_events.py", line 165, in _call_connection_lost
    self._sock.shutdown(socket.SHUT_RDWR)
    ~~~~~~~~~~~~~~~~~~~^^^^^^^^^^^^^^^^^^
ConnectionResetError: [WinError 10054] Eine vorhandene Verbindung wurde vom Remotehost geschlossen
WARNING:  Unsupported upgrade request.
WARNING:  No supported WebSocket library detected. Please use "pip install 'uvicorn[standard]'", or install 'websockets' or 'wsproto' manually.
WARNING:  Unsupported upgrade request.
WARNING:  No supported WebSocket library detected. Please use "pip install 'uvicorn[standard]'", or install 'websockets' or 'wsproto' manually.
2026-07-09 04:01:59,384 - asyncio - ERROR - Exception in callback _ProactorBasePipeTransport._call_connection_lost()
handle: <Handle _ProactorBasePipeTransport._call_connection_lost()>
Traceback (most recent call last):
  File "C:\Python314\Lib\asyncio\events.py", line 94, in _run
    self._context.run(self._callback, *self._args)
    ~~~~~~~~~~~~~~~~~^^^^^^^^^^^^^^^^^^^^^^^^^^^^^
  File "C:\Python314\Lib\asyncio\proactor_events.py", line 165, in _call_connection_lost
    self._sock.shutdown(socket.SHUT_RDWR)
    ~~~~~~~~~~~~~~~~~~~^^^^^^^^^^^^^^^^^^
ConnectionResetError: [WinError 10054] Eine vorhandene Verbindung wurde vom Remotehost geschlossen
WARNING:  Unsupported upgrade request.
WARNING:  No supported WebSocket library detected. Please use "pip install 'uvicorn[standard]'", or install 'websockets' or 'wsproto' manually.
2026-07-09 04:02:00,250 - asyncio - ERROR - Exception in callback _ProactorBasePipeTransport._call_connection_lost()
handle: <Handle _ProactorBasePipeTransport._call_connection_lost()>
Traceback (most recent call last):
  File "C:\Python314\Lib\asyncio\events.py", line 94, in _run
    self._context.run(self._callback, *self._args)
    ~~~~~~~~~~~~~~~~~^^^^^^^^^^^^^^^^^^^^^^^^^^^^^
  File "C:\Python314\Lib\asyncio\proactor_events.py", line 165, in _call_connection_lost
    self._sock.shutdown(socket.SHUT_RDWR)
    ~~~~~~~~~~~~~~~~~~~^^^^^^^^^^^^^^^^^^
ConnectionResetError: [WinError 10054] Eine vorhandene Verbindung wurde vom Remotehost geschlossen
WARNING:  Unsupported upgrade request.
WARNING:  No supported WebSocket library detected. Please use "pip install 'uvicorn[standard]'", or install 'websockets' or 'wsproto' manually.
WARNING:  Unsupported upgrade request.
WARNING:  No supported WebSocket library detected. Please use "pip install 'uvicorn[standard]'", or install 'websockets' or 'wsproto' manually.
WARNING:  Unsupported upgrade request.
WARNING:  No supported WebSocket library detected. Please use "pip install 'uvicorn[standard]'", or install 'websockets' or 'wsproto' manually.
WARNING:  Unsupported upgrade request.
WARNING:  No supported WebSocket library detected. Please use "pip install 'uvicorn[standard]'", or install 'websockets' or 'wsproto' manually.
2026-07-09 04:02:04,079 - asyncio - ERROR - Exception in callback _ProactorBasePipeTransport._call_connection_lost()
handle: <Handle _ProactorBasePipeTransport._call_connection_lost()>
Traceback (most recent call last):
  File "C:\Python314\Lib\asyncio\events.py", line 94, in _run
    self._context.run(self._callback, *self._args)
    ~~~~~~~~~~~~~~~~~^^^^^^^^^^^^^^^^^^^^^^^^^^^^^
  File "C:\Python314\Lib\asyncio\proactor_events.py", line 165, in _call_connection_lost
    self._sock.shutdown(socket.SHUT_RDWR)
    ~~~~~~~~~~~~~~~~~~~^^^^^^^^^^^^^^^^^^
ConnectionResetError: [WinError 10054] Eine vorhandene Verbindung wurde vom Remotehost geschlossen
WARNING:  Unsupported upgrade request.
WARNING:  No supported WebSocket library detected. Please use "pip install 'uvicorn[standard]'", or install 'websockets' or 'wsproto' manually.
WARNING:  Unsupported upgrade request.
WARNING:  No supported WebSocket library detected. Please use "pip install 'uvicorn[standard]'", or install 'websockets' or 'wsproto' manually.
WARNING:  Unsupported upgrade request.
WARNING:  No supported WebSocket library detected. Please use "pip install 'uvicorn[standard]'", or install 'websockets' or 'wsproto' manually.
2026-07-09 04:02:05,243 - asyncio - ERROR - Exception in callback _ProactorBasePipeTransport._call_connection_lost()
handle: <Handle _ProactorBasePipeTransport._call_connection_lost()>
Traceback (most recent call last):
  File "C:\Python314\Lib\asyncio\events.py", line 94, in _run
    self._context.run(self._callback, *self._args)
    ~~~~~~~~~~~~~~~~~^^^^^^^^^^^^^^^^^^^^^^^^^^^^^
  File "C:\Python314\Lib\asyncio\proactor_events.py", line 165, in _call_connection_lost
    self._sock.shutdown(socket.SHUT_RDWR)
    ~~~~~~~~~~~~~~~~~~~^^^^^^^^^^^^^^^^^^
ConnectionResetError: [WinError 10054] Eine vorhandene Verbindung wurde vom Remotehost geschlossen
WARNING:  Unsupported upgrade request.
WARNING:  No supported WebSocket library detected. Please use "pip install 'uvicorn[standard]'", or install 'websockets' or 'wsproto' manually.
WARNING:  Unsupported upgrade request.
WARNING:  No supported WebSocket library detected. Please use "pip install 'uvicorn[standard]'", or install 'websockets' or 'wsproto' manually.
2026-07-09 04:02:07,004 - asyncio - ERROR - Exception in callback _ProactorBasePipeTransport._call_connection_lost()
handle: <Handle _ProactorBasePipeTransport._call_connection_lost()>
Traceback (most recent call last):
  File "C:\Python314\Lib\asyncio\events.py", line 94, in _run
    self._context.run(self._callback, *self._args)
    ~~~~~~~~~~~~~~~~~^^^^^^^^^^^^^^^^^^^^^^^^^^^^^
  File "C:\Python314\Lib\asyncio\proactor_events.py", line 165, in _call_connection_lost
    self._sock.shutdown(socket.SHUT_RDWR)
    ~~~~~~~~~~~~~~~~~~~^^^^^^^^^^^^^^^^^^
ConnectionResetError: [WinError 10054] Eine vorhandene Verbindung wurde vom Remotehost geschlossen
WARNING:  Unsupported upgrade request.
WARNING:  No supported WebSocket library detected. Please use "pip install 'uvicorn[standard]'", or install 'websockets' or 'wsproto' manually.
WARNING:  Unsupported upgrade request.
WARNING:  No supported WebSocket library detected. Please use "pip install 'uvicorn[standard]'", or install 'websockets' or 'wsproto' manually.
WARNING:  Unsupported upgrade request.
WARNING:  No supported WebSocket library detected. Please use "pip install 'uvicorn[standard]'", or install 'websockets' or 'wsproto' manually.
WARNING:  Unsupported upgrade request.
WARNING:  No supported WebSocket library detected. Please use "pip install 'uvicorn[standard]'", or install 'websockets' or 'wsproto' manually.
WARNING:  Unsupported upgrade request.
WARNING:  No supported WebSocket library detected. Please use "pip install 'uvicorn[standard]'", or install 'websockets' or 'wsproto' manually.
WARNING:  Unsupported upgrade request.
WARNING:  No supported WebSocket library detected. Please use "pip install 'uvicorn[standard]'", or install 'websockets' or 'wsproto' manually.
WARNING:  Unsupported upgrade request.
WARNING:  No supported WebSocket library detected. Please use "pip install 'uvicorn[standard]'", or install 'websockets' or 'wsproto' manually.
2026-07-09 04:02:12,451 - asyncio - ERROR - Exception in callback _ProactorBasePipeTransport._call_connection_lost()
handle: <Handle _ProactorBasePipeTransport._call_connection_lost()>
Traceback (most recent call last):
  File "C:\Python314\Lib\asyncio\events.py", line 94, in _run
    self._context.run(self._callback, *self._args)
    ~~~~~~~~~~~~~~~~~^^^^^^^^^^^^^^^^^^^^^^^^^^^^^
  File "C:\Python314\Lib\asyncio\proactor_events.py", line 165, in _call_connection_lost
    self._sock.shutdown(socket.SHUT_RDWR)
    ~~~~~~~~~~~~~~~~~~~^^^^^^^^^^^^^^^^^^
ConnectionResetError: [WinError 10054] Eine vorhandene Verbindung wurde vom Remotehost geschlossen
WARNING:  Unsupported upgrade request.
WARNING:  No supported WebSocket library detected. Please use "pip install 'uvicorn[standard]'", or install 'websockets' or 'wsproto' manually.
WARNING:  Unsupported upgrade request.
WARNING:  No supported WebSocket library detected. Please use "pip install 'uvicorn[standard]'", or install 'websockets' or 'wsproto' manually.
WARNING:  Unsupported upgrade request.
WARNING:  No supported WebSocket library detected. Please use "pip install 'uvicorn[standard]'", or install 'websockets' or 'wsproto' manually.
WARNING:  Unsupported upgrade request.
WARNING:  No supported WebSocket library detected. Please use "pip install 'uvicorn[standard]'", or install 'websockets' or 'wsproto' manually.
2026-07-09 04:02:16,256 - asyncio - ERROR - Exception in callback _ProactorBasePipeTransport._call_connection_lost()
handle: <Handle _ProactorBasePipeTransport._call_connection_lost()>
Traceback (most recent call last):
  File "C:\Python314\Lib\asyncio\events.py", line 94, in _run
    self._context.run(self._callback, *self._args)
    ~~~~~~~~~~~~~~~~~^^^^^^^^^^^^^^^^^^^^^^^^^^^^^
  File "C:\Python314\Lib\asyncio\proactor_events.py", line 165, in _call_connection_lost
    self._sock.shutdown(socket.SHUT_RDWR)
    ~~~~~~~~~~~~~~~~~~~^^^^^^^^^^^^^^^^^^
ConnectionResetError: [WinError 10054] Eine vorhandene Verbindung wurde vom Remotehost geschlossen
WARNING:  Unsupported upgrade request.
WARNING:  No supported WebSocket library detected. Please use "pip install 'uvicorn[standard]'", or install 'websockets' or 'wsproto' manually.
2026-07-09 04:02:18,585 - asyncio - ERROR - Exception in callback _ProactorBasePipeTransport._call_connection_lost()
handle: <Handle _ProactorBasePipeTransport._call_connection_lost()>
Traceback (most recent call last):
  File "C:\Python314\Lib\asyncio\events.py", line 94, in _run
    self._context.run(self._callback, *self._args)
    ~~~~~~~~~~~~~~~~~^^^^^^^^^^^^^^^^^^^^^^^^^^^^^
  File "C:\Python314\Lib\asyncio\proactor_events.py", line 165, in _call_connection_lost
    self._sock.shutdown(socket.SHUT_RDWR)
    ~~~~~~~~~~~~~~~~~~~^^^^^^^^^^^^^^^^^^
ConnectionResetError: [WinError 10054] Eine vorhandene Verbindung wurde vom Remotehost geschlossen
WARNING:  Unsupported upgrade request.
WARNING:  No supported WebSocket library detected. Please use "pip install 'uvicorn[standard]'", or install 'websockets' or 'wsproto' manually.
WARNING:  Unsupported upgrade request.
WARNING:  No supported WebSocket library detected. Please use "pip install 'uvicorn[standard]'", or install 'websockets' or 'wsproto' manually.
2026-07-09 04:02:19,120 - asyncio - ERROR - Exception in callback _ProactorBasePipeTransport._call_connection_lost()
handle: <Handle _ProactorBasePipeTransport._call_connection_lost()>
Traceback (most recent call last):
  File "C:\Python314\Lib\asyncio\events.py", line 94, in _run
    self._context.run(self._callback, *self._args)
    ~~~~~~~~~~~~~~~~~^^^^^^^^^^^^^^^^^^^^^^^^^^^^^
  File "C:\Python314\Lib\asyncio\proactor_events.py", line 165, in _call_connection_lost
    self._sock.shutdown(socket.SHUT_RDWR)
    ~~~~~~~~~~~~~~~~~~~^^^^^^^^^^^^^^^^^^
ConnectionResetError: [WinError 10054] Eine vorhandene Verbindung wurde vom Remotehost geschlossen
WARNING:  Unsupported upgrade request.
WARNING:  No supported WebSocket library detected. Please use "pip install 'uvicorn[standard]'", or install 'websockets' or 'wsproto' manually.
2026-07-09 04:02:19,247 - asyncio - ERROR - Exception in callback _ProactorBasePipeTransport._call_connection_lost()
handle: <Handle _ProactorBasePipeTransport._call_connection_lost()>
Traceback (most recent call last):
  File "C:\Python314\Lib\asyncio\events.py", line 94, in _run
    self._context.run(self._callback, *self._args)
    ~~~~~~~~~~~~~~~~~^^^^^^^^^^^^^^^^^^^^^^^^^^^^^
  File "C:\Python314\Lib\asyncio\proactor_events.py", line 165, in _call_connection_lost
    self._sock.shutdown(socket.SHUT_RDWR)
    ~~~~~~~~~~~~~~~~~~~^^^^^^^^^^^^^^^^^^
ConnectionResetError: [WinError 10054] Eine vorhandene Verbindung wurde vom Remotehost geschlossen
WARNING:  Unsupported upgrade request.
WARNING:  No supported WebSocket library detected. Please use "pip install 'uvicorn[standard]'", or install 'websockets' or 'wsproto' manually.
2026-07-09 04:02:20,165 - asyncio - ERROR - Exception in callback _ProactorBasePipeTransport._call_connection_lost()
handle: <Handle _ProactorBasePipeTransport._call_connection_lost()>
Traceback (most recent call last):
  File "C:\Python314\Lib\asyncio\events.py", line 94, in _run
    self._context.run(self._callback, *self._args)
    ~~~~~~~~~~~~~~~~~^^^^^^^^^^^^^^^^^^^^^^^^^^^^^
  File "C:\Python314\Lib\asyncio\proactor_events.py", line 165, in _call_connection_lost
    self._sock.shutdown(socket.SHUT_RDWR)
    ~~~~~~~~~~~~~~~~~~~^^^^^^^^^^^^^^^^^^
ConnectionResetError: [WinError 10054] Eine vorhandene Verbindung wurde vom Remotehost geschlossen
WARNING:  Unsupported upgrade request.
WARNING:  No supported WebSocket library detected. Please use "pip install 'uvicorn[standard]'", or install 'websockets' or 'wsproto' manually.
2026-07-09 04:02:20,257 - asyncio - ERROR - Exception in callback _ProactorBasePipeTransport._call_connection_lost()
handle: <Handle _ProactorBasePipeTransport._call_connection_lost()>
Traceback (most recent call last):
  File "C:\Python314\Lib\asyncio\events.py", line 94, in _run
    self._context.run(self._callback, *self._args)
    ~~~~~~~~~~~~~~~~~^^^^^^^^^^^^^^^^^^^^^^^^^^^^^
  File "C:\Python314\Lib\asyncio\proactor_events.py", line 165, in _call_connection_lost
    self._sock.shutdown(socket.SHUT_RDWR)
    ~~~~~~~~~~~~~~~~~~~^^^^^^^^^^^^^^^^^^
ConnectionResetError: [WinError 10054] Eine vorhandene Verbindung wurde vom Remotehost geschlossen
WARNING:  Unsupported upgrade request.
WARNING:  No supported WebSocket library detected. Please use "pip install 'uvicorn[standard]'", or install 'websockets' or 'wsproto' manually.
2026-07-09 04:02:21,252 - asyncio - ERROR - Exception in callback _ProactorBasePipeTransport._call_connection_lost()
handle: <Handle _ProactorBasePipeTransport._call_connection_lost()>
Traceback (most recent call last):
  File "C:\Python314\Lib\asyncio\events.py", line 94, in _run
    self._context.run(self._callback, *self._args)
    ~~~~~~~~~~~~~~~~~^^^^^^^^^^^^^^^^^^^^^^^^^^^^^
  File "C:\Python314\Lib\asyncio\proactor_events.py", line 165, in _call_connection_lost
    self._sock.shutdown(socket.SHUT_RDWR)
    ~~~~~~~~~~~~~~~~~~~^^^^^^^^^^^^^^^^^^
ConnectionResetError: [WinError 10054] Eine vorhandene Verbindung wurde vom Remotehost geschlossen
WARNING:  Unsupported upgrade request.
WARNING:  No supported WebSocket library detected. Please use "pip install 'uvicorn[standard]'", or install 'websockets' or 'wsproto' manually.
2026-07-09 04:02:24,123 - asyncio - ERROR - Exception in callback _ProactorBasePipeTransport._call_connection_lost()
handle: <Handle _ProactorBasePipeTransport._call_connection_lost()>
Traceback (most recent call last):
  File "C:\Python314\Lib\asyncio\events.py", line 94, in _run
    self._context.run(self._callback, *self._args)
    ~~~~~~~~~~~~~~~~~^^^^^^^^^^^^^^^^^^^^^^^^^^^^^
  File "C:\Python314\Lib\asyncio\proactor_events.py", line 165, in _call_connection_lost
    self._sock.shutdown(socket.SHUT_RDWR)
    ~~~~~~~~~~~~~~~~~~~^^^^^^^^^^^^^^^^^^
ConnectionResetError: [WinError 10054] Eine vorhandene Verbindung wurde vom Remotehost geschlossen
WARNING:  Unsupported upgrade request.
WARNING:  No supported WebSocket library detected. Please use "pip install 'uvicorn[standard]'", or install 'websockets' or 'wsproto' manually.
WARNING:  Unsupported upgrade request.
WARNING:  No supported WebSocket library detected. Please use "pip install 'uvicorn[standard]'", or install 'websockets' or 'wsproto' manually.
2026-07-09 04:02:25,249 - asyncio - ERROR - Exception in callback _ProactorBasePipeTransport._call_connection_lost()
handle: <Handle _ProactorBasePipeTransport._call_connection_lost()>
Traceback (most recent call last):
  File "C:\Python314\Lib\asyncio\events.py", line 94, in _run
    self._context.run(self._callback, *self._args)
    ~~~~~~~~~~~~~~~~~^^^^^^^^^^^^^^^^^^^^^^^^^^^^^
  File "C:\Python314\Lib\asyncio\proactor_events.py", line 165, in _call_connection_lost
    self._sock.shutdown(socket.SHUT_RDWR)
    ~~~~~~~~~~~~~~~~~~~^^^^^^^^^^^^^^^^^^
ConnectionResetError: [WinError 10054] Eine vorhandene Verbindung wurde vom Remotehost geschlossen
WARNING:  Unsupported upgrade request.
WARNING:  No supported WebSocket library detected. Please use "pip install 'uvicorn[standard]'", or install 'websockets' or 'wsproto' manually.
2026-07-09 04:02:25,564 - asyncio - ERROR - Exception in callback _ProactorBasePipeTransport._call_connection_lost()
handle: <Handle _ProactorBasePipeTransport._call_connection_lost()>
Traceback (most recent call last):
  File "C:\Python314\Lib\asyncio\events.py", line 94, in _run
    self._context.run(self._callback, *self._args)
    ~~~~~~~~~~~~~~~~~^^^^^^^^^^^^^^^^^^^^^^^^^^^^^
  File "C:\Python314\Lib\asyncio\proactor_events.py", line 165, in _call_connection_lost
    self._sock.shutdown(socket.SHUT_RDWR)
    ~~~~~~~~~~~~~~~~~~~^^^^^^^^^^^^^^^^^^
ConnectionResetError: [WinError 10054] Eine vorhandene Verbindung wurde vom Remotehost geschlossen
WARNING:  Unsupported upgrade request.
WARNING:  No supported WebSocket library detected. Please use "pip install 'uvicorn[standard]'", or install 'websockets' or 'wsproto' manually.
2026-07-09 04:02:26,276 - asyncio - ERROR - Exception in callback _ProactorBasePipeTransport._call_connection_lost()
handle: <Handle _ProactorBasePipeTransport._call_connection_lost()>
Traceback (most recent call last):
  File "C:\Python314\Lib\asyncio\events.py", line 94, in _run
    self._context.run(self._callback, *self._args)
    ~~~~~~~~~~~~~~~~~^^^^^^^^^^^^^^^^^^^^^^^^^^^^^
  File "C:\Python314\Lib\asyncio\proactor_events.py", line 165, in _call_connection_lost
    self._sock.shutdown(socket.SHUT_RDWR)
    ~~~~~~~~~~~~~~~~~~~^^^^^^^^^^^^^^^^^^
ConnectionResetError: [WinError 10054] Eine vorhandene Verbindung wurde vom Remotehost geschlossen
WARNING:  Unsupported upgrade request.
WARNING:  No supported WebSocket library detected. Please use "pip install 'uvicorn[standard]'", or install 'websockets' or 'wsproto' manually.
2026-07-09 04:02:26,324 - asyncio - ERROR - Exception in callback _ProactorBasePipeTransport._call_connection_lost()
handle: <Handle _ProactorBasePipeTransport._call_connection_lost()>
Traceback (most recent call last):
  File "C:\Python314\Lib\asyncio\events.py", line 94, in _run
    self._context.run(self._callback, *self._args)
    ~~~~~~~~~~~~~~~~~^^^^^^^^^^^^^^^^^^^^^^^^^^^^^
  File "C:\Python314\Lib\asyncio\proactor_events.py", line 165, in _call_connection_lost
    self._sock.shutdown(socket.SHUT_RDWR)
    ~~~~~~~~~~~~~~~~~~~^^^^^^^^^^^^^^^^^^
ConnectionResetError: [WinError 10054] Eine vorhandene Verbindung wurde vom Remotehost geschlossen
WARNING:  Unsupported upgrade request.
WARNING:  No supported WebSocket library detected. Please use "pip install 'uvicorn[standard]'", or install 'websockets' or 'wsproto' manually.
WARNING:  Unsupported upgrade request.
WARNING:  No supported WebSocket library detected. Please use "pip install 'uvicorn[standard]'", or install 'websockets' or 'wsproto' manually.
WARNING:  Unsupported upgrade request.
WARNING:  No supported WebSocket library detected. Please use "pip install 'uvicorn[standard]'", or install 'websockets' or 'wsproto' manually.
WARNING:  Unsupported upgrade request.
WARNING:  No supported WebSocket library detected. Please use "pip install 'uvicorn[standard]'", or install 'websockets' or 'wsproto' manually.
WARNING:  Unsupported upgrade request.
WARNING:  No supported WebSocket library detected. Please use "pip install 'uvicorn[standard]'", or install 'websockets' or 'wsproto' manually.
WARNING:  Unsupported upgrade request.
WARNING:  No supported WebSocket library detected. Please use "pip install 'uvicorn[standard]'", or install 'websockets' or 'wsproto' manually.
WARNING:  Unsupported upgrade request.
WARNING:  No supported WebSocket library detected. Please use "pip install 'uvicorn[standard]'", or install 'websockets' or 'wsproto' manually.
WARNING:  Unsupported upgrade request.
WARNING:  No supported WebSocket library detected. Please use "pip install 'uvicorn[standard]'", or install 'websockets' or 'wsproto' manually.
WARNING:  Unsupported upgrade request.
WARNING:  No supported WebSocket library detected. Please use "pip install 'uvicorn[standard]'", or install 'websockets' or 'wsproto' manually.
WARNING:  Unsupported upgrade request.
WARNING:  No supported WebSocket library detected. Please use "pip install 'uvicorn[standard]'", or install 'websockets' or 'wsproto' manually.
WARNING:  Unsupported upgrade request.
WARNING:  No supported WebSocket library detected. Please use "pip install 'uvicorn[standard]'", or install 'websockets' or 'wsproto' manually.
WARNING:  Unsupported upgrade request.
WARNING:  No supported WebSocket library detected. Please use "pip install 'uvicorn[standard]'", or install 'websockets' or 'wsproto' manually.
2026-07-09 04:02:36,405 - asyncio - ERROR - Exception in callback _ProactorBasePipeTransport._call_connection_lost()
handle: <Handle _ProactorBasePipeTransport._call_connection_lost()>
Traceback (most recent call last):
  File "C:\Python314\Lib\asyncio\events.py", line 94, in _run
    self._context.run(self._callback, *self._args)
    ~~~~~~~~~~~~~~~~~^^^^^^^^^^^^^^^^^^^^^^^^^^^^^
  File "C:\Python314\Lib\asyncio\proactor_events.py", line 165, in _call_connection_lost
    self._sock.shutdown(socket.SHUT_RDWR)
    ~~~~~~~~~~~~~~~~~~~^^^^^^^^^^^^^^^^^^
ConnectionResetError: [WinError 10054] Eine vorhandene Verbindung wurde vom Remotehost geschlossen
WARNING:  Unsupported upgrade request.
WARNING:  No supported WebSocket library detected. Please use "pip install 'uvicorn[standard]'", or install 'websockets' or 'wsproto' manually.
2026-07-09 04:02:39,307 - asyncio - ERROR - Exception in callback _ProactorBasePipeTransport._call_connection_lost()
handle: <Handle _ProactorBasePipeTransport._call_connection_lost()>
Traceback (most recent call last):
  File "C:\Python314\Lib\asyncio\events.py", line 94, in _run
    self._context.run(self._callback, *self._args)
    ~~~~~~~~~~~~~~~~~^^^^^^^^^^^^^^^^^^^^^^^^^^^^^
  File "C:\Python314\Lib\asyncio\proactor_events.py", line 165, in _call_connection_lost
    self._sock.shutdown(socket.SHUT_RDWR)
    ~~~~~~~~~~~~~~~~~~~^^^^^^^^^^^^^^^^^^
ConnectionResetError: [WinError 10054] Eine vorhandene Verbindung wurde vom Remotehost geschlossen
WARNING:  Unsupported upgrade request.
WARNING:  No supported WebSocket library detected. Please use "pip install 'uvicorn[standard]'", or install 'websockets' or 'wsproto' manually.
WARNING:  Unsupported upgrade request.
WARNING:  No supported WebSocket library detected. Please use "pip install 'uvicorn[standard]'", or install 'websockets' or 'wsproto' manually.
WARNING:  Unsupported upgrade request.
WARNING:  No supported WebSocket library detected. Please use "pip install 'uvicorn[standard]'", or install 'websockets' or 'wsproto' manually.
2026-07-09 04:02:41,709 - asyncio - ERROR - Exception in callback _ProactorBasePipeTransport._call_connection_lost()
handle: <Handle _ProactorBasePipeTransport._call_connection_lost()>
Traceback (most recent call last):
  File "C:\Python314\Lib\asyncio\events.py", line 94, in _run
    self._context.run(self._callback, *self._args)
    ~~~~~~~~~~~~~~~~~^^^^^^^^^^^^^^^^^^^^^^^^^^^^^
  File "C:\Python314\Lib\asyncio\proactor_events.py", line 165, in _call_connection_lost
    self._sock.shutdown(socket.SHUT_RDWR)
    ~~~~~~~~~~~~~~~~~~~^^^^^^^^^^^^^^^^^^
ConnectionResetError: [WinError 10054] Eine vorhandene Verbindung wurde vom Remotehost geschlossen
WARNING:  Unsupported upgrade request.
WARNING:  No supported WebSocket library detected. Please use "pip install 'uvicorn[standard]'", or install 'websockets' or 'wsproto' manually.
2026-07-09 04:02:43,811 - asyncio - ERROR - Exception in callback _ProactorBasePipeTransport._call_connection_lost()
handle: <Handle _ProactorBasePipeTransport._call_connection_lost()>
Traceback (most recent call last):
  File "C:\Python314\Lib\asyncio\events.py", line 94, in _run
    self._context.run(self._callback, *self._args)
    ~~~~~~~~~~~~~~~~~^^^^^^^^^^^^^^^^^^^^^^^^^^^^^
  File "C:\Python314\Lib\asyncio\proactor_events.py", line 165, in _call_connection_lost
    self._sock.shutdown(socket.SHUT_RDWR)
    ~~~~~~~~~~~~~~~~~~~^^^^^^^^^^^^^^^^^^
ConnectionResetError: [WinError 10054] Eine vorhandene Verbindung wurde vom Remotehost geschlossen
WARNING:  Unsupported upgrade request.
WARNING:  No supported WebSocket library detected. Please use "pip install 'uvicorn[standard]'", or install 'websockets' or 'wsproto' manually.
WARNING:  Unsupported upgrade request.
WARNING:  No supported WebSocket library detected. Please use "pip install 'uvicorn[standard]'", or install 'websockets' or 'wsproto' manually.
2026-07-09 04:02:44,314 - asyncio - ERROR - Exception in callback _ProactorBasePipeTransport._call_connection_lost()
handle: <Handle _ProactorBasePipeTransport._call_connection_lost()>
Traceback (most recent call last):
  File "C:\Python314\Lib\asyncio\events.py", line 94, in _run
    self._context.run(self._callback, *self._args)
    ~~~~~~~~~~~~~~~~~^^^^^^^^^^^^^^^^^^^^^^^^^^^^^
  File "C:\Python314\Lib\asyncio\proactor_events.py", line 165, in _call_connection_lost
    self._sock.shutdown(socket.SHUT_RDWR)
    ~~~~~~~~~~~~~~~~~~~^^^^^^^^^^^^^^^^^^
ConnectionResetError: [WinError 10054] Eine vorhandene Verbindung wurde vom Remotehost geschlossen
WARNING:  Unsupported upgrade request.
WARNING:  No supported WebSocket library detected. Please use "pip install 'uvicorn[standard]'", or install 'websockets' or 'wsproto' manually.
2026-07-09 04:02:44,377 - asyncio - ERROR - Exception in callback _ProactorBasePipeTransport._call_connection_lost()
handle: <Handle _ProactorBasePipeTransport._call_connection_lost()>
Traceback (most recent call last):
  File "C:\Python314\Lib\asyncio\events.py", line 94, in _run
    self._context.run(self._callback, *self._args)
    ~~~~~~~~~~~~~~~~~^^^^^^^^^^^^^^^^^^^^^^^^^^^^^
  File "C:\Python314\Lib\asyncio\proactor_events.py", line 165, in _call_connection_lost
    self._sock.shutdown(socket.SHUT_RDWR)
    ~~~~~~~~~~~~~~~~~~~^^^^^^^^^^^^^^^^^^
ConnectionResetError: [WinError 10054] Eine vorhandene Verbindung wurde vom Remotehost geschlossen
WARNING:  Unsupported upgrade request.
WARNING:  No supported WebSocket library detected. Please use "pip install 'uvicorn[standard]'", or install 'websockets' or 'wsproto' manually.
WARNING:  Unsupported upgrade request.
WARNING:  No supported WebSocket library detected. Please use "pip install 'uvicorn[standard]'", or install 'websockets' or 'wsproto' manually.
WARNING:  Unsupported upgrade request.
WARNING:  No supported WebSocket library detected. Please use "pip install 'uvicorn[standard]'", or install 'websockets' or 'wsproto' manually.
WARNING:  Unsupported upgrade request.
WARNING:  No supported WebSocket library detected. Please use "pip install 'uvicorn[standard]'", or install 'websockets' or 'wsproto' manually.
WARNING:  Unsupported upgrade request.
WARNING:  No supported WebSocket library detected. Please use "pip install 'uvicorn[standard]'", or install 'websockets' or 'wsproto' manually.
WARNING:  Unsupported upgrade request.
WARNING:  No supported WebSocket library detected. Please use "pip install 'uvicorn[standard]'", or install 'websockets' or 'wsproto' manually.
2026-07-09 04:02:50,832 - asyncio - ERROR - Exception in callback _ProactorBasePipeTransport._call_connection_lost()
handle: <Handle _ProactorBasePipeTransport._call_connection_lost()>
Traceback (most recent call last):
  File "C:\Python314\Lib\asyncio\events.py", line 94, in _run
    self._context.run(self._callback, *self._args)
    ~~~~~~~~~~~~~~~~~^^^^^^^^^^^^^^^^^^^^^^^^^^^^^
  File "C:\Python314\Lib\asyncio\proactor_events.py", line 165, in _call_connection_lost
    self._sock.shutdown(socket.SHUT_RDWR)
    ~~~~~~~~~~~~~~~~~~~^^^^^^^^^^^^^^^^^^
ConnectionResetError: [WinError 10054] Eine vorhandene Verbindung wurde vom Remotehost geschlossen
WARNING:  Unsupported upgrade request.
WARNING:  No supported WebSocket library detected. Please use "pip install 'uvicorn[standard]'", or install 'websockets' or 'wsproto' manually.
WARNING:  Unsupported upgrade request.
WARNING:  No supported WebSocket library detected. Please use "pip install 'uvicorn[standard]'", or install 'websockets' or 'wsproto' manually.
2026-07-09 04:02:52,545 - asyncio - ERROR - Exception in callback _ProactorBasePipeTransport._call_connection_lost()
handle: <Handle _ProactorBasePipeTransport._call_connection_lost()>
Traceback (most recent call last):
  File "C:\Python314\Lib\asyncio\events.py", line 94, in _run
    self._context.run(self._callback, *self._args)
    ~~~~~~~~~~~~~~~~~^^^^^^^^^^^^^^^^^^^^^^^^^^^^^
  File "C:\Python314\Lib\asyncio\proactor_events.py", line 165, in _call_connection_lost
    self._sock.shutdown(socket.SHUT_RDWR)
    ~~~~~~~~~~~~~~~~~~~^^^^^^^^^^^^^^^^^^
ConnectionResetError: [WinError 10054] Eine vorhandene Verbindung wurde vom Remotehost geschlossen
WARNING:  Unsupported upgrade request.
WARNING:  No supported WebSocket library detected. Please use "pip install 'uvicorn[standard]'", or install 'websockets' or 'wsproto' manually.
WARNING:  Unsupported upgrade request.
WARNING:  No supported WebSocket library detected. Please use "pip install 'uvicorn[standard]'", or install 'websockets' or 'wsproto' manually.
WARNING:  Unsupported upgrade request.
WARNING:  No supported WebSocket library detected. Please use "pip install 'uvicorn[standard]'", or install 'websockets' or 'wsproto' manually.
2026-07-09 04:02:55,690 - asyncio - ERROR - Exception in callback _ProactorBasePipeTransport._call_connection_lost()
handle: <Handle _ProactorBasePipeTransport._call_connection_lost()>
Traceback (most recent call last):
  File "C:\Python314\Lib\asyncio\events.py", line 94, in _run
    self._context.run(self._callback, *self._args)
    ~~~~~~~~~~~~~~~~~^^^^^^^^^^^^^^^^^^^^^^^^^^^^^
  File "C:\Python314\Lib\asyncio\proactor_events.py", line 165, in _call_connection_lost
    self._sock.shutdown(socket.SHUT_RDWR)
    ~~~~~~~~~~~~~~~~~~~^^^^^^^^^^^^^^^^^^
ConnectionResetError: [WinError 10054] Eine vorhandene Verbindung wurde vom Remotehost geschlossen
WARNING:  Unsupported upgrade request.
WARNING:  No supported WebSocket library detected. Please use "pip install 'uvicorn[standard]'", or install 'websockets' or 'wsproto' manually.
2026-07-09 04:02:56,817 - asyncio - ERROR - Exception in callback _ProactorBasePipeTransport._call_connection_lost()
handle: <Handle _ProactorBasePipeTransport._call_connection_lost()>
Traceback (most recent call last):
  File "C:\Python314\Lib\asyncio\events.py", line 94, in _run
    self._context.run(self._callback, *self._args)
    ~~~~~~~~~~~~~~~~~^^^^^^^^^^^^^^^^^^^^^^^^^^^^^
  File "C:\Python314\Lib\asyncio\proactor_events.py", line 165, in _call_connection_lost
    self._sock.shutdown(socket.SHUT_RDWR)
    ~~~~~~~~~~~~~~~~~~~^^^^^^^^^^^^^^^^^^
ConnectionResetError: [WinError 10054] Eine vorhandene Verbindung wurde vom Remotehost geschlossen
WARNING:  Unsupported upgrade request.
WARNING:  No supported WebSocket library detected. Please use "pip install 'uvicorn[standard]'", or install 'websockets' or 'wsproto' manually.
2026-07-09 04:02:57,938 - asyncio - ERROR - Exception in callback _ProactorBasePipeTransport._call_connection_lost()
handle: <Handle _ProactorBasePipeTransport._call_connection_lost()>
Traceback (most recent call last):
  File "C:\Python314\Lib\asyncio\events.py", line 94, in _run
    self._context.run(self._callback, *self._args)
    ~~~~~~~~~~~~~~~~~^^^^^^^^^^^^^^^^^^^^^^^^^^^^^
  File "C:\Python314\Lib\asyncio\proactor_events.py", line 165, in _call_connection_lost
    self._sock.shutdown(socket.SHUT_RDWR)
    ~~~~~~~~~~~~~~~~~~~^^^^^^^^^^^^^^^^^^
ConnectionResetError: [WinError 10054] Eine vorhandene Verbindung wurde vom Remotehost geschlossen
WARNING:  Unsupported upgrade request.
WARNING:  No supported WebSocket library detected. Please use "pip install 'uvicorn[standard]'", or install 'websockets' or 'wsproto' manually.
WARNING:  Unsupported upgrade request.
WARNING:  No supported WebSocket library detected. Please use "pip install 'uvicorn[standard]'", or install 'websockets' or 'wsproto' manually.
2026-07-09 04:02:59,223 - asyncio - ERROR - Exception in callback _ProactorBasePipeTransport._call_connection_lost()
handle: <Handle _ProactorBasePipeTransport._call_connection_lost()>
Traceback (most recent call last):
  File "C:\Python314\Lib\asyncio\events.py", line 94, in _run
    self._context.run(self._callback, *self._args)
    ~~~~~~~~~~~~~~~~~^^^^^^^^^^^^^^^^^^^^^^^^^^^^^
  File "C:\Python314\Lib\asyncio\proactor_events.py", line 165, in _call_connection_lost
    self._sock.shutdown(socket.SHUT_RDWR)
    ~~~~~~~~~~~~~~~~~~~^^^^^^^^^^^^^^^^^^
ConnectionResetError: [WinError 10054] Eine vorhandene Verbindung wurde vom Remotehost geschlossen
WARNING:  Unsupported upgrade request.
WARNING:  No supported WebSocket library detected. Please use "pip install 'uvicorn[standard]'", or install 'websockets' or 'wsproto' manually.
2026-07-09 04:03:00,284 - asyncio - ERROR - Exception in callback _ProactorBasePipeTransport._call_connection_lost()
handle: <Handle _ProactorBasePipeTransport._call_connection_lost()>
Traceback (most recent call last):
  File "C:\Python314\Lib\asyncio\events.py", line 94, in _run
    self._context.run(self._callback, *self._args)
    ~~~~~~~~~~~~~~~~~^^^^^^^^^^^^^^^^^^^^^^^^^^^^^
  File "C:\Python314\Lib\asyncio\proactor_events.py", line 165, in _call_connection_lost
    self._sock.shutdown(socket.SHUT_RDWR)
    ~~~~~~~~~~~~~~~~~~~^^^^^^^^^^^^^^^^^^
ConnectionResetError: [WinError 10054] Eine vorhandene Verbindung wurde vom Remotehost geschlossen
WARNING:  Unsupported upgrade request.
WARNING:  No supported WebSocket library detected. Please use "pip install 'uvicorn[standard]'", or install 'websockets' or 'wsproto' manually.
2026-07-09 04:03:00,995 - asyncio - ERROR - Exception in callback _ProactorBasePipeTransport._call_connection_lost()
handle: <Handle _ProactorBasePipeTransport._call_connection_lost()>
Traceback (most recent call last):
  File "C:\Python314\Lib\asyncio\events.py", line 94, in _run
    self._context.run(self._callback, *self._args)
    ~~~~~~~~~~~~~~~~~^^^^^^^^^^^^^^^^^^^^^^^^^^^^^
  File "C:\Python314\Lib\asyncio\proactor_events.py", line 165, in _call_connection_lost
    self._sock.shutdown(socket.SHUT_RDWR)
    ~~~~~~~~~~~~~~~~~~~^^^^^^^^^^^^^^^^^^
ConnectionResetError: [WinError 10054] Eine vorhandene Verbindung wurde vom Remotehost geschlossen
WARNING:  Unsupported upgrade request.
WARNING:  No supported WebSocket library detected. Please use "pip install 'uvicorn[standard]'", or install 'websockets' or 'wsproto' manually.
WARNING:  Unsupported upgrade request.
WARNING:  No supported WebSocket library detected. Please use "pip install 'uvicorn[standard]'", or install 'websockets' or 'wsproto' manually.
WARNING:  Unsupported upgrade request.
WARNING:  No supported WebSocket library detected. Please use "pip install 'uvicorn[standard]'", or install 'websockets' or 'wsproto' manually.
WARNING:  Unsupported upgrade request.
WARNING:  No supported WebSocket library detected. Please use "pip install 'uvicorn[standard]'", or install 'websockets' or 'wsproto' manually.
WARNING:  Unsupported upgrade request.
WARNING:  No supported WebSocket library detected. Please use "pip install 'uvicorn[standard]'", or install 'websockets' or 'wsproto' manually.
2026-07-09 04:03:05,795 - asyncio - ERROR - Exception in callback _ProactorBasePipeTransport._call_connection_lost()
handle: <Handle _ProactorBasePipeTransport._call_connection_lost()>
Traceback (most recent call last):
  File "C:\Python314\Lib\asyncio\events.py", line 94, in _run
    self._context.run(self._callback, *self._args)
    ~~~~~~~~~~~~~~~~~^^^^^^^^^^^^^^^^^^^^^^^^^^^^^
  File "C:\Python314\Lib\asyncio\proactor_events.py", line 165, in _call_connection_lost
    self._sock.shutdown(socket.SHUT_RDWR)
    ~~~~~~~~~~~~~~~~~~~^^^^^^^^^^^^^^^^^^
ConnectionResetError: [WinError 10054] Eine vorhandene Verbindung wurde vom Remotehost geschlossen
WARNING:  Unsupported upgrade request.
WARNING:  No supported WebSocket library detected. Please use "pip install 'uvicorn[standard]'", or install 'websockets' or 'wsproto' manually.
2026-07-09 04:03:06,775 - asyncio - ERROR - Exception in callback _ProactorBasePipeTransport._call_connection_lost()
handle: <Handle _ProactorBasePipeTransport._call_connection_lost()>
Traceback (most recent call last):
  File "C:\Python314\Lib\asyncio\events.py", line 94, in _run
    self._context.run(self._callback, *self._args)
    ~~~~~~~~~~~~~~~~~^^^^^^^^^^^^^^^^^^^^^^^^^^^^^
  File "C:\Python314\Lib\asyncio\proactor_events.py", line 165, in _call_connection_lost
    self._sock.shutdown(socket.SHUT_RDWR)
    ~~~~~~~~~~~~~~~~~~~^^^^^^^^^^^^^^^^^^
ConnectionResetError: [WinError 10054] Eine vorhandene Verbindung wurde vom Remotehost geschlossen
WARNING:  Unsupported upgrade request.
WARNING:  No supported WebSocket library detected. Please use "pip install 'uvicorn[standard]'", or install 'websockets' or 'wsproto' manually.
WARNING:  Unsupported upgrade request.
WARNING:  No supported WebSocket library detected. Please use "pip install 'uvicorn[standard]'", or install 'websockets' or 'wsproto' manually.
WARNING:  Unsupported upgrade request.
WARNING:  No supported WebSocket library detected. Please use "pip install 'uvicorn[standard]'", or install 'websockets' or 'wsproto' manually.
WARNING:  Unsupported upgrade request.
WARNING:  No supported WebSocket library detected. Please use "pip install 'uvicorn[standard]'", or install 'websockets' or 'wsproto' manually.
WARNING:  Unsupported upgrade request.
WARNING:  No supported WebSocket library detected. Please use "pip install 'uvicorn[standard]'", or install 'websockets' or 'wsproto' manually.
WARNING:  Unsupported upgrade request.
WARNING:  No supported WebSocket library detected. Please use "pip install 'uvicorn[standard]'", or install 'websockets' or 'wsproto' manually.
WARNING:  Unsupported upgrade request.
WARNING:  No supported WebSocket library detected. Please use "pip install 'uvicorn[standard]'", or install 'websockets' or 'wsproto' manually.
2026-07-09 04:03:14,465 - asyncio - ERROR - Exception in callback _ProactorBasePipeTransport._call_connection_lost()
handle: <Handle _ProactorBasePipeTransport._call_connection_lost()>
Traceback (most recent call last):
  File "C:\Python314\Lib\asyncio\events.py", line 94, in _run
    self._context.run(self._callback, *self._args)
    ~~~~~~~~~~~~~~~~~^^^^^^^^^^^^^^^^^^^^^^^^^^^^^
  File "C:\Python314\Lib\asyncio\proactor_events.py", line 165, in _call_connection_lost
    self._sock.shutdown(socket.SHUT_RDWR)
    ~~~~~~~~~~~~~~~~~~~^^^^^^^^^^^^^^^^^^
ConnectionResetError: [WinError 10054] Eine vorhandene Verbindung wurde vom Remotehost geschlossen
WARNING:  Unsupported upgrade request.
WARNING:  No supported WebSocket library detected. Please use "pip install 'uvicorn[standard]'", or install 'websockets' or 'wsproto' manually.
WARNING:  Unsupported upgrade request.
WARNING:  No supported WebSocket library detected. Please use "pip install 'uvicorn[standard]'", or install 'websockets' or 'wsproto' manually.
WARNING:  Unsupported upgrade request.
WARNING:  No supported WebSocket library detected. Please use "pip install 'uvicorn[standard]'", or install 'websockets' or 'wsproto' manually.
2026-07-09 04:03:17,041 - asyncio - ERROR - Exception in callback _ProactorBasePipeTransport._call_connection_lost()
handle: <Handle _ProactorBasePipeTransport._call_connection_lost()>
Traceback (most recent call last):
  File "C:\Python314\Lib\asyncio\events.py", line 94, in _run
    self._context.run(self._callback, *self._args)
    ~~~~~~~~~~~~~~~~~^^^^^^^^^^^^^^^^^^^^^^^^^^^^^
  File "C:\Python314\Lib\asyncio\proactor_events.py", line 165, in _call_connection_lost
    self._sock.shutdown(socket.SHUT_RDWR)
    ~~~~~~~~~~~~~~~~~~~^^^^^^^^^^^^^^^^^^
ConnectionResetError: [WinError 10054] Eine vorhandene Verbindung wurde vom Remotehost geschlossen
WARNING:  Unsupported upgrade request.
WARNING:  No supported WebSocket library detected. Please use "pip install 'uvicorn[standard]'", or install 'websockets' or 'wsproto' manually.
2026-07-09 04:03:17,405 - asyncio - ERROR - Exception in callback _ProactorBasePipeTransport._call_connection_lost()
handle: <Handle _ProactorBasePipeTransport._call_connection_lost()>
Traceback (most recent call last):
  File "C:\Python314\Lib\asyncio\events.py", line 94, in _run
    self._context.run(self._callback, *self._args)
    ~~~~~~~~~~~~~~~~~^^^^^^^^^^^^^^^^^^^^^^^^^^^^^
  File "C:\Python314\Lib\asyncio\proactor_events.py", line 165, in _call_connection_lost
    self._sock.shutdown(socket.SHUT_RDWR)
    ~~~~~~~~~~~~~~~~~~~^^^^^^^^^^^^^^^^^^
ConnectionResetError: [WinError 10054] Eine vorhandene Verbindung wurde vom Remotehost geschlossen
WARNING:  Unsupported upgrade request.
WARNING:  No supported WebSocket library detected. Please use "pip install 'uvicorn[standard]'", or install 'websockets' or 'wsproto' manually.
2026-07-09 04:03:20,659 - asyncio - ERROR - Exception in callback _ProactorBasePipeTransport._call_connection_lost()
handle: <Handle _ProactorBasePipeTransport._call_connection_lost()>
Traceback (most recent call last):
  File "C:\Python314\Lib\asyncio\events.py", line 94, in _run
    self._context.run(self._callback, *self._args)
    ~~~~~~~~~~~~~~~~~^^^^^^^^^^^^^^^^^^^^^^^^^^^^^
  File "C:\Python314\Lib\asyncio\proactor_events.py", line 165, in _call_connection_lost
    self._sock.shutdown(socket.SHUT_RDWR)
    ~~~~~~~~~~~~~~~~~~~^^^^^^^^^^^^^^^^^^
ConnectionResetError: [WinError 10054] Eine vorhandene Verbindung wurde vom Remotehost geschlossen
WARNING:  Unsupported upgrade request.
WARNING:  No supported WebSocket library detected. Please use "pip install 'uvicorn[standard]'", or install 'websockets' or 'wsproto' manually.
WARNING:  Unsupported upgrade request.
WARNING:  No supported WebSocket library detected. Please use "pip install 'uvicorn[standard]'", or install 'websockets' or 'wsproto' manually.
WARNING:  Unsupported upgrade request.
WARNING:  No supported WebSocket library detected. Please use "pip install 'uvicorn[standard]'", or install 'websockets' or 'wsproto' manually.
2026-07-09 04:03:22,531 - asyncio - ERROR - Exception in callback _ProactorBasePipeTransport._call_connection_lost()
handle: <Handle _ProactorBasePipeTransport._call_connection_lost()>
Traceback (most recent call last):
  File "C:\Python314\Lib\asyncio\events.py", line 94, in _run
    self._context.run(self._callback, *self._args)
    ~~~~~~~~~~~~~~~~~^^^^^^^^^^^^^^^^^^^^^^^^^^^^^
  File "C:\Python314\Lib\asyncio\proactor_events.py", line 165, in _call_connection_lost
    self._sock.shutdown(socket.SHUT_RDWR)
    ~~~~~~~~~~~~~~~~~~~^^^^^^^^^^^^^^^^^^
ConnectionResetError: [WinError 10054] Eine vorhandene Verbindung wurde vom Remotehost geschlossen
WARNING:  Unsupported upgrade request.
WARNING:  No supported WebSocket library detected. Please use "pip install 'uvicorn[standard]'", or install 'websockets' or 'wsproto' manually.
2026-07-09 04:03:22,704 - asyncio - ERROR - Exception in callback _ProactorBasePipeTransport._call_connection_lost()
handle: <Handle _ProactorBasePipeTransport._call_connection_lost()>
Traceback (most recent call last):
  File "C:\Python314\Lib\asyncio\events.py", line 94, in _run
    self._context.run(self._callback, *self._args)
    ~~~~~~~~~~~~~~~~~^^^^^^^^^^^^^^^^^^^^^^^^^^^^^
  File "C:\Python314\Lib\asyncio\proactor_events.py", line 165, in _call_connection_lost
    self._sock.shutdown(socket.SHUT_RDWR)
    ~~~~~~~~~~~~~~~~~~~^^^^^^^^^^^^^^^^^^
ConnectionResetError: [WinError 10054] Eine vorhandene Verbindung wurde vom Remotehost geschlossen
WARNING:  Unsupported upgrade request.
WARNING:  No supported WebSocket library detected. Please use "pip install 'uvicorn[standard]'", or install 'websockets' or 'wsproto' manually.
2026-07-09 04:03:25,557 - asyncio - ERROR - Exception in callback _ProactorBasePipeTransport._call_connection_lost()
handle: <Handle _ProactorBasePipeTransport._call_connection_lost()>
Traceback (most recent call last):
  File "C:\Python314\Lib\asyncio\events.py", line 94, in _run
    self._context.run(self._callback, *self._args)
    ~~~~~~~~~~~~~~~~~^^^^^^^^^^^^^^^^^^^^^^^^^^^^^
  File "C:\Python314\Lib\asyncio\proactor_events.py", line 165, in _call_connection_lost
    self._sock.shutdown(socket.SHUT_RDWR)
    ~~~~~~~~~~~~~~~~~~~^^^^^^^^^^^^^^^^^^
ConnectionResetError: [WinError 10054] Eine vorhandene Verbindung wurde vom Remotehost geschlossen
WARNING:  Unsupported upgrade request.
WARNING:  No supported WebSocket library detected. Please use "pip install 'uvicorn[standard]'", or install 'websockets' or 'wsproto' manually.
WARNING:  Unsupported upgrade request.
WARNING:  No supported WebSocket library detected. Please use "pip install 'uvicorn[standard]'", or install 'websockets' or 'wsproto' manually.
WARNING:  Unsupported upgrade request.
WARNING:  No supported WebSocket library detected. Please use "pip install 'uvicorn[standard]'", or install 'websockets' or 'wsproto' manually.
WARNING:  Unsupported upgrade request.
WARNING:  No supported WebSocket library detected. Please use "pip install 'uvicorn[standard]'", or install 'websockets' or 'wsproto' manually.
WARNING:  Unsupported upgrade request.
WARNING:  No supported WebSocket library detected. Please use "pip install 'uvicorn[standard]'", or install 'websockets' or 'wsproto' manually.
WARNING:  Unsupported upgrade request.
WARNING:  No supported WebSocket library detected. Please use "pip install 'uvicorn[standard]'", or install 'websockets' or 'wsproto' manually.
WARNING:  Unsupported upgrade request.
WARNING:  No supported WebSocket library detected. Please use "pip install 'uvicorn[standard]'", or install 'websockets' or 'wsproto' manually.
2026-07-09 04:03:31,248 - asyncio - ERROR - Exception in callback _ProactorBasePipeTransport._call_connection_lost()
handle: <Handle _ProactorBasePipeTransport._call_connection_lost()>
Traceback (most recent call last):
  File "C:\Python314\Lib\asyncio\events.py", line 94, in _run
    self._context.run(self._callback, *self._args)
    ~~~~~~~~~~~~~~~~~^^^^^^^^^^^^^^^^^^^^^^^^^^^^^
  File "C:\Python314\Lib\asyncio\proactor_events.py", line 165, in _call_connection_lost
    self._sock.shutdown(socket.SHUT_RDWR)
    ~~~~~~~~~~~~~~~~~~~^^^^^^^^^^^^^^^^^^
ConnectionResetError: [WinError 10054] Eine vorhandene Verbindung wurde vom Remotehost geschlossen
WARNING:  Unsupported upgrade request.
WARNING:  No supported WebSocket library detected. Please use "pip install 'uvicorn[standard]'", or install 'websockets' or 'wsproto' manually.
WARNING:  Unsupported upgrade request.
WARNING:  No supported WebSocket library detected. Please use "pip install 'uvicorn[standard]'", or install 'websockets' or 'wsproto' manually.
WARNING:  Unsupported upgrade request.
WARNING:  No supported WebSocket library detected. Please use "pip install 'uvicorn[standard]'", or install 'websockets' or 'wsproto' manually.
2026-07-09 04:03:34,699 - asyncio - ERROR - Exception in callback _ProactorBasePipeTransport._call_connection_lost()
handle: <Handle _ProactorBasePipeTransport._call_connection_lost()>
Traceback (most recent call last):
  File "C:\Python314\Lib\asyncio\events.py", line 94, in _run
    self._context.run(self._callback, *self._args)
    ~~~~~~~~~~~~~~~~~^^^^^^^^^^^^^^^^^^^^^^^^^^^^^
  File "C:\Python314\Lib\asyncio\proactor_events.py", line 165, in _call_connection_lost
    self._sock.shutdown(socket.SHUT_RDWR)
    ~~~~~~~~~~~~~~~~~~~^^^^^^^^^^^^^^^^^^
ConnectionResetError: [WinError 10054] Eine vorhandene Verbindung wurde vom Remotehost geschlossen
WARNING:  Unsupported upgrade request.
WARNING:  No supported WebSocket library detected. Please use "pip install 'uvicorn[standard]'", or install 'websockets' or 'wsproto' manually.
2026-07-09 04:03:34,886 - asyncio - ERROR - Exception in callback _ProactorBasePipeTransport._call_connection_lost()
handle: <Handle _ProactorBasePipeTransport._call_connection_lost()>
Traceback (most recent call last):
  File "C:\Python314\Lib\asyncio\events.py", line 94, in _run
    self._context.run(self._callback, *self._args)
    ~~~~~~~~~~~~~~~~~^^^^^^^^^^^^^^^^^^^^^^^^^^^^^
  File "C:\Python314\Lib\asyncio\proactor_events.py", line 165, in _call_connection_lost
    self._sock.shutdown(socket.SHUT_RDWR)
    ~~~~~~~~~~~~~~~~~~~^^^^^^^^^^^^^^^^^^
ConnectionResetError: [WinError 10054] Eine vorhandene Verbindung wurde vom Remotehost geschlossen
WARNING:  Unsupported upgrade request.
WARNING:  No supported WebSocket library detected. Please use "pip install 'uvicorn[standard]'", or install 'websockets' or 'wsproto' manually.
2026-07-09 04:03:35,408 - asyncio - ERROR - Exception in callback _ProactorBasePipeTransport._call_connection_lost()
handle: <Handle _ProactorBasePipeTransport._call_connection_lost()>
Traceback (most recent call last):
  File "C:\Python314\Lib\asyncio\events.py", line 94, in _run
    self._context.run(self._callback, *self._args)
    ~~~~~~~~~~~~~~~~~^^^^^^^^^^^^^^^^^^^^^^^^^^^^^
  File "C:\Python314\Lib\asyncio\proactor_events.py", line 165, in _call_connection_lost
    self._sock.shutdown(socket.SHUT_RDWR)
    ~~~~~~~~~~~~~~~~~~~^^^^^^^^^^^^^^^^^^
ConnectionResetError: [WinError 10054] Eine vorhandene Verbindung wurde vom Remotehost geschlossen
WARNING:  Unsupported upgrade request.
WARNING:  No supported WebSocket library detected. Please use "pip install 'uvicorn[standard]'", or install 'websockets' or 'wsproto' manually.
2026-07-09 04:03:36,844 - asyncio - ERROR - Exception in callback _ProactorBasePipeTransport._call_connection_lost()
handle: <Handle _ProactorBasePipeTransport._call_connection_lost()>
Traceback (most recent call last):
  File "C:\Python314\Lib\asyncio\events.py", line 94, in _run
    self._context.run(self._callback, *self._args)
    ~~~~~~~~~~~~~~~~~^^^^^^^^^^^^^^^^^^^^^^^^^^^^^
  File "C:\Python314\Lib\asyncio\proactor_events.py", line 165, in _call_connection_lost
    self._sock.shutdown(socket.SHUT_RDWR)
    ~~~~~~~~~~~~~~~~~~~^^^^^^^^^^^^^^^^^^
ConnectionResetError: [WinError 10054] Eine vorhandene Verbindung wurde vom Remotehost geschlossen
WARNING:  Unsupported upgrade request.
WARNING:  No supported WebSocket library detected. Please use "pip install 'uvicorn[standard]'", or install 'websockets' or 'wsproto' manually.
WARNING:  Unsupported upgrade request.
WARNING:  No supported WebSocket library detected. Please use "pip install 'uvicorn[standard]'", or install 'websockets' or 'wsproto' manually.
WARNING:  Unsupported upgrade request.
WARNING:  No supported WebSocket library detected. Please use "pip install 'uvicorn[standard]'", or install 'websockets' or 'wsproto' manually.
WARNING:  Unsupported upgrade request.
WARNING:  No supported WebSocket library detected. Please use "pip install 'uvicorn[standard]'", or install 'websockets' or 'wsproto' manually.
2026-07-09 04:03:41,529 - asyncio - ERROR - Exception in callback _ProactorBasePipeTransport._call_connection_lost()
handle: <Handle _ProactorBasePipeTransport._call_connection_lost()>
Traceback (most recent call last):
  File "C:\Python314\Lib\asyncio\events.py", line 94, in _run
    self._context.run(self._callback, *self._args)
    ~~~~~~~~~~~~~~~~~^^^^^^^^^^^^^^^^^^^^^^^^^^^^^
  File "C:\Python314\Lib\asyncio\proactor_events.py", line 165, in _call_connection_lost
    self._sock.shutdown(socket.SHUT_RDWR)
    ~~~~~~~~~~~~~~~~~~~^^^^^^^^^^^^^^^^^^
ConnectionResetError: [WinError 10054] Eine vorhandene Verbindung wurde vom Remotehost geschlossen
WARNING:  Unsupported upgrade request.
WARNING:  No supported WebSocket library detected. Please use "pip install 'uvicorn[standard]'", or install 'websockets' or 'wsproto' manually.
WARNING:  Unsupported upgrade request.
WARNING:  No supported WebSocket library detected. Please use "pip install 'uvicorn[standard]'", or install 'websockets' or 'wsproto' manually.
WARNING:  Unsupported upgrade request.
WARNING:  No supported WebSocket library detected. Please use "pip install 'uvicorn[standard]'", or install 'websockets' or 'wsproto' manually.
WARNING:  Unsupported upgrade request.
WARNING:  No supported WebSocket library detected. Please use "pip install 'uvicorn[standard]'", or install 'websockets' or 'wsproto' manually.
2026-07-09 04:03:43,076 - asyncio - ERROR - Exception in callback _ProactorBasePipeTransport._call_connection_lost()
handle: <Handle _ProactorBasePipeTransport._call_connection_lost()>
Traceback (most recent call last):
  File "C:\Python314\Lib\asyncio\events.py", line 94, in _run
    self._context.run(self._callback, *self._args)
    ~~~~~~~~~~~~~~~~~^^^^^^^^^^^^^^^^^^^^^^^^^^^^^
  File "C:\Python314\Lib\asyncio\proactor_events.py", line 165, in _call_connection_lost
    self._sock.shutdown(socket.SHUT_RDWR)
    ~~~~~~~~~~~~~~~~~~~^^^^^^^^^^^^^^^^^^
ConnectionResetError: [WinError 10054] Eine vorhandene Verbindung wurde vom Remotehost geschlossen
WARNING:  Unsupported upgrade request.
WARNING:  No supported WebSocket library detected. Please use "pip install 'uvicorn[standard]'", or install 'websockets' or 'wsproto' manually.
2026-07-09 04:03:43,237 - asyncio - ERROR - Exception in callback _ProactorBasePipeTransport._call_connection_lost()
handle: <Handle _ProactorBasePipeTransport._call_connection_lost()>
Traceback (most recent call last):
  File "C:\Python314\Lib\asyncio\events.py", line 94, in _run
    self._context.run(self._callback, *self._args)
    ~~~~~~~~~~~~~~~~~^^^^^^^^^^^^^^^^^^^^^^^^^^^^^
  File "C:\Python314\Lib\asyncio\proactor_events.py", line 165, in _call_connection_lost
    self._sock.shutdown(socket.SHUT_RDWR)
    ~~~~~~~~~~~~~~~~~~~^^^^^^^^^^^^^^^^^^
ConnectionResetError: [WinError 10054] Eine vorhandene Verbindung wurde vom Remotehost geschlossen
WARNING:  Unsupported upgrade request.
WARNING:  No supported WebSocket library detected. Please use "pip install 'uvicorn[standard]'", or install 'websockets' or 'wsproto' manually.
WARNING:  Unsupported upgrade request.
WARNING:  No supported WebSocket library detected. Please use "pip install 'uvicorn[standard]'", or install 'websockets' or 'wsproto' manually.
WARNING:  Unsupported upgrade request.
WARNING:  No supported WebSocket library detected. Please use "pip install 'uvicorn[standard]'", or install 'websockets' or 'wsproto' manually.
WARNING:  Unsupported upgrade request.
WARNING:  No supported WebSocket library detected. Please use "pip install 'uvicorn[standard]'", or install 'websockets' or 'wsproto' manually.
2026-07-09 04:03:48,239 - asyncio - ERROR - Exception in callback _ProactorBasePipeTransport._call_connection_lost()
handle: <Handle _ProactorBasePipeTransport._call_connection_lost()>
Traceback (most recent call last):
  File "C:\Python314\Lib\asyncio\events.py", line 94, in _run
    self._context.run(self._callback, *self._args)
    ~~~~~~~~~~~~~~~~~^^^^^^^^^^^^^^^^^^^^^^^^^^^^^
  File "C:\Python314\Lib\asyncio\proactor_events.py", line 165, in _call_connection_lost
    self._sock.shutdown(socket.SHUT_RDWR)
    ~~~~~~~~~~~~~~~~~~~^^^^^^^^^^^^^^^^^^
ConnectionResetError: [WinError 10054] Eine vorhandene Verbindung wurde vom Remotehost geschlossen
WARNING:  Unsupported upgrade request.
WARNING:  No supported WebSocket library detected. Please use "pip install 'uvicorn[standard]'", or install 'websockets' or 'wsproto' manually.
2026-07-09 04:03:49,120 - asyncio - ERROR - Exception in callback _ProactorBasePipeTransport._call_connection_lost()
handle: <Handle _ProactorBasePipeTransport._call_connection_lost()>
Traceback (most recent call last):
  File "C:\Python314\Lib\asyncio\events.py", line 94, in _run
    self._context.run(self._callback, *self._args)
    ~~~~~~~~~~~~~~~~~^^^^^^^^^^^^^^^^^^^^^^^^^^^^^
  File "C:\Python314\Lib\asyncio\proactor_events.py", line 165, in _call_connection_lost
    self._sock.shutdown(socket.SHUT_RDWR)
    ~~~~~~~~~~~~~~~~~~~^^^^^^^^^^^^^^^^^^
ConnectionResetError: [WinError 10054] Eine vorhandene Verbindung wurde vom Remotehost geschlossen
WARNING:  Unsupported upgrade request.
WARNING:  No supported WebSocket library detected. Please use "pip install 'uvicorn[standard]'", or install 'websockets' or 'wsproto' manually.
WARNING:  Unsupported upgrade request.
WARNING:  No supported WebSocket library detected. Please use "pip install 'uvicorn[standard]'", or install 'websockets' or 'wsproto' manually.
WARNING:  Unsupported upgrade request.
WARNING:  No supported WebSocket library detected. Please use "pip install 'uvicorn[standard]'", or install 'websockets' or 'wsproto' manually.
2026-07-09 04:03:51,553 - asyncio - ERROR - Exception in callback _ProactorBasePipeTransport._call_connection_lost()
handle: <Handle _ProactorBasePipeTransport._call_connection_lost()>
Traceback (most recent call last):
  File "C:\Python314\Lib\asyncio\events.py", line 94, in _run
    self._context.run(self._callback, *self._args)
    ~~~~~~~~~~~~~~~~~^^^^^^^^^^^^^^^^^^^^^^^^^^^^^
  File "C:\Python314\Lib\asyncio\proactor_events.py", line 165, in _call_connection_lost
    self._sock.shutdown(socket.SHUT_RDWR)
    ~~~~~~~~~~~~~~~~~~~^^^^^^^^^^^^^^^^^^
ConnectionResetError: [WinError 10054] Eine vorhandene Verbindung wurde vom Remotehost geschlossen
WARNING:  Unsupported upgrade request.
WARNING:  No supported WebSocket library detected. Please use "pip install 'uvicorn[standard]'", or install 'websockets' or 'wsproto' manually.
WARNING:  Unsupported upgrade request.
WARNING:  No supported WebSocket library detected. Please use "pip install 'uvicorn[standard]'", or install 'websockets' or 'wsproto' manually.
WARNING:  Unsupported upgrade request.
WARNING:  No supported WebSocket library detected. Please use "pip install 'uvicorn[standard]'", or install 'websockets' or 'wsproto' manually.
WARNING:  Unsupported upgrade request.
WARNING:  No supported WebSocket library detected. Please use "pip install 'uvicorn[standard]'", or install 'websockets' or 'wsproto' manually.
WARNING:  Unsupported upgrade request.
WARNING:  No supported WebSocket library detected. Please use "pip install 'uvicorn[standard]'", or install 'websockets' or 'wsproto' manually.
WARNING:  Unsupported upgrade request.
WARNING:  No supported WebSocket library detected. Please use "pip install 'uvicorn[standard]'", or install 'websockets' or 'wsproto' manually.
WARNING:  Unsupported upgrade request.
WARNING:  No supported WebSocket library detected. Please use "pip install 'uvicorn[standard]'", or install 'websockets' or 'wsproto' manually.
2026-07-09 04:03:56,845 - asyncio - ERROR - Exception in callback _ProactorBasePipeTransport._call_connection_lost()
handle: <Handle _ProactorBasePipeTransport._call_connection_lost()>
Traceback (most recent call last):
  File "C:\Python314\Lib\asyncio\events.py", line 94, in _run
    self._context.run(self._callback, *self._args)
    ~~~~~~~~~~~~~~~~~^^^^^^^^^^^^^^^^^^^^^^^^^^^^^
  File "C:\Python314\Lib\asyncio\proactor_events.py", line 165, in _call_connection_lost
    self._sock.shutdown(socket.SHUT_RDWR)
    ~~~~~~~~~~~~~~~~~~~^^^^^^^^^^^^^^^^^^
ConnectionResetError: [WinError 10054] Eine vorhandene Verbindung wurde vom Remotehost geschlossen
WARNING:  Unsupported upgrade request.
WARNING:  No supported WebSocket library detected. Please use "pip install 'uvicorn[standard]'", or install 'websockets' or 'wsproto' manually.
2026-07-09 04:03:58,245 - asyncio - ERROR - Exception in callback _ProactorBasePipeTransport._call_connection_lost()
handle: <Handle _ProactorBasePipeTransport._call_connection_lost()>
Traceback (most recent call last):
  File "C:\Python314\Lib\asyncio\events.py", line 94, in _run
    self._context.run(self._callback, *self._args)
    ~~~~~~~~~~~~~~~~~^^^^^^^^^^^^^^^^^^^^^^^^^^^^^
  File "C:\Python314\Lib\asyncio\proactor_events.py", line 165, in _call_connection_lost
    self._sock.shutdown(socket.SHUT_RDWR)
    ~~~~~~~~~~~~~~~~~~~^^^^^^^^^^^^^^^^^^
ConnectionResetError: [WinError 10054] Eine vorhandene Verbindung wurde vom Remotehost geschlossen
WARNING:  Unsupported upgrade request.
WARNING:  No supported WebSocket library detected. Please use "pip install 'uvicorn[standard]'", or install 'websockets' or 'wsproto' manually.
WARNING:  Unsupported upgrade request.
WARNING:  No supported WebSocket library detected. Please use "pip install 'uvicorn[standard]'", or install 'websockets' or 'wsproto' manually.
WARNING:  Unsupported upgrade request.
WARNING:  No supported WebSocket library detected. Please use "pip install 'uvicorn[standard]'", or install 'websockets' or 'wsproto' manually.
WARNING:  Unsupported upgrade request.
WARNING:  No supported WebSocket library detected. Please use "pip install 'uvicorn[standard]'", or install 'websockets' or 'wsproto' manually.
2026-07-09 04:04:01,248 - asyncio - ERROR - Exception in callback _ProactorBasePipeTransport._call_connection_lost()
handle: <Handle _ProactorBasePipeTransport._call_connection_lost()>
Traceback (most recent call last):
  File "C:\Python314\Lib\asyncio\events.py", line 94, in _run
    self._context.run(self._callback, *self._args)
    ~~~~~~~~~~~~~~~~~^^^^^^^^^^^^^^^^^^^^^^^^^^^^^
  File "C:\Python314\Lib\asyncio\proactor_events.py", line 165, in _call_connection_lost
    self._sock.shutdown(socket.SHUT_RDWR)
    ~~~~~~~~~~~~~~~~~~~^^^^^^^^^^^^^^^^^^
ConnectionResetError: [WinError 10054] Eine vorhandene Verbindung wurde vom Remotehost geschlossen
WARNING:  Unsupported upgrade request.
WARNING:  No supported WebSocket library detected. Please use "pip install 'uvicorn[standard]'", or install 'websockets' or 'wsproto' manually.
WARNING:  Unsupported upgrade request.
WARNING:  No supported WebSocket library detected. Please use "pip install 'uvicorn[standard]'", or install 'websockets' or 'wsproto' manually.
2026-07-09 04:04:03,257 - asyncio - ERROR - Exception in callback _ProactorBasePipeTransport._call_connection_lost()
handle: <Handle _ProactorBasePipeTransport._call_connection_lost()>
Traceback (most recent call last):
  File "C:\Python314\Lib\asyncio\events.py", line 94, in _run
    self._context.run(self._callback, *self._args)
    ~~~~~~~~~~~~~~~~~^^^^^^^^^^^^^^^^^^^^^^^^^^^^^
  File "C:\Python314\Lib\asyncio\proactor_events.py", line 165, in _call_connection_lost
    self._sock.shutdown(socket.SHUT_RDWR)
    ~~~~~~~~~~~~~~~~~~~^^^^^^^^^^^^^^^^^^
ConnectionResetError: [WinError 10054] Eine vorhandene Verbindung wurde vom Remotehost geschlossen
WARNING:  Unsupported upgrade request.
WARNING:  No supported WebSocket library detected. Please use "pip install 'uvicorn[standard]'", or install 'websockets' or 'wsproto' manually.
2026-07-09 04:04:03,820 - asyncio - ERROR - Exception in callback _ProactorBasePipeTransport._call_connection_lost()
handle: <Handle _ProactorBasePipeTransport._call_connection_lost()>
Traceback (most recent call last):
  File "C:\Python314\Lib\asyncio\events.py", line 94, in _run
    self._context.run(self._callback, *self._args)
    ~~~~~~~~~~~~~~~~~^^^^^^^^^^^^^^^^^^^^^^^^^^^^^
  File "C:\Python314\Lib\asyncio\proactor_events.py", line 165, in _call_connection_lost
    self._sock.shutdown(socket.SHUT_RDWR)
    ~~~~~~~~~~~~~~~~~~~^^^^^^^^^^^^^^^^^^
ConnectionResetError: [WinError 10054] Eine vorhandene Verbindung wurde vom Remotehost geschlossen
WARNING:  Unsupported upgrade request.
WARNING:  No supported WebSocket library detected. Please use "pip install 'uvicorn[standard]'", or install 'websockets' or 'wsproto' manually.
WARNING:  Unsupported upgrade request.
WARNING:  No supported WebSocket library detected. Please use "pip install 'uvicorn[standard]'", or install 'websockets' or 'wsproto' manually.
WARNING:  Unsupported upgrade request.
WARNING:  No supported WebSocket library detected. Please use "pip install 'uvicorn[standard]'", or install 'websockets' or 'wsproto' manually.
WARNING:  Unsupported upgrade request.
WARNING:  No supported WebSocket library detected. Please use "pip install 'uvicorn[standard]'", or install 'websockets' or 'wsproto' manually.
2026-07-09 04:04:06,248 - asyncio - ERROR - Exception in callback _ProactorBasePipeTransport._call_connection_lost()
handle: <Handle _ProactorBasePipeTransport._call_connection_lost()>
Traceback (most recent call last):
  File "C:\Python314\Lib\asyncio\events.py", line 94, in _run
    self._context.run(self._callback, *self._args)
    ~~~~~~~~~~~~~~~~~^^^^^^^^^^^^^^^^^^^^^^^^^^^^^
  File "C:\Python314\Lib\asyncio\proactor_events.py", line 165, in _call_connection_lost
    self._sock.shutdown(socket.SHUT_RDWR)
    ~~~~~~~~~~~~~~~~~~~^^^^^^^^^^^^^^^^^^
ConnectionResetError: [WinError 10054] Eine vorhandene Verbindung wurde vom Remotehost geschlossen
WARNING:  Unsupported upgrade request.
WARNING:  No supported WebSocket library detected. Please use "pip install 'uvicorn[standard]'", or install 'websockets' or 'wsproto' manually.
2026-07-09 04:04:08,259 - asyncio - ERROR - Exception in callback _ProactorBasePipeTransport._call_connection_lost()
handle: <Handle _ProactorBasePipeTransport._call_connection_lost()>
Traceback (most recent call last):
  File "C:\Python314\Lib\asyncio\events.py", line 94, in _run
    self._context.run(self._callback, *self._args)
    ~~~~~~~~~~~~~~~~~^^^^^^^^^^^^^^^^^^^^^^^^^^^^^
  File "C:\Python314\Lib\asyncio\proactor_events.py", line 165, in _call_connection_lost
    self._sock.shutdown(socket.SHUT_RDWR)
    ~~~~~~~~~~~~~~~~~~~^^^^^^^^^^^^^^^^^^
ConnectionResetError: [WinError 10054] Eine vorhandene Verbindung wurde vom Remotehost geschlossen
WARNING:  Unsupported upgrade request.
WARNING:  No supported WebSocket library detected. Please use "pip install 'uvicorn[standard]'", or install 'websockets' or 'wsproto' manually.
WARNING:  Unsupported upgrade request.
WARNING:  No supported WebSocket library detected. Please use "pip install 'uvicorn[standard]'", or install 'websockets' or 'wsproto' manually.
WARNING:  Unsupported upgrade request.
WARNING:  No supported WebSocket library detected. Please use "pip install 'uvicorn[standard]'", or install 'websockets' or 'wsproto' manually.
WARNING:  Unsupported upgrade request.
WARNING:  No supported WebSocket library detected. Please use "pip install 'uvicorn[standard]'", or install 'websockets' or 'wsproto' manually.
WARNING:  Unsupported upgrade request.
WARNING:  No supported WebSocket library detected. Please use "pip install 'uvicorn[standard]'", or install 'websockets' or 'wsproto' manually.
2026-07-09 04:04:11,782 - asyncio - ERROR - Exception in callback _ProactorBasePipeTransport._call_connection_lost()
handle: <Handle _ProactorBasePipeTransport._call_connection_lost()>
Traceback (most recent call last):
  File "C:\Python314\Lib\asyncio\events.py", line 94, in _run
    self._context.run(self._callback, *self._args)
    ~~~~~~~~~~~~~~~~~^^^^^^^^^^^^^^^^^^^^^^^^^^^^^
  File "C:\Python314\Lib\asyncio\proactor_events.py", line 165, in _call_connection_lost
    self._sock.shutdown(socket.SHUT_RDWR)
    ~~~~~~~~~~~~~~~~~~~^^^^^^^^^^^^^^^^^^
ConnectionResetError: [WinError 10054] Eine vorhandene Verbindung wurde vom Remotehost geschlossen
WARNING:  Unsupported upgrade request.
WARNING:  No supported WebSocket library detected. Please use "pip install 'uvicorn[standard]'", or install 'websockets' or 'wsproto' manually.
WARNING:  Unsupported upgrade request.
WARNING:  No supported WebSocket library detected. Please use "pip install 'uvicorn[standard]'", or install 'websockets' or 'wsproto' manually.
WARNING:  Unsupported upgrade request.
WARNING:  No supported WebSocket library detected. Please use "pip install 'uvicorn[standard]'", or install 'websockets' or 'wsproto' manually.
WARNING:  Unsupported upgrade request.
WARNING:  No supported WebSocket library detected. Please use "pip install 'uvicorn[standard]'", or install 'websockets' or 'wsproto' manually.
2026-07-09 04:04:16,256 - asyncio - ERROR - Exception in callback _ProactorBasePipeTransport._call_connection_lost()
handle: <Handle _ProactorBasePipeTransport._call_connection_lost()>
Traceback (most recent call last):
  File "C:\Python314\Lib\asyncio\events.py", line 94, in _run
    self._context.run(self._callback, *self._args)
    ~~~~~~~~~~~~~~~~~^^^^^^^^^^^^^^^^^^^^^^^^^^^^^
  File "C:\Python314\Lib\asyncio\proactor_events.py", line 165, in _call_connection_lost
    self._sock.shutdown(socket.SHUT_RDWR)
    ~~~~~~~~~~~~~~~~~~~^^^^^^^^^^^^^^^^^^
ConnectionResetError: [WinError 10054] Eine vorhandene Verbindung wurde vom Remotehost geschlossen
WARNING:  Unsupported upgrade request.
WARNING:  No supported WebSocket library detected. Please use "pip install 'uvicorn[standard]'", or install 'websockets' or 'wsproto' manually.
2026-07-09 04:04:17,234 - asyncio - ERROR - Exception in callback _ProactorBasePipeTransport._call_connection_lost()
handle: <Handle _ProactorBasePipeTransport._call_connection_lost()>
Traceback (most recent call last):
  File "C:\Python314\Lib\asyncio\events.py", line 94, in _run
    self._context.run(self._callback, *self._args)
    ~~~~~~~~~~~~~~~~~^^^^^^^^^^^^^^^^^^^^^^^^^^^^^
  File "C:\Python314\Lib\asyncio\proactor_events.py", line 165, in _call_connection_lost
    self._sock.shutdown(socket.SHUT_RDWR)
    ~~~~~~~~~~~~~~~~~~~^^^^^^^^^^^^^^^^^^
ConnectionResetError: [WinError 10054] Eine vorhandene Verbindung wurde vom Remotehost geschlossen
WARNING:  Unsupported upgrade request.
WARNING:  No supported WebSocket library detected. Please use "pip install 'uvicorn[standard]'", or install 'websockets' or 'wsproto' manually.
WARNING:  Unsupported upgrade request.
WARNING:  No supported WebSocket library detected. Please use "pip install 'uvicorn[standard]'", or install 'websockets' or 'wsproto' manually.
2026-07-09 04:04:18,268 - asyncio - ERROR - Exception in callback _ProactorBasePipeTransport._call_connection_lost()
handle: <Handle _ProactorBasePipeTransport._call_connection_lost()>
Traceback (most recent call last):
  File "C:\Python314\Lib\asyncio\events.py", line 94, in _run
    self._context.run(self._callback, *self._args)
    ~~~~~~~~~~~~~~~~~^^^^^^^^^^^^^^^^^^^^^^^^^^^^^
  File "C:\Python314\Lib\asyncio\proactor_events.py", line 165, in _call_connection_lost
    self._sock.shutdown(socket.SHUT_RDWR)
    ~~~~~~~~~~~~~~~~~~~^^^^^^^^^^^^^^^^^^
ConnectionResetError: [WinError 10054] Eine vorhandene Verbindung wurde vom Remotehost geschlossen
WARNING:  Unsupported upgrade request.
WARNING:  No supported WebSocket library detected. Please use "pip install 'uvicorn[standard]'", or install 'websockets' or 'wsproto' manually.
2026-07-09 04:04:19,529 - asyncio - ERROR - Exception in callback _ProactorBasePipeTransport._call_connection_lost()
handle: <Handle _ProactorBasePipeTransport._call_connection_lost()>
Traceback (most recent call last):
  File "C:\Python314\Lib\asyncio\events.py", line 94, in _run
    self._context.run(self._callback, *self._args)
    ~~~~~~~~~~~~~~~~~^^^^^^^^^^^^^^^^^^^^^^^^^^^^^
  File "C:\Python314\Lib\asyncio\proactor_events.py", line 165, in _call_connection_lost
    self._sock.shutdown(socket.SHUT_RDWR)
    ~~~~~~~~~~~~~~~~~~~^^^^^^^^^^^^^^^^^^
ConnectionResetError: [WinError 10054] Eine vorhandene Verbindung wurde vom Remotehost geschlossen
WARNING:  Unsupported upgrade request.
WARNING:  No supported WebSocket library detected. Please use "pip install 'uvicorn[standard]'", or install 'websockets' or 'wsproto' manually.
WARNING:  Unsupported upgrade request.
WARNING:  No supported WebSocket library detected. Please use "pip install 'uvicorn[standard]'", or install 'websockets' or 'wsproto' manually.
2026-07-09 04:04:21,228 - asyncio - ERROR - Exception in callback _ProactorBasePipeTransport._call_connection_lost()
handle: <Handle _ProactorBasePipeTransport._call_connection_lost()>
Traceback (most recent call last):
  File "C:\Python314\Lib\asyncio\events.py", line 94, in _run
    self._context.run(self._callback, *self._args)
    ~~~~~~~~~~~~~~~~~^^^^^^^^^^^^^^^^^^^^^^^^^^^^^
  File "C:\Python314\Lib\asyncio\proactor_events.py", line 165, in _call_connection_lost
    self._sock.shutdown(socket.SHUT_RDWR)
    ~~~~~~~~~~~~~~~~~~~^^^^^^^^^^^^^^^^^^
ConnectionResetError: [WinError 10054] Eine vorhandene Verbindung wurde vom Remotehost geschlossen
WARNING:  Unsupported upgrade request.
WARNING:  No supported WebSocket library detected. Please use "pip install 'uvicorn[standard]'", or install 'websockets' or 'wsproto' manually.
2026-07-09 04:04:21,260 - asyncio - ERROR - Exception in callback _ProactorBasePipeTransport._call_connection_lost()
handle: <Handle _ProactorBasePipeTransport._call_connection_lost()>
Traceback (most recent call last):
  File "C:\Python314\Lib\asyncio\events.py", line 94, in _run
    self._context.run(self._callback, *self._args)
    ~~~~~~~~~~~~~~~~~^^^^^^^^^^^^^^^^^^^^^^^^^^^^^
  File "C:\Python314\Lib\asyncio\proactor_events.py", line 165, in _call_connection_lost
    self._sock.shutdown(socket.SHUT_RDWR)
    ~~~~~~~~~~~~~~~~~~~^^^^^^^^^^^^^^^^^^
ConnectionResetError: [WinError 10054] Eine vorhandene Verbindung wurde vom Remotehost geschlossen
WARNING:  Unsupported upgrade request.
WARNING:  No supported WebSocket library detected. Please use "pip install 'uvicorn[standard]'", or install 'websockets' or 'wsproto' manually.
WARNING:  Unsupported upgrade request.
WARNING:  No supported WebSocket library detected. Please use "pip install 'uvicorn[standard]'", or install 'websockets' or 'wsproto' manually.
2026-07-09 04:04:23,276 - asyncio - ERROR - Exception in callback _ProactorBasePipeTransport._call_connection_lost()
handle: <Handle _ProactorBasePipeTransport._call_connection_lost()>
Traceback (most recent call last):
  File "C:\Python314\Lib\asyncio\events.py", line 94, in _run
    self._context.run(self._callback, *self._args)
    ~~~~~~~~~~~~~~~~~^^^^^^^^^^^^^^^^^^^^^^^^^^^^^
  File "C:\Python314\Lib\asyncio\proactor_events.py", line 165, in _call_connection_lost
    self._sock.shutdown(socket.SHUT_RDWR)
    ~~~~~~~~~~~~~~~~~~~^^^^^^^^^^^^^^^^^^
ConnectionResetError: [WinError 10054] Eine vorhandene Verbindung wurde vom Remotehost geschlossen
WARNING:  Unsupported upgrade request.
WARNING:  No supported WebSocket library detected. Please use "pip install 'uvicorn[standard]'", or install 'websockets' or 'wsproto' manually.
2026-07-09 04:04:23,925 - asyncio - ERROR - Exception in callback _ProactorBasePipeTransport._call_connection_lost()
handle: <Handle _ProactorBasePipeTransport._call_connection_lost()>
Traceback (most recent call last):
  File "C:\Python314\Lib\asyncio\events.py", line 94, in _run
    self._context.run(self._callback, *self._args)
    ~~~~~~~~~~~~~~~~~^^^^^^^^^^^^^^^^^^^^^^^^^^^^^
  File "C:\Python314\Lib\asyncio\proactor_events.py", line 165, in _call_connection_lost
    self._sock.shutdown(socket.SHUT_RDWR)
    ~~~~~~~~~~~~~~~~~~~^^^^^^^^^^^^^^^^^^
ConnectionResetError: [WinError 10054] Eine vorhandene Verbindung wurde vom Remotehost geschlossen
WARNING:  Unsupported upgrade request.
WARNING:  No supported WebSocket library detected. Please use "pip install 'uvicorn[standard]'", or install 'websockets' or 'wsproto' manually.
WARNING:  Unsupported upgrade request.
WARNING:  No supported WebSocket library detected. Please use "pip install 'uvicorn[standard]'", or install 'websockets' or 'wsproto' manually.
2026-07-09 04:04:26,272 - asyncio - ERROR - Exception in callback _ProactorBasePipeTransport._call_connection_lost()
handle: <Handle _ProactorBasePipeTransport._call_connection_lost()>
Traceback (most recent call last):
  File "C:\Python314\Lib\asyncio\events.py", line 94, in _run
    self._context.run(self._callback, *self._args)
    ~~~~~~~~~~~~~~~~~^^^^^^^^^^^^^^^^^^^^^^^^^^^^^
  File "C:\Python314\Lib\asyncio\proactor_events.py", line 165, in _call_connection_lost
    self._sock.shutdown(socket.SHUT_RDWR)
    ~~~~~~~~~~~~~~~~~~~^^^^^^^^^^^^^^^^^^
ConnectionResetError: [WinError 10054] Eine vorhandene Verbindung wurde vom Remotehost geschlossen
WARNING:  Unsupported upgrade request.
WARNING:  No supported WebSocket library detected. Please use "pip install 'uvicorn[standard]'", or install 'websockets' or 'wsproto' manually.
WARNING:  Unsupported upgrade request.
WARNING:  No supported WebSocket library detected. Please use "pip install 'uvicorn[standard]'", or install 'websockets' or 'wsproto' manually.
WARNING:  Unsupported upgrade request.
WARNING:  No supported WebSocket library detected. Please use "pip install 'uvicorn[standard]'", or install 'websockets' or 'wsproto' manually.
WARNING:  Unsupported upgrade request.
WARNING:  No supported WebSocket library detected. Please use "pip install 'uvicorn[standard]'", or install 'websockets' or 'wsproto' manually.
WARNING:  Unsupported upgrade request.
WARNING:  No supported WebSocket library detected. Please use "pip install 'uvicorn[standard]'", or install 'websockets' or 'wsproto' manually.
2026-07-09 04:04:29,611 - asyncio - ERROR - Exception in callback _ProactorBasePipeTransport._call_connection_lost()
handle: <Handle _ProactorBasePipeTransport._call_connection_lost()>
Traceback (most recent call last):
  File "C:\Python314\Lib\asyncio\events.py", line 94, in _run
    self._context.run(self._callback, *self._args)
    ~~~~~~~~~~~~~~~~~^^^^^^^^^^^^^^^^^^^^^^^^^^^^^
  File "C:\Python314\Lib\asyncio\proactor_events.py", line 165, in _call_connection_lost
    self._sock.shutdown(socket.SHUT_RDWR)
    ~~~~~~~~~~~~~~~~~~~^^^^^^^^^^^^^^^^^^
ConnectionResetError: [WinError 10054] Eine vorhandene Verbindung wurde vom Remotehost geschlossen
WARNING:  Unsupported upgrade request.
WARNING:  No supported WebSocket library detected. Please use "pip install 'uvicorn[standard]'", or install 'websockets' or 'wsproto' manually.
WARNING:  Unsupported upgrade request.
WARNING:  No supported WebSocket library detected. Please use "pip install 'uvicorn[standard]'", or install 'websockets' or 'wsproto' manually.
2026-07-09 04:04:32,901 - asyncio - ERROR - Exception in callback _ProactorBasePipeTransport._call_connection_lost()
handle: <Handle _ProactorBasePipeTransport._call_connection_lost()>
Traceback (most recent call last):
  File "C:\Python314\Lib\asyncio\events.py", line 94, in _run
    self._context.run(self._callback, *self._args)
    ~~~~~~~~~~~~~~~~~^^^^^^^^^^^^^^^^^^^^^^^^^^^^^
  File "C:\Python314\Lib\asyncio\proactor_events.py", line 165, in _call_connection_lost
    self._sock.shutdown(socket.SHUT_RDWR)
    ~~~~~~~~~~~~~~~~~~~^^^^^^^^^^^^^^^^^^
ConnectionResetError: [WinError 10054] Eine vorhandene Verbindung wurde vom Remotehost geschlossen
WARNING:  Unsupported upgrade request.
WARNING:  No supported WebSocket library detected. Please use "pip install 'uvicorn[standard]'", or install 'websockets' or 'wsproto' manually.
WARNING:  Unsupported upgrade request.
WARNING:  No supported WebSocket library detected. Please use "pip install 'uvicorn[standard]'", or install 'websockets' or 'wsproto' manually.
2026-07-09 04:04:33,629 - asyncio - ERROR - Exception in callback _ProactorBasePipeTransport._call_connection_lost()
handle: <Handle _ProactorBasePipeTransport._call_connection_lost()>
Traceback (most recent call last):
  File "C:\Python314\Lib\asyncio\events.py", line 94, in _run
    self._context.run(self._callback, *self._args)
    ~~~~~~~~~~~~~~~~~^^^^^^^^^^^^^^^^^^^^^^^^^^^^^
  File "C:\Python314\Lib\asyncio\proactor_events.py", line 165, in _call_connection_lost
    self._sock.shutdown(socket.SHUT_RDWR)
    ~~~~~~~~~~~~~~~~~~~^^^^^^^^^^^^^^^^^^
ConnectionResetError: [WinError 10054] Eine vorhandene Verbindung wurde vom Remotehost geschlossen
WARNING:  Unsupported upgrade request.
WARNING:  No supported WebSocket library detected. Please use "pip install 'uvicorn[standard]'", or install 'websockets' or 'wsproto' manually.
2026-07-09 04:04:34,672 - asyncio - ERROR - Exception in callback _ProactorBasePipeTransport._call_connection_lost()
handle: <Handle _ProactorBasePipeTransport._call_connection_lost()>
Traceback (most recent call last):
  File "C:\Python314\Lib\asyncio\events.py", line 94, in _run
    self._context.run(self._callback, *self._args)
    ~~~~~~~~~~~~~~~~~^^^^^^^^^^^^^^^^^^^^^^^^^^^^^
  File "C:\Python314\Lib\asyncio\proactor_events.py", line 165, in _call_connection_lost
    self._sock.shutdown(socket.SHUT_RDWR)
    ~~~~~~~~~~~~~~~~~~~^^^^^^^^^^^^^^^^^^
ConnectionResetError: [WinError 10054] Eine vorhandene Verbindung wurde vom Remotehost geschlossen
WARNING:  Unsupported upgrade request.
WARNING:  No supported WebSocket library detected. Please use "pip install 'uvicorn[standard]'", or install 'websockets' or 'wsproto' manually.
WARNING:  Unsupported upgrade request.
WARNING:  No supported WebSocket library detected. Please use "pip install 'uvicorn[standard]'", or install 'websockets' or 'wsproto' manually.
2026-07-09 04:04:36,228 - asyncio - ERROR - Exception in callback _ProactorBasePipeTransport._call_connection_lost()
handle: <Handle _ProactorBasePipeTransport._call_connection_lost()>
Traceback (most recent call last):
  File "C:\Python314\Lib\asyncio\events.py", line 94, in _run
    self._context.run(self._callback, *self._args)
    ~~~~~~~~~~~~~~~~~^^^^^^^^^^^^^^^^^^^^^^^^^^^^^
  File "C:\Python314\Lib\asyncio\proactor_events.py", line 165, in _call_connection_lost
    self._sock.shutdown(socket.SHUT_RDWR)
    ~~~~~~~~~~~~~~~~~~~^^^^^^^^^^^^^^^^^^
ConnectionResetError: [WinError 10054] Eine vorhandene Verbindung wurde vom Remotehost geschlossen
WARNING:  Unsupported upgrade request.
WARNING:  No supported WebSocket library detected. Please use "pip install 'uvicorn[standard]'", or install 'websockets' or 'wsproto' manually.
2026-07-09 04:04:36,356 - asyncio - ERROR - Exception in callback _ProactorBasePipeTransport._call_connection_lost()
handle: <Handle _ProactorBasePipeTransport._call_connection_lost()>
Traceback (most recent call last):
  File "C:\Python314\Lib\asyncio\events.py", line 94, in _run
    self._context.run(self._callback, *self._args)
    ~~~~~~~~~~~~~~~~~^^^^^^^^^^^^^^^^^^^^^^^^^^^^^
  File "C:\Python314\Lib\asyncio\proactor_events.py", line 165, in _call_connection_lost
    self._sock.shutdown(socket.SHUT_RDWR)
    ~~~~~~~~~~~~~~~~~~~^^^^^^^^^^^^^^^^^^
ConnectionResetError: [WinError 10054] Eine vorhandene Verbindung wurde vom Remotehost geschlossen
WARNING:  Unsupported upgrade request.
WARNING:  No supported WebSocket library detected. Please use "pip install 'uvicorn[standard]'", or install 'websockets' or 'wsproto' manually.
WARNING:  Unsupported upgrade request.
WARNING:  No supported WebSocket library detected. Please use "pip install 'uvicorn[standard]'", or install 'websockets' or 'wsproto' manually.
WARNING:  Unsupported upgrade request.
WARNING:  No supported WebSocket library detected. Please use "pip install 'uvicorn[standard]'", or install 'websockets' or 'wsproto' manually.
WARNING:  Unsupported upgrade request.
WARNING:  No supported WebSocket library detected. Please use "pip install 'uvicorn[standard]'", or install 'websockets' or 'wsproto' manually.
WARNING:  Unsupported upgrade request.
WARNING:  No supported WebSocket library detected. Please use "pip install 'uvicorn[standard]'", or install 'websockets' or 'wsproto' manually.
WARNING:  Unsupported upgrade request.
WARNING:  No supported WebSocket library detected. Please use "pip install 'uvicorn[standard]'", or install 'websockets' or 'wsproto' manually.
WARNING:  Unsupported upgrade request.
WARNING:  No supported WebSocket library detected. Please use "pip install 'uvicorn[standard]'", or install 'websockets' or 'wsproto' manually.
WARNING:  Unsupported upgrade request.
WARNING:  No supported WebSocket library detected. Please use "pip install 'uvicorn[standard]'", or install 'websockets' or 'wsproto' manually.
WARNING:  Unsupported upgrade request.
WARNING:  No supported WebSocket library detected. Please use "pip install 'uvicorn[standard]'", or install 'websockets' or 'wsproto' manually.
WARNING:  Unsupported upgrade request.
WARNING:  No supported WebSocket library detected. Please use "pip install 'uvicorn[standard]'", or install 'websockets' or 'wsproto' manually.
2026-07-09 04:04:45,699 - asyncio - ERROR - Exception in callback _ProactorBasePipeTransport._call_connection_lost()
handle: <Handle _ProactorBasePipeTransport._call_connection_lost()>
Traceback (most recent call last):
  File "C:\Python314\Lib\asyncio\events.py", line 94, in _run
    self._context.run(self._callback, *self._args)
    ~~~~~~~~~~~~~~~~~^^^^^^^^^^^^^^^^^^^^^^^^^^^^^
  File "C:\Python314\Lib\asyncio\proactor_events.py", line 165, in _call_connection_lost
    self._sock.shutdown(socket.SHUT_RDWR)
    ~~~~~~~~~~~~~~~~~~~^^^^^^^^^^^^^^^^^^
ConnectionResetError: [WinError 10054] Eine vorhandene Verbindung wurde vom Remotehost geschlossen
WARNING:  Unsupported upgrade request.
WARNING:  No supported WebSocket library detected. Please use "pip install 'uvicorn[standard]'", or install 'websockets' or 'wsproto' manually.
WARNING:  Unsupported upgrade request.
WARNING:  No supported WebSocket library detected. Please use "pip install 'uvicorn[standard]'", or install 'websockets' or 'wsproto' manually.
WARNING:  Unsupported upgrade request.
WARNING:  No supported WebSocket library detected. Please use "pip install 'uvicorn[standard]'", or install 'websockets' or 'wsproto' manually.
WARNING:  Unsupported upgrade request.
WARNING:  No supported WebSocket library detected. Please use "pip install 'uvicorn[standard]'", or install 'websockets' or 'wsproto' manually.
WARNING:  Unsupported upgrade request.
WARNING:  No supported WebSocket library detected. Please use "pip install 'uvicorn[standard]'", or install 'websockets' or 'wsproto' manually.
WARNING:  Unsupported upgrade request.
WARNING:  No supported WebSocket library detected. Please use "pip install 'uvicorn[standard]'", or install 'websockets' or 'wsproto' manually.
WARNING:  Unsupported upgrade request.
WARNING:  No supported WebSocket library detected. Please use "pip install 'uvicorn[standard]'", or install 'websockets' or 'wsproto' manually.
WARNING:  Unsupported upgrade request.
WARNING:  No supported WebSocket library detected. Please use "pip install 'uvicorn[standard]'", or install 'websockets' or 'wsproto' manually.
2026-07-09 04:04:52,095 - asyncio - ERROR - Exception in callback _ProactorBasePipeTransport._call_connection_lost()
handle: <Handle _ProactorBasePipeTransport._call_connection_lost()>
Traceback (most recent call last):
  File "C:\Python314\Lib\asyncio\events.py", line 94, in _run
    self._context.run(self._callback, *self._args)
    ~~~~~~~~~~~~~~~~~^^^^^^^^^^^^^^^^^^^^^^^^^^^^^
  File "C:\Python314\Lib\asyncio\proactor_events.py", line 165, in _call_connection_lost
    self._sock.shutdown(socket.SHUT_RDWR)
    ~~~~~~~~~~~~~~~~~~~^^^^^^^^^^^^^^^^^^
ConnectionResetError: [WinError 10054] Eine vorhandene Verbindung wurde vom Remotehost geschlossen
WARNING:  Unsupported upgrade request.
WARNING:  No supported WebSocket library detected. Please use "pip install 'uvicorn[standard]'", or install 'websockets' or 'wsproto' manually.
2026-07-09 04:04:53,733 - asyncio - ERROR - Exception in callback _ProactorBasePipeTransport._call_connection_lost()
handle: <Handle _ProactorBasePipeTransport._call_connection_lost()>
Traceback (most recent call last):
  File "C:\Python314\Lib\asyncio\events.py", line 94, in _run
    self._context.run(self._callback, *self._args)
    ~~~~~~~~~~~~~~~~~^^^^^^^^^^^^^^^^^^^^^^^^^^^^^
  File "C:\Python314\Lib\asyncio\proactor_events.py", line 165, in _call_connection_lost
    self._sock.shutdown(socket.SHUT_RDWR)
    ~~~~~~~~~~~~~~~~~~~^^^^^^^^^^^^^^^^^^
ConnectionResetError: [WinError 10054] Eine vorhandene Verbindung wurde vom Remotehost geschlossen
WARNING:  Unsupported upgrade request.
WARNING:  No supported WebSocket library detected. Please use "pip install 'uvicorn[standard]'", or install 'websockets' or 'wsproto' manually.
WARNING:  Unsupported upgrade request.
WARNING:  No supported WebSocket library detected. Please use "pip install 'uvicorn[standard]'", or install 'websockets' or 'wsproto' manually.
2026-07-09 04:04:55,371 - asyncio - ERROR - Exception in callback _ProactorBasePipeTransport._call_connection_lost()
handle: <Handle _ProactorBasePipeTransport._call_connection_lost()>
Traceback (most recent call last):
  File "C:\Python314\Lib\asyncio\events.py", line 94, in _run
    self._context.run(self._callback, *self._args)
    ~~~~~~~~~~~~~~~~~^^^^^^^^^^^^^^^^^^^^^^^^^^^^^
  File "C:\Python314\Lib\asyncio\proactor_events.py", line 165, in _call_connection_lost
    self._sock.shutdown(socket.SHUT_RDWR)
    ~~~~~~~~~~~~~~~~~~~^^^^^^^^^^^^^^^^^^
ConnectionResetError: [WinError 10054] Eine vorhandene Verbindung wurde vom Remotehost geschlossen
WARNING:  Unsupported upgrade request.
WARNING:  No supported WebSocket library detected. Please use "pip install 'uvicorn[standard]'", or install 'websockets' or 'wsproto' manually.
WARNING:  Unsupported upgrade request.
WARNING:  No supported WebSocket library detected. Please use "pip install 'uvicorn[standard]'", or install 'websockets' or 'wsproto' manually.
WARNING:  Unsupported upgrade request.
WARNING:  No supported WebSocket library detected. Please use "pip install 'uvicorn[standard]'", or install 'websockets' or 'wsproto' manually.
2026-07-09 04:04:56,853 - asyncio - ERROR - Exception in callback _ProactorBasePipeTransport._call_connection_lost()
handle: <Handle _ProactorBasePipeTransport._call_connection_lost()>
Traceback (most recent call last):
  File "C:\Python314\Lib\asyncio\events.py", line 94, in _run
    self._context.run(self._callback, *self._args)
    ~~~~~~~~~~~~~~~~~^^^^^^^^^^^^^^^^^^^^^^^^^^^^^
  File "C:\Python314\Lib\asyncio\proactor_events.py", line 165, in _call_connection_lost
    self._sock.shutdown(socket.SHUT_RDWR)
    ~~~~~~~~~~~~~~~~~~~^^^^^^^^^^^^^^^^^^
ConnectionResetError: [WinError 10054] Eine vorhandene Verbindung wurde vom Remotehost geschlossen
WARNING:  Unsupported upgrade request.
WARNING:  No supported WebSocket library detected. Please use "pip install 'uvicorn[standard]'", or install 'websockets' or 'wsproto' manually.
WARNING:  Unsupported upgrade request.
WARNING:  No supported WebSocket library detected. Please use "pip install 'uvicorn[standard]'", or install 'websockets' or 'wsproto' manually.
2026-07-09 04:04:58,387 - asyncio - ERROR - Exception in callback _ProactorBasePipeTransport._call_connection_lost()
handle: <Handle _ProactorBasePipeTransport._call_connection_lost()>
Traceback (most recent call last):
  File "C:\Python314\Lib\asyncio\events.py", line 94, in _run
    self._context.run(self._callback, *self._args)
    ~~~~~~~~~~~~~~~~~^^^^^^^^^^^^^^^^^^^^^^^^^^^^^
  File "C:\Python314\Lib\asyncio\proactor_events.py", line 165, in _call_connection_lost
    self._sock.shutdown(socket.SHUT_RDWR)
    ~~~~~~~~~~~~~~~~~~~^^^^^^^^^^^^^^^^^^
ConnectionResetError: [WinError 10054] Eine vorhandene Verbindung wurde vom Remotehost geschlossen
WARNING:  Unsupported upgrade request.
WARNING:  No supported WebSocket library detected. Please use "pip install 'uvicorn[standard]'", or install 'websockets' or 'wsproto' manually.
WARNING:  Unsupported upgrade request.
WARNING:  No supported WebSocket library detected. Please use "pip install 'uvicorn[standard]'", or install 'websockets' or 'wsproto' manually.
2026-07-09 04:05:01,778 - asyncio - ERROR - Exception in callback _ProactorBasePipeTransport._call_connection_lost()
handle: <Handle _ProactorBasePipeTransport._call_connection_lost()>
Traceback (most recent call last):
  File "C:\Python314\Lib\asyncio\events.py", line 94, in _run
    self._context.run(self._callback, *self._args)
    ~~~~~~~~~~~~~~~~~^^^^^^^^^^^^^^^^^^^^^^^^^^^^^
  File "C:\Python314\Lib\asyncio\proactor_events.py", line 165, in _call_connection_lost
    self._sock.shutdown(socket.SHUT_RDWR)
    ~~~~~~~~~~~~~~~~~~~^^^^^^^^^^^^^^^^^^
ConnectionResetError: [WinError 10054] Eine vorhandene Verbindung wurde vom Remotehost geschlossen
WARNING:  Unsupported upgrade request.
WARNING:  No supported WebSocket library detected. Please use "pip install 'uvicorn[standard]'", or install 'websockets' or 'wsproto' manually.
WARNING:  Unsupported upgrade request.
WARNING:  No supported WebSocket library detected. Please use "pip install 'uvicorn[standard]'", or install 'websockets' or 'wsproto' manually.
2026-07-09 04:05:04,207 - asyncio - ERROR - Exception in callback _ProactorBasePipeTransport._call_connection_lost()
handle: <Handle _ProactorBasePipeTransport._call_connection_lost()>
Traceback (most recent call last):
  File "C:\Python314\Lib\asyncio\events.py", line 94, in _run
    self._context.run(self._callback, *self._args)
    ~~~~~~~~~~~~~~~~~^^^^^^^^^^^^^^^^^^^^^^^^^^^^^
  File "C:\Python314\Lib\asyncio\proactor_events.py", line 165, in _call_connection_lost
    self._sock.shutdown(socket.SHUT_RDWR)
    ~~~~~~~~~~~~~~~~~~~^^^^^^^^^^^^^^^^^^
ConnectionResetError: [WinError 10054] Eine vorhandene Verbindung wurde vom Remotehost geschlossen
WARNING:  Unsupported upgrade request.
WARNING:  No supported WebSocket library detected. Please use "pip install 'uvicorn[standard]'", or install 'websockets' or 'wsproto' manually.
WARNING:  Unsupported upgrade request.
WARNING:  No supported WebSocket library detected. Please use "pip install 'uvicorn[standard]'", or install 'websockets' or 'wsproto' manually.
WARNING:  Unsupported upgrade request.
WARNING:  No supported WebSocket library detected. Please use "pip install 'uvicorn[standard]'", or install 'websockets' or 'wsproto' manually.
WARNING:  Unsupported upgrade request.
WARNING:  No supported WebSocket library detected. Please use "pip install 'uvicorn[standard]'", or install 'websockets' or 'wsproto' manually.
2026-07-09 04:05:05,806 - asyncio - ERROR - Exception in callback _ProactorBasePipeTransport._call_connection_lost()
handle: <Handle _ProactorBasePipeTransport._call_connection_lost()>
Traceback (most recent call last):
  File "C:\Python314\Lib\asyncio\events.py", line 94, in _run
    self._context.run(self._callback, *self._args)
    ~~~~~~~~~~~~~~~~~^^^^^^^^^^^^^^^^^^^^^^^^^^^^^
  File "C:\Python314\Lib\asyncio\proactor_events.py", line 165, in _call_connection_lost
    self._sock.shutdown(socket.SHUT_RDWR)
    ~~~~~~~~~~~~~~~~~~~^^^^^^^^^^^^^^^^^^
ConnectionResetError: [WinError 10054] Eine vorhandene Verbindung wurde vom Remotehost geschlossen
WARNING:  Unsupported upgrade request.
WARNING:  No supported WebSocket library detected. Please use "pip install 'uvicorn[standard]'", or install 'websockets' or 'wsproto' manually.
WARNING:  Unsupported upgrade request.
WARNING:  No supported WebSocket library detected. Please use "pip install 'uvicorn[standard]'", or install 'websockets' or 'wsproto' manually.
WARNING:  Unsupported upgrade request.
WARNING:  No supported WebSocket library detected. Please use "pip install 'uvicorn[standard]'", or install 'websockets' or 'wsproto' manually.
WARNING:  Unsupported upgrade request.
WARNING:  No supported WebSocket library detected. Please use "pip install 'uvicorn[standard]'", or install 'websockets' or 'wsproto' manually.
2026-07-09 04:05:10,905 - asyncio - ERROR - Exception in callback _ProactorBasePipeTransport._call_connection_lost()
handle: <Handle _ProactorBasePipeTransport._call_connection_lost()>
Traceback (most recent call last):
  File "C:\Python314\Lib\asyncio\events.py", line 94, in _run
    self._context.run(self._callback, *self._args)
    ~~~~~~~~~~~~~~~~~^^^^^^^^^^^^^^^^^^^^^^^^^^^^^
  File "C:\Python314\Lib\asyncio\proactor_events.py", line 165, in _call_connection_lost
    self._sock.shutdown(socket.SHUT_RDWR)
    ~~~~~~~~~~~~~~~~~~~^^^^^^^^^^^^^^^^^^
ConnectionResetError: [WinError 10054] Eine vorhandene Verbindung wurde vom Remotehost geschlossen
WARNING:  Unsupported upgrade request.
WARNING:  No supported WebSocket library detected. Please use "pip install 'uvicorn[standard]'", or install 'websockets' or 'wsproto' manually.
WARNING:  Unsupported upgrade request.
WARNING:  No supported WebSocket library detected. Please use "pip install 'uvicorn[standard]'", or install 'websockets' or 'wsproto' manually.
WARNING:  Unsupported upgrade request.
WARNING:  No supported WebSocket library detected. Please use "pip install 'uvicorn[standard]'", or install 'websockets' or 'wsproto' manually.
2026-07-09 04:05:13,401 - asyncio - ERROR - Exception in callback _ProactorBasePipeTransport._call_connection_lost()
handle: <Handle _ProactorBasePipeTransport._call_connection_lost()>
Traceback (most recent call last):
  File "C:\Python314\Lib\asyncio\events.py", line 94, in _run
    self._context.run(self._callback, *self._args)
    ~~~~~~~~~~~~~~~~~^^^^^^^^^^^^^^^^^^^^^^^^^^^^^
  File "C:\Python314\Lib\asyncio\proactor_events.py", line 165, in _call_connection_lost
    self._sock.shutdown(socket.SHUT_RDWR)
    ~~~~~~~~~~~~~~~~~~~^^^^^^^^^^^^^^^^^^
ConnectionResetError: [WinError 10054] Eine vorhandene Verbindung wurde vom Remotehost geschlossen
WARNING:  Unsupported upgrade request.
WARNING:  No supported WebSocket library detected. Please use "pip install 'uvicorn[standard]'", or install 'websockets' or 'wsproto' manually.
WARNING:  Unsupported upgrade request.
WARNING:  No supported WebSocket library detected. Please use "pip install 'uvicorn[standard]'", or install 'websockets' or 'wsproto' manually.
WARNING:  Unsupported upgrade request.
WARNING:  No supported WebSocket library detected. Please use "pip install 'uvicorn[standard]'", or install 'websockets' or 'wsproto' manually.
2026-07-09 04:05:17,800 - asyncio - ERROR - Exception in callback _ProactorBasePipeTransport._call_connection_lost()
handle: <Handle _ProactorBasePipeTransport._call_connection_lost()>
Traceback (most recent call last):
  File "C:\Python314\Lib\asyncio\events.py", line 94, in _run
    self._context.run(self._callback, *self._args)
    ~~~~~~~~~~~~~~~~~^^^^^^^^^^^^^^^^^^^^^^^^^^^^^
  File "C:\Python314\Lib\asyncio\proactor_events.py", line 165, in _call_connection_lost
    self._sock.shutdown(socket.SHUT_RDWR)
    ~~~~~~~~~~~~~~~~~~~^^^^^^^^^^^^^^^^^^
ConnectionResetError: [WinError 10054] Eine vorhandene Verbindung wurde vom Remotehost geschlossen
WARNING:  Unsupported upgrade request.
WARNING:  No supported WebSocket library detected. Please use "pip install 'uvicorn[standard]'", or install 'websockets' or 'wsproto' manually.
WARNING:  Unsupported upgrade request.
WARNING:  No supported WebSocket library detected. Please use "pip install 'uvicorn[standard]'", or install 'websockets' or 'wsproto' manually.
2026-07-09 04:05:18,292 - asyncio - ERROR - Exception in callback _ProactorBasePipeTransport._call_connection_lost()
handle: <Handle _ProactorBasePipeTransport._call_connection_lost()>
Traceback (most recent call last):
  File "C:\Python314\Lib\asyncio\events.py", line 94, in _run
    self._context.run(self._callback, *self._args)
    ~~~~~~~~~~~~~~~~~^^^^^^^^^^^^^^^^^^^^^^^^^^^^^
  File "C:\Python314\Lib\asyncio\proactor_events.py", line 165, in _call_connection_lost
    self._sock.shutdown(socket.SHUT_RDWR)
    ~~~~~~~~~~~~~~~~~~~^^^^^^^^^^^^^^^^^^
ConnectionResetError: [WinError 10054] Eine vorhandene Verbindung wurde vom Remotehost geschlossen
WARNING:  Unsupported upgrade request.
WARNING:  No supported WebSocket library detected. Please use "pip install 'uvicorn[standard]'", or install 'websockets' or 'wsproto' manually.
WARNING:  Unsupported upgrade request.
WARNING:  No supported WebSocket library detected. Please use "pip install 'uvicorn[standard]'", or install 'websockets' or 'wsproto' manually.
2026-07-09 04:05:21,123 - asyncio - ERROR - Exception in callback _ProactorBasePipeTransport._call_connection_lost()
handle: <Handle _ProactorBasePipeTransport._call_connection_lost()>
Traceback (most recent call last):
  File "C:\Python314\Lib\asyncio\events.py", line 94, in _run
    self._context.run(self._callback, *self._args)
    ~~~~~~~~~~~~~~~~~^^^^^^^^^^^^^^^^^^^^^^^^^^^^^
  File "C:\Python314\Lib\asyncio\proactor_events.py", line 165, in _call_connection_lost
    self._sock.shutdown(socket.SHUT_RDWR)
    ~~~~~~~~~~~~~~~~~~~^^^^^^^^^^^^^^^^^^
ConnectionResetError: [WinError 10054] Eine vorhandene Verbindung wurde vom Remotehost geschlossen
WARNING:  Unsupported upgrade request.
WARNING:  No supported WebSocket library detected. Please use "pip install 'uvicorn[standard]'", or install 'websockets' or 'wsproto' manually.
2026-07-09 04:05:21,897 - asyncio - ERROR - Exception in callback _ProactorBasePipeTransport._call_connection_lost()
handle: <Handle _ProactorBasePipeTransport._call_connection_lost()>
Traceback (most recent call last):
  File "C:\Python314\Lib\asyncio\events.py", line 94, in _run
    self._context.run(self._callback, *self._args)
    ~~~~~~~~~~~~~~~~~^^^^^^^^^^^^^^^^^^^^^^^^^^^^^
  File "C:\Python314\Lib\asyncio\proactor_events.py", line 165, in _call_connection_lost
    self._sock.shutdown(socket.SHUT_RDWR)
    ~~~~~~~~~~~~~~~~~~~^^^^^^^^^^^^^^^^^^
ConnectionResetError: [WinError 10054] Eine vorhandene Verbindung wurde vom Remotehost geschlossen
WARNING:  Unsupported upgrade request.
WARNING:  No supported WebSocket library detected. Please use "pip install 'uvicorn[standard]'", or install 'websockets' or 'wsproto' manually.
WARNING:  Unsupported upgrade request.
WARNING:  No supported WebSocket library detected. Please use "pip install 'uvicorn[standard]'", or install 'websockets' or 'wsproto' manually.
2026-07-09 04:05:22,472 - asyncio - ERROR - Exception in callback _ProactorBasePipeTransport._call_connection_lost()
handle: <Handle _ProactorBasePipeTransport._call_connection_lost()>
Traceback (most recent call last):
  File "C:\Python314\Lib\asyncio\events.py", line 94, in _run
    self._context.run(self._callback, *self._args)
    ~~~~~~~~~~~~~~~~~^^^^^^^^^^^^^^^^^^^^^^^^^^^^^
  File "C:\Python314\Lib\asyncio\proactor_events.py", line 165, in _call_connection_lost
    self._sock.shutdown(socket.SHUT_RDWR)
    ~~~~~~~~~~~~~~~~~~~^^^^^^^^^^^^^^^^^^
ConnectionResetError: [WinError 10054] Eine vorhandene Verbindung wurde vom Remotehost geschlossen
WARNING:  Unsupported upgrade request.
WARNING:  No supported WebSocket library detected. Please use "pip install 'uvicorn[standard]'", or install 'websockets' or 'wsproto' manually.
2026-07-09 04:05:25,947 - asyncio - ERROR - Exception in callback _ProactorBasePipeTransport._call_connection_lost()
handle: <Handle _ProactorBasePipeTransport._call_connection_lost()>
Traceback (most recent call last):
  File "C:\Python314\Lib\asyncio\events.py", line 94, in _run
    self._context.run(self._callback, *self._args)
    ~~~~~~~~~~~~~~~~~^^^^^^^^^^^^^^^^^^^^^^^^^^^^^
  File "C:\Python314\Lib\asyncio\proactor_events.py", line 165, in _call_connection_lost
    self._sock.shutdown(socket.SHUT_RDWR)
    ~~~~~~~~~~~~~~~~~~~^^^^^^^^^^^^^^^^^^
ConnectionResetError: [WinError 10054] Eine vorhandene Verbindung wurde vom Remotehost geschlossen
WARNING:  Unsupported upgrade request.
WARNING:  No supported WebSocket library detected. Please use "pip install 'uvicorn[standard]'", or install 'websockets' or 'wsproto' manually.
WARNING:  Unsupported upgrade request.
WARNING:  No supported WebSocket library detected. Please use "pip install 'uvicorn[standard]'", or install 'websockets' or 'wsproto' manually.
WARNING:  Unsupported upgrade request.
WARNING:  No supported WebSocket library detected. Please use "pip install 'uvicorn[standard]'", or install 'websockets' or 'wsproto' manually.
WARNING:  Unsupported upgrade request.
WARNING:  No supported WebSocket library detected. Please use "pip install 'uvicorn[standard]'", or install 'websockets' or 'wsproto' manually.
WARNING:  Unsupported upgrade request.
WARNING:  No supported WebSocket library detected. Please use "pip install 'uvicorn[standard]'", or install 'websockets' or 'wsproto' manually.
WARNING:  Unsupported upgrade request.
WARNING:  No supported WebSocket library detected. Please use "pip install 'uvicorn[standard]'", or install 'websockets' or 'wsproto' manually.
WARNING:  Unsupported upgrade request.
WARNING:  No supported WebSocket library detected. Please use "pip install 'uvicorn[standard]'", or install 'websockets' or 'wsproto' manually.
WARNING:  Unsupported upgrade request.
WARNING:  No supported WebSocket library detected. Please use "pip install 'uvicorn[standard]'", or install 'websockets' or 'wsproto' manually.
WARNING:  Unsupported upgrade request.
WARNING:  No supported WebSocket library detected. Please use "pip install 'uvicorn[standard]'", or install 'websockets' or 'wsproto' manually.
2026-07-09 04:05:33,916 - asyncio - ERROR - Exception in callback _ProactorBasePipeTransport._call_connection_lost()
handle: <Handle _ProactorBasePipeTransport._call_connection_lost()>
Traceback (most recent call last):
  File "C:\Python314\Lib\asyncio\events.py", line 94, in _run
    self._context.run(self._callback, *self._args)
    ~~~~~~~~~~~~~~~~~^^^^^^^^^^^^^^^^^^^^^^^^^^^^^
  File "C:\Python314\Lib\asyncio\proactor_events.py", line 165, in _call_connection_lost
    self._sock.shutdown(socket.SHUT_RDWR)
    ~~~~~~~~~~~~~~~~~~~^^^^^^^^^^^^^^^^^^
ConnectionResetError: [WinError 10054] Eine vorhandene Verbindung wurde vom Remotehost geschlossen
WARNING:  Unsupported upgrade request.
WARNING:  No supported WebSocket library detected. Please use "pip install 'uvicorn[standard]'", or install 'websockets' or 'wsproto' manually.
WARNING:  Unsupported upgrade request.
WARNING:  No supported WebSocket library detected. Please use "pip install 'uvicorn[standard]'", or install 'websockets' or 'wsproto' manually.
2026-07-09 04:05:34,043 - asyncio - ERROR - Exception in callback _ProactorBasePipeTransport._call_connection_lost()
handle: <Handle _ProactorBasePipeTransport._call_connection_lost()>
Traceback (most recent call last):
  File "C:\Python314\Lib\asyncio\events.py", line 94, in _run
    self._context.run(self._callback, *self._args)
    ~~~~~~~~~~~~~~~~~^^^^^^^^^^^^^^^^^^^^^^^^^^^^^
  File "C:\Python314\Lib\asyncio\proactor_events.py", line 165, in _call_connection_lost
    self._sock.shutdown(socket.SHUT_RDWR)
    ~~~~~~~~~~~~~~~~~~~^^^^^^^^^^^^^^^^^^
ConnectionResetError: [WinError 10054] Eine vorhandene Verbindung wurde vom Remotehost geschlossen
WARNING:  Unsupported upgrade request.
WARNING:  No supported WebSocket library detected. Please use "pip install 'uvicorn[standard]'", or install 'websockets' or 'wsproto' manually.
WARNING:  Unsupported upgrade request.
WARNING:  No supported WebSocket library detected. Please use "pip install 'uvicorn[standard]'", or install 'websockets' or 'wsproto' manually.
WARNING:  Unsupported upgrade request.
WARNING:  No supported WebSocket library detected. Please use "pip install 'uvicorn[standard]'", or install 'websockets' or 'wsproto' manually.
WARNING:  Unsupported upgrade request.
WARNING:  No supported WebSocket library detected. Please use "pip install 'uvicorn[standard]'", or install 'websockets' or 'wsproto' manually.
WARNING:  Unsupported upgrade request.
WARNING:  No supported WebSocket library detected. Please use "pip install 'uvicorn[standard]'", or install 'websockets' or 'wsproto' manually.
WARNING:  Unsupported upgrade request.
WARNING:  No supported WebSocket library detected. Please use "pip install 'uvicorn[standard]'", or install 'websockets' or 'wsproto' manually.
2026-07-09 04:05:41,131 - asyncio - ERROR - Exception in callback _ProactorBasePipeTransport._call_connection_lost()
handle: <Handle _ProactorBasePipeTransport._call_connection_lost()>
Traceback (most recent call last):
  File "C:\Python314\Lib\asyncio\events.py", line 94, in _run
    self._context.run(self._callback, *self._args)
    ~~~~~~~~~~~~~~~~~^^^^^^^^^^^^^^^^^^^^^^^^^^^^^
  File "C:\Python314\Lib\asyncio\proactor_events.py", line 165, in _call_connection_lost
    self._sock.shutdown(socket.SHUT_RDWR)
    ~~~~~~~~~~~~~~~~~~~^^^^^^^^^^^^^^^^^^
ConnectionResetError: [WinError 10054] Eine vorhandene Verbindung wurde vom Remotehost geschlossen
WARNING:  Unsupported upgrade request.
WARNING:  No supported WebSocket library detected. Please use "pip install 'uvicorn[standard]'", or install 'websockets' or 'wsproto' manually.
2026-07-09 04:05:41,240 - asyncio - ERROR - Exception in callback _ProactorBasePipeTransport._call_connection_lost()
handle: <Handle _ProactorBasePipeTransport._call_connection_lost()>
Traceback (most recent call last):
  File "C:\Python314\Lib\asyncio\events.py", line 94, in _run
    self._context.run(self._callback, *self._args)
    ~~~~~~~~~~~~~~~~~^^^^^^^^^^^^^^^^^^^^^^^^^^^^^
  File "C:\Python314\Lib\asyncio\proactor_events.py", line 165, in _call_connection_lost
    self._sock.shutdown(socket.SHUT_RDWR)
    ~~~~~~~~~~~~~~~~~~~^^^^^^^^^^^^^^^^^^
ConnectionResetError: [WinError 10054] Eine vorhandene Verbindung wurde vom Remotehost geschlossen
WARNING:  Unsupported upgrade request.
WARNING:  No supported WebSocket library detected. Please use "pip install 'uvicorn[standard]'", or install 'websockets' or 'wsproto' manually.
2026-07-09 04:05:41,988 - asyncio - ERROR - Exception in callback _ProactorBasePipeTransport._call_connection_lost()
handle: <Handle _ProactorBasePipeTransport._call_connection_lost()>
Traceback (most recent call last):
  File "C:\Python314\Lib\asyncio\events.py", line 94, in _run
    self._context.run(self._callback, *self._args)
    ~~~~~~~~~~~~~~~~~^^^^^^^^^^^^^^^^^^^^^^^^^^^^^
  File "C:\Python314\Lib\asyncio\proactor_events.py", line 165, in _call_connection_lost
    self._sock.shutdown(socket.SHUT_RDWR)
    ~~~~~~~~~~~~~~~~~~~^^^^^^^^^^^^^^^^^^
ConnectionResetError: [WinError 10054] Eine vorhandene Verbindung wurde vom Remotehost geschlossen
WARNING:  Unsupported upgrade request.
WARNING:  No supported WebSocket library detected. Please use "pip install 'uvicorn[standard]'", or install 'websockets' or 'wsproto' manually.
WARNING:  Unsupported upgrade request.
WARNING:  No supported WebSocket library detected. Please use "pip install 'uvicorn[standard]'", or install 'websockets' or 'wsproto' manually.
2026-07-09 04:05:44,088 - asyncio - ERROR - Exception in callback _ProactorBasePipeTransport._call_connection_lost()
handle: <Handle _ProactorBasePipeTransport._call_connection_lost()>
Traceback (most recent call last):
  File "C:\Python314\Lib\asyncio\events.py", line 94, in _run
    self._context.run(self._callback, *self._args)
    ~~~~~~~~~~~~~~~~~^^^^^^^^^^^^^^^^^^^^^^^^^^^^^
  File "C:\Python314\Lib\asyncio\proactor_events.py", line 165, in _call_connection_lost
    self._sock.shutdown(socket.SHUT_RDWR)
    ~~~~~~~~~~~~~~~~~~~^^^^^^^^^^^^^^^^^^
ConnectionResetError: [WinError 10054] Eine vorhandene Verbindung wurde vom Remotehost geschlossen
WARNING:  Unsupported upgrade request.
WARNING:  No supported WebSocket library detected. Please use "pip install 'uvicorn[standard]'", or install 'websockets' or 'wsproto' manually.
WARNING:  Unsupported upgrade request.
WARNING:  No supported WebSocket library detected. Please use "pip install 'uvicorn[standard]'", or install 'websockets' or 'wsproto' manually.
WARNING:  Unsupported upgrade request.
WARNING:  No supported WebSocket library detected. Please use "pip install 'uvicorn[standard]'", or install 'websockets' or 'wsproto' manually.
WARNING:  Unsupported upgrade request.
WARNING:  No supported WebSocket library detected. Please use "pip install 'uvicorn[standard]'", or install 'websockets' or 'wsproto' manually.
WARNING:  Unsupported upgrade request.
WARNING:  No supported WebSocket library detected. Please use "pip install 'uvicorn[standard]'", or install 'websockets' or 'wsproto' manually.
WARNING:  Unsupported upgrade request.
WARNING:  No supported WebSocket library detected. Please use "pip install 'uvicorn[standard]'", or install 'websockets' or 'wsproto' manually.
2026-07-09 04:05:49,243 - asyncio - ERROR - Exception in callback _ProactorBasePipeTransport._call_connection_lost()
handle: <Handle _ProactorBasePipeTransport._call_connection_lost()>
Traceback (most recent call last):
  File "C:\Python314\Lib\asyncio\events.py", line 94, in _run
    self._context.run(self._callback, *self._args)
    ~~~~~~~~~~~~~~~~~^^^^^^^^^^^^^^^^^^^^^^^^^^^^^
  File "C:\Python314\Lib\asyncio\proactor_events.py", line 165, in _call_connection_lost
    self._sock.shutdown(socket.SHUT_RDWR)
    ~~~~~~~~~~~~~~~~~~~^^^^^^^^^^^^^^^^^^
ConnectionResetError: [WinError 10054] Eine vorhandene Verbindung wurde vom Remotehost geschlossen
WARNING:  Unsupported upgrade request.
WARNING:  No supported WebSocket library detected. Please use "pip install 'uvicorn[standard]'", or install 'websockets' or 'wsproto' manually.
WARNING:  Unsupported upgrade request.
WARNING:  No supported WebSocket library detected. Please use "pip install 'uvicorn[standard]'", or install 'websockets' or 'wsproto' manually.
WARNING:  Unsupported upgrade request.
WARNING:  No supported WebSocket library detected. Please use "pip install 'uvicorn[standard]'", or install 'websockets' or 'wsproto' manually.
WARNING:  Unsupported upgrade request.
WARNING:  No supported WebSocket library detected. Please use "pip install 'uvicorn[standard]'", or install 'websockets' or 'wsproto' manually.
WARNING:  Unsupported upgrade request.
WARNING:  No supported WebSocket library detected. Please use "pip install 'uvicorn[standard]'", or install 'websockets' or 'wsproto' manually.
WARNING:  Unsupported upgrade request.
WARNING:  No supported WebSocket library detected. Please use "pip install 'uvicorn[standard]'", or install 'websockets' or 'wsproto' manually.
WARNING:  Unsupported upgrade request.
WARNING:  No supported WebSocket library detected. Please use "pip install 'uvicorn[standard]'", or install 'websockets' or 'wsproto' manually.
2026-07-09 04:05:54,222 - asyncio - ERROR - Exception in callback _ProactorBasePipeTransport._call_connection_lost()
handle: <Handle _ProactorBasePipeTransport._call_connection_lost()>
Traceback (most recent call last):
  File "C:\Python314\Lib\asyncio\events.py", line 94, in _run
    self._context.run(self._callback, *self._args)
    ~~~~~~~~~~~~~~~~~^^^^^^^^^^^^^^^^^^^^^^^^^^^^^
  File "C:\Python314\Lib\asyncio\proactor_events.py", line 165, in _call_connection_lost
    self._sock.shutdown(socket.SHUT_RDWR)
    ~~~~~~~~~~~~~~~~~~~^^^^^^^^^^^^^^^^^^
ConnectionResetError: [WinError 10054] Eine vorhandene Verbindung wurde vom Remotehost geschlossen
WARNING:  Unsupported upgrade request.
WARNING:  No supported WebSocket library detected. Please use "pip install 'uvicorn[standard]'", or install 'websockets' or 'wsproto' manually.
2026-07-09 04:05:54,238 - asyncio - ERROR - Exception in callback _ProactorBasePipeTransport._call_connection_lost()
handle: <Handle _ProactorBasePipeTransport._call_connection_lost()>
Traceback (most recent call last):
  File "C:\Python314\Lib\asyncio\events.py", line 94, in _run
    self._context.run(self._callback, *self._args)
    ~~~~~~~~~~~~~~~~~^^^^^^^^^^^^^^^^^^^^^^^^^^^^^
  File "C:\Python314\Lib\asyncio\proactor_events.py", line 165, in _call_connection_lost
    self._sock.shutdown(socket.SHUT_RDWR)
    ~~~~~~~~~~~~~~~~~~~^^^^^^^^^^^^^^^^^^
ConnectionResetError: [WinError 10054] Eine vorhandene Verbindung wurde vom Remotehost geschlossen
WARNING:  Unsupported upgrade request.
WARNING:  No supported WebSocket library detected. Please use "pip install 'uvicorn[standard]'", or install 'websockets' or 'wsproto' manually.
WARNING:  Unsupported upgrade request.
WARNING:  No supported WebSocket library detected. Please use "pip install 'uvicorn[standard]'", or install 'websockets' or 'wsproto' manually.
2026-07-09 04:05:56,244 - asyncio - ERROR - Exception in callback _ProactorBasePipeTransport._call_connection_lost()
handle: <Handle _ProactorBasePipeTransport._call_connection_lost()>
Traceback (most recent call last):
  File "C:\Python314\Lib\asyncio\events.py", line 94, in _run
    self._context.run(self._callback, *self._args)
    ~~~~~~~~~~~~~~~~~^^^^^^^^^^^^^^^^^^^^^^^^^^^^^
  File "C:\Python314\Lib\asyncio\proactor_events.py", line 165, in _call_connection_lost
    self._sock.shutdown(socket.SHUT_RDWR)
    ~~~~~~~~~~~~~~~~~~~^^^^^^^^^^^^^^^^^^
ConnectionResetError: [WinError 10054] Eine vorhandene Verbindung wurde vom Remotehost geschlossen
WARNING:  Unsupported upgrade request.
WARNING:  No supported WebSocket library detected. Please use "pip install 'uvicorn[standard]'", or install 'websockets' or 'wsproto' manually.
WARNING:  Unsupported upgrade request.
WARNING:  No supported WebSocket library detected. Please use "pip install 'uvicorn[standard]'", or install 'websockets' or 'wsproto' manually.
2026-07-09 04:05:59,243 - asyncio - ERROR - Exception in callback _ProactorBasePipeTransport._call_connection_lost()
handle: <Handle _ProactorBasePipeTransport._call_connection_lost()>
Traceback (most recent call last):
  File "C:\Python314\Lib\asyncio\events.py", line 94, in _run
    self._context.run(self._callback, *self._args)
    ~~~~~~~~~~~~~~~~~^^^^^^^^^^^^^^^^^^^^^^^^^^^^^
  File "C:\Python314\Lib\asyncio\proactor_events.py", line 165, in _call_connection_lost
    self._sock.shutdown(socket.SHUT_RDWR)
    ~~~~~~~~~~~~~~~~~~~^^^^^^^^^^^^^^^^^^
ConnectionResetError: [WinError 10054] Eine vorhandene Verbindung wurde vom Remotehost geschlossen
WARNING:  Unsupported upgrade request.
WARNING:  No supported WebSocket library detected. Please use "pip install 'uvicorn[standard]'", or install 'websockets' or 'wsproto' manually.
WARNING:  Unsupported upgrade request.
WARNING:  No supported WebSocket library detected. Please use "pip install 'uvicorn[standard]'", or install 'websockets' or 'wsproto' manually.
2026-07-09 04:06:00,183 - asyncio - ERROR - Exception in callback _ProactorBasePipeTransport._call_connection_lost()
handle: <Handle _ProactorBasePipeTransport._call_connection_lost()>
Traceback (most recent call last):
  File "C:\Python314\Lib\asyncio\events.py", line 94, in _run
    self._context.run(self._callback, *self._args)
    ~~~~~~~~~~~~~~~~~^^^^^^^^^^^^^^^^^^^^^^^^^^^^^
  File "C:\Python314\Lib\asyncio\proactor_events.py", line 165, in _call_connection_lost
    self._sock.shutdown(socket.SHUT_RDWR)
    ~~~~~~~~~~~~~~~~~~~^^^^^^^^^^^^^^^^^^
ConnectionResetError: [WinError 10054] Eine vorhandene Verbindung wurde vom Remotehost geschlossen
WARNING:  Unsupported upgrade request.
WARNING:  No supported WebSocket library detected. Please use "pip install 'uvicorn[standard]'", or install 'websockets' or 'wsproto' manually.
WARNING:  Unsupported upgrade request.
WARNING:  No supported WebSocket library detected. Please use "pip install 'uvicorn[standard]'", or install 'websockets' or 'wsproto' manually.
WARNING:  Unsupported upgrade request.
WARNING:  No supported WebSocket library detected. Please use "pip install 'uvicorn[standard]'", or install 'websockets' or 'wsproto' manually.
2026-07-09 04:06:01,818 - asyncio - ERROR - Exception in callback _ProactorBasePipeTransport._call_connection_lost()
handle: <Handle _ProactorBasePipeTransport._call_connection_lost()>
Traceback (most recent call last):
  File "C:\Python314\Lib\asyncio\events.py", line 94, in _run
    self._context.run(self._callback, *self._args)
    ~~~~~~~~~~~~~~~~~^^^^^^^^^^^^^^^^^^^^^^^^^^^^^
  File "C:\Python314\Lib\asyncio\proactor_events.py", line 165, in _call_connection_lost
    self._sock.shutdown(socket.SHUT_RDWR)
    ~~~~~~~~~~~~~~~~~~~^^^^^^^^^^^^^^^^^^
ConnectionResetError: [WinError 10054] Eine vorhandene Verbindung wurde vom Remotehost geschlossen
WARNING:  Unsupported upgrade request.
WARNING:  No supported WebSocket library detected. Please use "pip install 'uvicorn[standard]'", or install 'websockets' or 'wsproto' manually.
2026-07-09 04:06:02,283 - asyncio - ERROR - Exception in callback _ProactorBasePipeTransport._call_connection_lost()
handle: <Handle _ProactorBasePipeTransport._call_connection_lost()>
Traceback (most recent call last):
  File "C:\Python314\Lib\asyncio\events.py", line 94, in _run
    self._context.run(self._callback, *self._args)
    ~~~~~~~~~~~~~~~~~^^^^^^^^^^^^^^^^^^^^^^^^^^^^^
  File "C:\Python314\Lib\asyncio\proactor_events.py", line 165, in _call_connection_lost
    self._sock.shutdown(socket.SHUT_RDWR)
    ~~~~~~~~~~~~~~~~~~~^^^^^^^^^^^^^^^^^^
ConnectionResetError: [WinError 10054] Eine vorhandene Verbindung wurde vom Remotehost geschlossen
WARNING:  Unsupported upgrade request.
WARNING:  No supported WebSocket library detected. Please use "pip install 'uvicorn[standard]'", or install 'websockets' or 'wsproto' manually.
WARNING:  Unsupported upgrade request.
WARNING:  No supported WebSocket library detected. Please use "pip install 'uvicorn[standard]'", or install 'websockets' or 'wsproto' manually.
2026-07-09 04:06:05,244 - asyncio - ERROR - Exception in callback _ProactorBasePipeTransport._call_connection_lost()
handle: <Handle _ProactorBasePipeTransport._call_connection_lost()>
Traceback (most recent call last):
  File "C:\Python314\Lib\asyncio\events.py", line 94, in _run
    self._context.run(self._callback, *self._args)
    ~~~~~~~~~~~~~~~~~^^^^^^^^^^^^^^^^^^^^^^^^^^^^^
  File "C:\Python314\Lib\asyncio\proactor_events.py", line 165, in _call_connection_lost
    self._sock.shutdown(socket.SHUT_RDWR)
    ~~~~~~~~~~~~~~~~~~~^^^^^^^^^^^^^^^^^^
ConnectionResetError: [WinError 10054] Eine vorhandene Verbindung wurde vom Remotehost geschlossen
WARNING:  Unsupported upgrade request.
WARNING:  No supported WebSocket library detected. Please use "pip install 'uvicorn[standard]'", or install 'websockets' or 'wsproto' manually.
WARNING:  Unsupported upgrade request.
WARNING:  No supported WebSocket library detected. Please use "pip install 'uvicorn[standard]'", or install 'websockets' or 'wsproto' manually.
2026-07-09 04:06:06,303 - asyncio - ERROR - Exception in callback _ProactorBasePipeTransport._call_connection_lost()
handle: <Handle _ProactorBasePipeTransport._call_connection_lost()>
Traceback (most recent call last):
  File "C:\Python314\Lib\asyncio\events.py", line 94, in _run
    self._context.run(self._callback, *self._args)
    ~~~~~~~~~~~~~~~~~^^^^^^^^^^^^^^^^^^^^^^^^^^^^^
  File "C:\Python314\Lib\asyncio\proactor_events.py", line 165, in _call_connection_lost
    self._sock.shutdown(socket.SHUT_RDWR)
    ~~~~~~~~~~~~~~~~~~~^^^^^^^^^^^^^^^^^^
ConnectionResetError: [WinError 10054] Eine vorhandene Verbindung wurde vom Remotehost geschlossen
WARNING:  Unsupported upgrade request.
WARNING:  No supported WebSocket library detected. Please use "pip install 'uvicorn[standard]'", or install 'websockets' or 'wsproto' manually.
WARNING:  Unsupported upgrade request.
WARNING:  No supported WebSocket library detected. Please use "pip install 'uvicorn[standard]'", or install 'websockets' or 'wsproto' manually.
WARNING:  Unsupported upgrade request.
WARNING:  No supported WebSocket library detected. Please use "pip install 'uvicorn[standard]'", or install 'websockets' or 'wsproto' manually.
WARNING:  Unsupported upgrade request.
WARNING:  No supported WebSocket library detected. Please use "pip install 'uvicorn[standard]'", or install 'websockets' or 'wsproto' manually.
WARNING:  Unsupported upgrade request.
WARNING:  No supported WebSocket library detected. Please use "pip install 'uvicorn[standard]'", or install 'websockets' or 'wsproto' manually.
WARNING:  Unsupported upgrade request.
WARNING:  No supported WebSocket library detected. Please use "pip install 'uvicorn[standard]'", or install 'websockets' or 'wsproto' manually.
2026-07-09 04:06:11,055 - asyncio - ERROR - Exception in callback _ProactorBasePipeTransport._call_connection_lost()
handle: <Handle _ProactorBasePipeTransport._call_connection_lost()>
Traceback (most recent call last):
  File "C:\Python314\Lib\asyncio\events.py", line 94, in _run
    self._context.run(self._callback, *self._args)
    ~~~~~~~~~~~~~~~~~^^^^^^^^^^^^^^^^^^^^^^^^^^^^^
  File "C:\Python314\Lib\asyncio\proactor_events.py", line 165, in _call_connection_lost
    self._sock.shutdown(socket.SHUT_RDWR)
    ~~~~~~~~~~~~~~~~~~~^^^^^^^^^^^^^^^^^^
ConnectionResetError: [WinError 10054] Eine vorhandene Verbindung wurde vom Remotehost geschlossen
WARNING:  Unsupported upgrade request.
WARNING:  No supported WebSocket library detected. Please use "pip install 'uvicorn[standard]'", or install 'websockets' or 'wsproto' manually.
WARNING:  Unsupported upgrade request.
WARNING:  No supported WebSocket library detected. Please use "pip install 'uvicorn[standard]'", or install 'websockets' or 'wsproto' manually.
WARNING:  Unsupported upgrade request.
WARNING:  No supported WebSocket library detected. Please use "pip install 'uvicorn[standard]'", or install 'websockets' or 'wsproto' manually.
WARNING:  Unsupported upgrade request.
WARNING:  No supported WebSocket library detected. Please use "pip install 'uvicorn[standard]'", or install 'websockets' or 'wsproto' manually.
WARNING:  Unsupported upgrade request.
WARNING:  No supported WebSocket library detected. Please use "pip install 'uvicorn[standard]'", or install 'websockets' or 'wsproto' manually.
WARNING:  Unsupported upgrade request.
WARNING:  No supported WebSocket library detected. Please use "pip install 'uvicorn[standard]'", or install 'websockets' or 'wsproto' manually.
WARNING:  Unsupported upgrade request.
WARNING:  No supported WebSocket library detected. Please use "pip install 'uvicorn[standard]'", or install 'websockets' or 'wsproto' manually.
WARNING:  Unsupported upgrade request.
WARNING:  No supported WebSocket library detected. Please use "pip install 'uvicorn[standard]'", or install 'websockets' or 'wsproto' manually.
2026-07-09 04:06:18,418 - asyncio - ERROR - Exception in callback _ProactorBasePipeTransport._call_connection_lost()
handle: <Handle _ProactorBasePipeTransport._call_connection_lost()>
Traceback (most recent call last):
  File "C:\Python314\Lib\asyncio\events.py", line 94, in _run
    self._context.run(self._callback, *self._args)
    ~~~~~~~~~~~~~~~~~^^^^^^^^^^^^^^^^^^^^^^^^^^^^^
  File "C:\Python314\Lib\asyncio\proactor_events.py", line 165, in _call_connection_lost
    self._sock.shutdown(socket.SHUT_RDWR)
    ~~~~~~~~~~~~~~~~~~~^^^^^^^^^^^^^^^^^^
ConnectionResetError: [WinError 10054] Eine vorhandene Verbindung wurde vom Remotehost geschlossen
WARNING:  Unsupported upgrade request.
WARNING:  No supported WebSocket library detected. Please use "pip install 'uvicorn[standard]'", or install 'websockets' or 'wsproto' manually.
WARNING:  Unsupported upgrade request.
WARNING:  No supported WebSocket library detected. Please use "pip install 'uvicorn[standard]'", or install 'websockets' or 'wsproto' manually.
2026-07-09 04:06:19,602 - asyncio - ERROR - Exception in callback _ProactorBasePipeTransport._call_connection_lost()
handle: <Handle _ProactorBasePipeTransport._call_connection_lost()>
Traceback (most recent call last):
  File "C:\Python314\Lib\asyncio\events.py", line 94, in _run
    self._context.run(self._callback, *self._args)
    ~~~~~~~~~~~~~~~~~^^^^^^^^^^^^^^^^^^^^^^^^^^^^^
  File "C:\Python314\Lib\asyncio\proactor_events.py", line 165, in _call_connection_lost
    self._sock.shutdown(socket.SHUT_RDWR)
    ~~~~~~~~~~~~~~~~~~~^^^^^^^^^^^^^^^^^^
ConnectionResetError: [WinError 10054] Eine vorhandene Verbindung wurde vom Remotehost geschlossen
WARNING:  Unsupported upgrade request.
WARNING:  No supported WebSocket library detected. Please use "pip install 'uvicorn[standard]'", or install 'websockets' or 'wsproto' manually.
WARNING:  Unsupported upgrade request.
WARNING:  No supported WebSocket library detected. Please use "pip install 'uvicorn[standard]'", or install 'websockets' or 'wsproto' manually.
WARNING:  Unsupported upgrade request.
WARNING:  No supported WebSocket library detected. Please use "pip install 'uvicorn[standard]'", or install 'websockets' or 'wsproto' manually.
2026-07-09 04:06:22,464 - asyncio - ERROR - Exception in callback _ProactorBasePipeTransport._call_connection_lost()
handle: <Handle _ProactorBasePipeTransport._call_connection_lost()>
Traceback (most recent call last):
  File "C:\Python314\Lib\asyncio\events.py", line 94, in _run
    self._context.run(self._callback, *self._args)
    ~~~~~~~~~~~~~~~~~^^^^^^^^^^^^^^^^^^^^^^^^^^^^^
  File "C:\Python314\Lib\asyncio\proactor_events.py", line 165, in _call_connection_lost
    self._sock.shutdown(socket.SHUT_RDWR)
    ~~~~~~~~~~~~~~~~~~~^^^^^^^^^^^^^^^^^^
ConnectionResetError: [WinError 10054] Eine vorhandene Verbindung wurde vom Remotehost geschlossen
WARNING:  Unsupported upgrade request.
WARNING:  No supported WebSocket library detected. Please use "pip install 'uvicorn[standard]'", or install 'websockets' or 'wsproto' manually.
WARNING:  Unsupported upgrade request.
WARNING:  No supported WebSocket library detected. Please use "pip install 'uvicorn[standard]'", or install 'websockets' or 'wsproto' manually.
2026-07-09 04:06:23,271 - asyncio - ERROR - Exception in callback _ProactorBasePipeTransport._call_connection_lost()
handle: <Handle _ProactorBasePipeTransport._call_connection_lost()>
Traceback (most recent call last):
  File "C:\Python314\Lib\asyncio\events.py", line 94, in _run
    self._context.run(self._callback, *self._args)
    ~~~~~~~~~~~~~~~~~^^^^^^^^^^^^^^^^^^^^^^^^^^^^^
  File "C:\Python314\Lib\asyncio\proactor_events.py", line 165, in _call_connection_lost
    self._sock.shutdown(socket.SHUT_RDWR)
    ~~~~~~~~~~~~~~~~~~~^^^^^^^^^^^^^^^^^^
ConnectionResetError: [WinError 10054] Eine vorhandene Verbindung wurde vom Remotehost geschlossen
WARNING:  Unsupported upgrade request.
WARNING:  No supported WebSocket library detected. Please use "pip install 'uvicorn[standard]'", or install 'websockets' or 'wsproto' manually.
WARNING:  Unsupported upgrade request.
WARNING:  No supported WebSocket library detected. Please use "pip install 'uvicorn[standard]'", or install 'websockets' or 'wsproto' manually.
WARNING:  Unsupported upgrade request.
WARNING:  No supported WebSocket library detected. Please use "pip install 'uvicorn[standard]'", or install 'websockets' or 'wsproto' manually.
2026-07-09 04:06:26,268 - asyncio - ERROR - Exception in callback _ProactorBasePipeTransport._call_connection_lost()
handle: <Handle _ProactorBasePipeTransport._call_connection_lost()>
Traceback (most recent call last):
  File "C:\Python314\Lib\asyncio\events.py", line 94, in _run
    self._context.run(self._callback, *self._args)
    ~~~~~~~~~~~~~~~~~^^^^^^^^^^^^^^^^^^^^^^^^^^^^^
  File "C:\Python314\Lib\asyncio\proactor_events.py", line 165, in _call_connection_lost
    self._sock.shutdown(socket.SHUT_RDWR)
    ~~~~~~~~~~~~~~~~~~~^^^^^^^^^^^^^^^^^^
ConnectionResetError: [WinError 10054] Eine vorhandene Verbindung wurde vom Remotehost geschlossen
WARNING:  Unsupported upgrade request.
WARNING:  No supported WebSocket library detected. Please use "pip install 'uvicorn[standard]'", or install 'websockets' or 'wsproto' manually.
WARNING:  Unsupported upgrade request.
WARNING:  No supported WebSocket library detected. Please use "pip install 'uvicorn[standard]'", or install 'websockets' or 'wsproto' manually.
2026-07-09 04:06:28,331 - asyncio - ERROR - Exception in callback _ProactorBasePipeTransport._call_connection_lost()
handle: <Handle _ProactorBasePipeTransport._call_connection_lost()>
Traceback (most recent call last):
  File "C:\Python314\Lib\asyncio\events.py", line 94, in _run
    self._context.run(self._callback, *self._args)
    ~~~~~~~~~~~~~~~~~^^^^^^^^^^^^^^^^^^^^^^^^^^^^^
  File "C:\Python314\Lib\asyncio\proactor_events.py", line 165, in _call_connection_lost
    self._sock.shutdown(socket.SHUT_RDWR)
    ~~~~~~~~~~~~~~~~~~~^^^^^^^^^^^^^^^^^^
ConnectionResetError: [WinError 10054] Eine vorhandene Verbindung wurde vom Remotehost geschlossen
WARNING:  Unsupported upgrade request.
WARNING:  No supported WebSocket library detected. Please use "pip install 'uvicorn[standard]'", or install 'websockets' or 'wsproto' manually.
WARNING:  Unsupported upgrade request.
WARNING:  No supported WebSocket library detected. Please use "pip install 'uvicorn[standard]'", or install 'websockets' or 'wsproto' manually.
2026-07-09 04:06:29,280 - asyncio - ERROR - Exception in callback _ProactorBasePipeTransport._call_connection_lost()
handle: <Handle _ProactorBasePipeTransport._call_connection_lost()>
Traceback (most recent call last):
  File "C:\Python314\Lib\asyncio\events.py", line 94, in _run
    self._context.run(self._callback, *self._args)
    ~~~~~~~~~~~~~~~~~^^^^^^^^^^^^^^^^^^^^^^^^^^^^^
  File "C:\Python314\Lib\asyncio\proactor_events.py", line 165, in _call_connection_lost
    self._sock.shutdown(socket.SHUT_RDWR)
    ~~~~~~~~~~~~~~~~~~~^^^^^^^^^^^^^^^^^^
ConnectionResetError: [WinError 10054] Eine vorhandene Verbindung wurde vom Remotehost geschlossen
WARNING:  Unsupported upgrade request.
WARNING:  No supported WebSocket library detected. Please use "pip install 'uvicorn[standard]'", or install 'websockets' or 'wsproto' manually.
WARNING:  Unsupported upgrade request.
WARNING:  No supported WebSocket library detected. Please use "pip install 'uvicorn[standard]'", or install 'websockets' or 'wsproto' manually.
2026-07-09 04:06:30,252 - asyncio - ERROR - Exception in callback _ProactorBasePipeTransport._call_connection_lost()
handle: <Handle _ProactorBasePipeTransport._call_connection_lost()>
Traceback (most recent call last):
  File "C:\Python314\Lib\asyncio\events.py", line 94, in _run
    self._context.run(self._callback, *self._args)
    ~~~~~~~~~~~~~~~~~^^^^^^^^^^^^^^^^^^^^^^^^^^^^^
  File "C:\Python314\Lib\asyncio\proactor_events.py", line 165, in _call_connection_lost
    self._sock.shutdown(socket.SHUT_RDWR)
    ~~~~~~~~~~~~~~~~~~~^^^^^^^^^^^^^^^^^^
ConnectionResetError: [WinError 10054] Eine vorhandene Verbindung wurde vom Remotehost geschlossen
WARNING:  Unsupported upgrade request.
WARNING:  No supported WebSocket library detected. Please use "pip install 'uvicorn[standard]'", or install 'websockets' or 'wsproto' manually.
WARNING:  Unsupported upgrade request.
WARNING:  No supported WebSocket library detected. Please use "pip install 'uvicorn[standard]'", or install 'websockets' or 'wsproto' manually.
WARNING:  Unsupported upgrade request.
WARNING:  No supported WebSocket library detected. Please use "pip install 'uvicorn[standard]'", or install 'websockets' or 'wsproto' manually.
WARNING:  Unsupported upgrade request.
WARNING:  No supported WebSocket library detected. Please use "pip install 'uvicorn[standard]'", or install 'websockets' or 'wsproto' manually.
2026-07-09 04:06:34,705 - asyncio - ERROR - Exception in callback _ProactorBasePipeTransport._call_connection_lost()
handle: <Handle _ProactorBasePipeTransport._call_connection_lost()>
Traceback (most recent call last):
  File "C:\Python314\Lib\asyncio\events.py", line 94, in _run
    self._context.run(self._callback, *self._args)
    ~~~~~~~~~~~~~~~~~^^^^^^^^^^^^^^^^^^^^^^^^^^^^^
  File "C:\Python314\Lib\asyncio\proactor_events.py", line 165, in _call_connection_lost
    self._sock.shutdown(socket.SHUT_RDWR)
    ~~~~~~~~~~~~~~~~~~~^^^^^^^^^^^^^^^^^^
ConnectionResetError: [WinError 10054] Eine vorhandene Verbindung wurde vom Remotehost geschlossen
WARNING:  Unsupported upgrade request.
WARNING:  No supported WebSocket library detected. Please use "pip install 'uvicorn[standard]'", or install 'websockets' or 'wsproto' manually.
WARNING:  Unsupported upgrade request.
WARNING:  No supported WebSocket library detected. Please use "pip install 'uvicorn[standard]'", or install 'websockets' or 'wsproto' manually.
WARNING:  Unsupported upgrade request.
WARNING:  No supported WebSocket library detected. Please use "pip install 'uvicorn[standard]'", or install 'websockets' or 'wsproto' manually.
WARNING:  Unsupported upgrade request.
WARNING:  No supported WebSocket library detected. Please use "pip install 'uvicorn[standard]'", or install 'websockets' or 'wsproto' manually.
WARNING:  Unsupported upgrade request.
WARNING:  No supported WebSocket library detected. Please use "pip install 'uvicorn[standard]'", or install 'websockets' or 'wsproto' manually.
2026-07-09 04:06:37,388 - asyncio - ERROR - Exception in callback _ProactorBasePipeTransport._call_connection_lost()
handle: <Handle _ProactorBasePipeTransport._call_connection_lost()>
Traceback (most recent call last):
  File "C:\Python314\Lib\asyncio\events.py", line 94, in _run
    self._context.run(self._callback, *self._args)
    ~~~~~~~~~~~~~~~~~^^^^^^^^^^^^^^^^^^^^^^^^^^^^^
  File "C:\Python314\Lib\asyncio\proactor_events.py", line 165, in _call_connection_lost
    self._sock.shutdown(socket.SHUT_RDWR)
    ~~~~~~~~~~~~~~~~~~~^^^^^^^^^^^^^^^^^^
ConnectionResetError: [WinError 10054] Eine vorhandene Verbindung wurde vom Remotehost geschlossen
WARNING:  Unsupported upgrade request.
WARNING:  No supported WebSocket library detected. Please use "pip install 'uvicorn[standard]'", or install 'websockets' or 'wsproto' manually.
WARNING:  Unsupported upgrade request.
WARNING:  No supported WebSocket library detected. Please use "pip install 'uvicorn[standard]'", or install 'websockets' or 'wsproto' manually.
2026-07-09 04:06:39,310 - asyncio - ERROR - Exception in callback _ProactorBasePipeTransport._call_connection_lost()
handle: <Handle _ProactorBasePipeTransport._call_connection_lost()>
Traceback (most recent call last):
  File "C:\Python314\Lib\asyncio\events.py", line 94, in _run
    self._context.run(self._callback, *self._args)
    ~~~~~~~~~~~~~~~~~^^^^^^^^^^^^^^^^^^^^^^^^^^^^^
  File "C:\Python314\Lib\asyncio\proactor_events.py", line 165, in _call_connection_lost
    self._sock.shutdown(socket.SHUT_RDWR)
    ~~~~~~~~~~~~~~~~~~~^^^^^^^^^^^^^^^^^^
ConnectionResetError: [WinError 10054] Eine vorhandene Verbindung wurde vom Remotehost geschlossen
WARNING:  Unsupported upgrade request.
WARNING:  No supported WebSocket library detected. Please use "pip install 'uvicorn[standard]'", or install 'websockets' or 'wsproto' manually.
2026-07-09 04:06:40,332 - asyncio - ERROR - Exception in callback _ProactorBasePipeTransport._call_connection_lost()
handle: <Handle _ProactorBasePipeTransport._call_connection_lost()>
Traceback (most recent call last):
  File "C:\Python314\Lib\asyncio\events.py", line 94, in _run
    self._context.run(self._callback, *self._args)
    ~~~~~~~~~~~~~~~~~^^^^^^^^^^^^^^^^^^^^^^^^^^^^^
  File "C:\Python314\Lib\asyncio\proactor_events.py", line 165, in _call_connection_lost
    self._sock.shutdown(socket.SHUT_RDWR)
    ~~~~~~~~~~~~~~~~~~~^^^^^^^^^^^^^^^^^^
ConnectionResetError: [WinError 10054] Eine vorhandene Verbindung wurde vom Remotehost geschlossen
WARNING:  Unsupported upgrade request.
WARNING:  No supported WebSocket library detected. Please use "pip install 'uvicorn[standard]'", or install 'websockets' or 'wsproto' manually.
WARNING:  Unsupported upgrade request.
WARNING:  No supported WebSocket library detected. Please use "pip install 'uvicorn[standard]'", or install 'websockets' or 'wsproto' manually.
2026-07-09 04:06:42,743 - asyncio - ERROR - Exception in callback _ProactorBasePipeTransport._call_connection_lost()
handle: <Handle _ProactorBasePipeTransport._call_connection_lost()>
Traceback (most recent call last):
  File "C:\Python314\Lib\asyncio\events.py", line 94, in _run
    self._context.run(self._callback, *self._args)
    ~~~~~~~~~~~~~~~~~^^^^^^^^^^^^^^^^^^^^^^^^^^^^^
  File "C:\Python314\Lib\asyncio\proactor_events.py", line 165, in _call_connection_lost
    self._sock.shutdown(socket.SHUT_RDWR)
    ~~~~~~~~~~~~~~~~~~~^^^^^^^^^^^^^^^^^^
ConnectionResetError: [WinError 10054] Eine vorhandene Verbindung wurde vom Remotehost geschlossen
WARNING:  Unsupported upgrade request.
WARNING:  No supported WebSocket library detected. Please use "pip install 'uvicorn[standard]'", or install 'websockets' or 'wsproto' manually.
WARNING:  Unsupported upgrade request.
WARNING:  No supported WebSocket library detected. Please use "pip install 'uvicorn[standard]'", or install 'websockets' or 'wsproto' manually.
WARNING:  Unsupported upgrade request.
WARNING:  No supported WebSocket library detected. Please use "pip install 'uvicorn[standard]'", or install 'websockets' or 'wsproto' manually.
WARNING:  Unsupported upgrade request.
WARNING:  No supported WebSocket library detected. Please use "pip install 'uvicorn[standard]'", or install 'websockets' or 'wsproto' manually.
2026-07-09 04:06:45,309 - asyncio - ERROR - Exception in callback _ProactorBasePipeTransport._call_connection_lost()
handle: <Handle _ProactorBasePipeTransport._call_connection_lost()>
Traceback (most recent call last):
  File "C:\Python314\Lib\asyncio\events.py", line 94, in _run
    self._context.run(self._callback, *self._args)
    ~~~~~~~~~~~~~~~~~^^^^^^^^^^^^^^^^^^^^^^^^^^^^^
  File "C:\Python314\Lib\asyncio\proactor_events.py", line 165, in _call_connection_lost
    self._sock.shutdown(socket.SHUT_RDWR)
    ~~~~~~~~~~~~~~~~~~~^^^^^^^^^^^^^^^^^^
ConnectionResetError: [WinError 10054] Eine vorhandene Verbindung wurde vom Remotehost geschlossen
WARNING:  Unsupported upgrade request.
WARNING:  No supported WebSocket library detected. Please use "pip install 'uvicorn[standard]'", or install 'websockets' or 'wsproto' manually.
WARNING:  Unsupported upgrade request.
WARNING:  No supported WebSocket library detected. Please use "pip install 'uvicorn[standard]'", or install 'websockets' or 'wsproto' manually.
WARNING:  Unsupported upgrade request.
WARNING:  No supported WebSocket library detected. Please use "pip install 'uvicorn[standard]'", or install 'websockets' or 'wsproto' manually.
WARNING:  Unsupported upgrade request.
WARNING:  No supported WebSocket library detected. Please use "pip install 'uvicorn[standard]'", or install 'websockets' or 'wsproto' manually.
WARNING:  Unsupported upgrade request.
WARNING:  No supported WebSocket library detected. Please use "pip install 'uvicorn[standard]'", or install 'websockets' or 'wsproto' manually.
WARNING:  Unsupported upgrade request.
WARNING:  No supported WebSocket library detected. Please use "pip install 'uvicorn[standard]'", or install 'websockets' or 'wsproto' manually.
2026-07-09 04:06:50,290 - asyncio - ERROR - Exception in callback _ProactorBasePipeTransport._call_connection_lost()
handle: <Handle _ProactorBasePipeTransport._call_connection_lost()>
Traceback (most recent call last):
  File "C:\Python314\Lib\asyncio\events.py", line 94, in _run
    self._context.run(self._callback, *self._args)
    ~~~~~~~~~~~~~~~~~^^^^^^^^^^^^^^^^^^^^^^^^^^^^^
  File "C:\Python314\Lib\asyncio\proactor_events.py", line 165, in _call_connection_lost
    self._sock.shutdown(socket.SHUT_RDWR)
    ~~~~~~~~~~~~~~~~~~~^^^^^^^^^^^^^^^^^^
ConnectionResetError: [WinError 10054] Eine vorhandene Verbindung wurde vom Remotehost geschlossen
WARNING:  Unsupported upgrade request.
WARNING:  No supported WebSocket library detected. Please use "pip install 'uvicorn[standard]'", or install 'websockets' or 'wsproto' manually.
2026-07-09 04:06:50,536 - asyncio - ERROR - Exception in callback _ProactorBasePipeTransport._call_connection_lost()
handle: <Handle _ProactorBasePipeTransport._call_connection_lost()>
Traceback (most recent call last):
  File "C:\Python314\Lib\asyncio\events.py", line 94, in _run
    self._context.run(self._callback, *self._args)
    ~~~~~~~~~~~~~~~~~^^^^^^^^^^^^^^^^^^^^^^^^^^^^^
  File "C:\Python314\Lib\asyncio\proactor_events.py", line 165, in _call_connection_lost
    self._sock.shutdown(socket.SHUT_RDWR)
    ~~~~~~~~~~~~~~~~~~~^^^^^^^^^^^^^^^^^^
ConnectionResetError: [WinError 10054] Eine vorhandene Verbindung wurde vom Remotehost geschlossen
WARNING:  Unsupported upgrade request.
WARNING:  No supported WebSocket library detected. Please use "pip install 'uvicorn[standard]'", or install 'websockets' or 'wsproto' manually.
2026-07-09 04:06:51,105 - asyncio - ERROR - Exception in callback _ProactorBasePipeTransport._call_connection_lost()
handle: <Handle _ProactorBasePipeTransport._call_connection_lost()>
Traceback (most recent call last):
  File "C:\Python314\Lib\asyncio\events.py", line 94, in _run
    self._context.run(self._callback, *self._args)
    ~~~~~~~~~~~~~~~~~^^^^^^^^^^^^^^^^^^^^^^^^^^^^^
  File "C:\Python314\Lib\asyncio\proactor_events.py", line 165, in _call_connection_lost
    self._sock.shutdown(socket.SHUT_RDWR)
    ~~~~~~~~~~~~~~~~~~~^^^^^^^^^^^^^^^^^^
ConnectionResetError: [WinError 10054] Eine vorhandene Verbindung wurde vom Remotehost geschlossen
WARNING:  Unsupported upgrade request.
WARNING:  No supported WebSocket library detected. Please use "pip install 'uvicorn[standard]'", or install 'websockets' or 'wsproto' manually.
WARNING:  Unsupported upgrade request.
WARNING:  No supported WebSocket library detected. Please use "pip install 'uvicorn[standard]'", or install 'websockets' or 'wsproto' manually.
WARNING:  Unsupported upgrade request.
WARNING:  No supported WebSocket library detected. Please use "pip install 'uvicorn[standard]'", or install 'websockets' or 'wsproto' manually.
2026-07-09 04:06:54,561 - asyncio - ERROR - Exception in callback _ProactorBasePipeTransport._call_connection_lost()
handle: <Handle _ProactorBasePipeTransport._call_connection_lost()>
Traceback (most recent call last):
  File "C:\Python314\Lib\asyncio\events.py", line 94, in _run
    self._context.run(self._callback, *self._args)
    ~~~~~~~~~~~~~~~~~^^^^^^^^^^^^^^^^^^^^^^^^^^^^^
  File "C:\Python314\Lib\asyncio\proactor_events.py", line 165, in _call_connection_lost
    self._sock.shutdown(socket.SHUT_RDWR)
    ~~~~~~~~~~~~~~~~~~~^^^^^^^^^^^^^^^^^^
ConnectionResetError: [WinError 10054] Eine vorhandene Verbindung wurde vom Remotehost geschlossen
WARNING:  Unsupported upgrade request.
WARNING:  No supported WebSocket library detected. Please use "pip install 'uvicorn[standard]'", or install 'websockets' or 'wsproto' manually.
2026-07-09 04:06:55,241 - asyncio - ERROR - Exception in callback _ProactorBasePipeTransport._call_connection_lost()
handle: <Handle _ProactorBasePipeTransport._call_connection_lost()>
Traceback (most recent call last):
  File "C:\Python314\Lib\asyncio\events.py", line 94, in _run
    self._context.run(self._callback, *self._args)
    ~~~~~~~~~~~~~~~~~^^^^^^^^^^^^^^^^^^^^^^^^^^^^^
  File "C:\Python314\Lib\asyncio\proactor_events.py", line 165, in _call_connection_lost
    self._sock.shutdown(socket.SHUT_RDWR)
    ~~~~~~~~~~~~~~~~~~~^^^^^^^^^^^^^^^^^^
ConnectionResetError: [WinError 10054] Eine vorhandene Verbindung wurde vom Remotehost geschlossen
WARNING:  Unsupported upgrade request.
WARNING:  No supported WebSocket library detected. Please use "pip install 'uvicorn[standard]'", or install 'websockets' or 'wsproto' manually.
2026-07-09 04:06:55,403 - asyncio - ERROR - Exception in callback _ProactorBasePipeTransport._call_connection_lost()
handle: <Handle _ProactorBasePipeTransport._call_connection_lost()>
Traceback (most recent call last):
  File "C:\Python314\Lib\asyncio\events.py", line 94, in _run
    self._context.run(self._callback, *self._args)
    ~~~~~~~~~~~~~~~~~^^^^^^^^^^^^^^^^^^^^^^^^^^^^^
  File "C:\Python314\Lib\asyncio\proactor_events.py", line 165, in _call_connection_lost
    self._sock.shutdown(socket.SHUT_RDWR)
    ~~~~~~~~~~~~~~~~~~~^^^^^^^^^^^^^^^^^^
ConnectionResetError: [WinError 10054] Eine vorhandene Verbindung wurde vom Remotehost geschlossen
WARNING:  Unsupported upgrade request.
WARNING:  No supported WebSocket library detected. Please use "pip install 'uvicorn[standard]'", or install 'websockets' or 'wsproto' manually.
2026-07-09 04:06:56,163 - asyncio - ERROR - Exception in callback _ProactorBasePipeTransport._call_connection_lost()
handle: <Handle _ProactorBasePipeTransport._call_connection_lost()>
Traceback (most recent call last):
  File "C:\Python314\Lib\asyncio\events.py", line 94, in _run
    self._context.run(self._callback, *self._args)
    ~~~~~~~~~~~~~~~~~^^^^^^^^^^^^^^^^^^^^^^^^^^^^^
  File "C:\Python314\Lib\asyncio\proactor_events.py", line 165, in _call_connection_lost
    self._sock.shutdown(socket.SHUT_RDWR)
    ~~~~~~~~~~~~~~~~~~~^^^^^^^^^^^^^^^^^^
ConnectionResetError: [WinError 10054] Eine vorhandene Verbindung wurde vom Remotehost geschlossen
WARNING:  Unsupported upgrade request.
WARNING:  No supported WebSocket library detected. Please use "pip install 'uvicorn[standard]'", or install 'websockets' or 'wsproto' manually.
WARNING:  Unsupported upgrade request.
WARNING:  No supported WebSocket library detected. Please use "pip install 'uvicorn[standard]'", or install 'websockets' or 'wsproto' manually.
WARNING:  Unsupported upgrade request.
WARNING:  No supported WebSocket library detected. Please use "pip install 'uvicorn[standard]'", or install 'websockets' or 'wsproto' manually.
2026-07-09 04:06:59,347 - asyncio - ERROR - Exception in callback _ProactorBasePipeTransport._call_connection_lost()
handle: <Handle _ProactorBasePipeTransport._call_connection_lost()>
Traceback (most recent call last):
  File "C:\Python314\Lib\asyncio\events.py", line 94, in _run
    self._context.run(self._callback, *self._args)
    ~~~~~~~~~~~~~~~~~^^^^^^^^^^^^^^^^^^^^^^^^^^^^^
  File "C:\Python314\Lib\asyncio\proactor_events.py", line 165, in _call_connection_lost
    self._sock.shutdown(socket.SHUT_RDWR)
    ~~~~~~~~~~~~~~~~~~~^^^^^^^^^^^^^^^^^^
ConnectionResetError: [WinError 10054] Eine vorhandene Verbindung wurde vom Remotehost geschlossen
WARNING:  Unsupported upgrade request.
WARNING:  No supported WebSocket library detected. Please use "pip install 'uvicorn[standard]'", or install 'websockets' or 'wsproto' manually.
WARNING:  Unsupported upgrade request.
WARNING:  No supported WebSocket library detected. Please use "pip install 'uvicorn[standard]'", or install 'websockets' or 'wsproto' manually.
2026-07-09 04:07:00,923 - asyncio - ERROR - Exception in callback _ProactorBasePipeTransport._call_connection_lost()
handle: <Handle _ProactorBasePipeTransport._call_connection_lost()>
Traceback (most recent call last):
  File "C:\Python314\Lib\asyncio\events.py", line 94, in _run
    self._context.run(self._callback, *self._args)
    ~~~~~~~~~~~~~~~~~^^^^^^^^^^^^^^^^^^^^^^^^^^^^^
  File "C:\Python314\Lib\asyncio\proactor_events.py", line 165, in _call_connection_lost
    self._sock.shutdown(socket.SHUT_RDWR)
    ~~~~~~~~~~~~~~~~~~~^^^^^^^^^^^^^^^^^^
ConnectionResetError: [WinError 10054] Eine vorhandene Verbindung wurde vom Remotehost geschlossen
WARNING:  Unsupported upgrade request.
WARNING:  No supported WebSocket library detected. Please use "pip install 'uvicorn[standard]'", or install 'websockets' or 'wsproto' manually.
WARNING:  Unsupported upgrade request.
WARNING:  No supported WebSocket library detected. Please use "pip install 'uvicorn[standard]'", or install 'websockets' or 'wsproto' manually.
WARNING:  Unsupported upgrade request.
WARNING:  No supported WebSocket library detected. Please use "pip install 'uvicorn[standard]'", or install 'websockets' or 'wsproto' manually.
2026-07-09 04:07:03,587 - asyncio - ERROR - Exception in callback _ProactorBasePipeTransport._call_connection_lost()
handle: <Handle _ProactorBasePipeTransport._call_connection_lost()>
Traceback (most recent call last):
  File "C:\Python314\Lib\asyncio\events.py", line 94, in _run
    self._context.run(self._callback, *self._args)
    ~~~~~~~~~~~~~~~~~^^^^^^^^^^^^^^^^^^^^^^^^^^^^^
  File "C:\Python314\Lib\asyncio\proactor_events.py", line 165, in _call_connection_lost
    self._sock.shutdown(socket.SHUT_RDWR)
    ~~~~~~~~~~~~~~~~~~~^^^^^^^^^^^^^^^^^^
ConnectionResetError: [WinError 10054] Eine vorhandene Verbindung wurde vom Remotehost geschlossen
WARNING:  Unsupported upgrade request.
WARNING:  No supported WebSocket library detected. Please use "pip install 'uvicorn[standard]'", or install 'websockets' or 'wsproto' manually.
WARNING:  Unsupported upgrade request.
WARNING:  No supported WebSocket library detected. Please use "pip install 'uvicorn[standard]'", or install 'websockets' or 'wsproto' manually.
WARNING:  Unsupported upgrade request.
WARNING:  No supported WebSocket library detected. Please use "pip install 'uvicorn[standard]'", or install 'websockets' or 'wsproto' manually.
2026-07-09 04:07:07,854 - asyncio - ERROR - Exception in callback _ProactorBasePipeTransport._call_connection_lost()
handle: <Handle _ProactorBasePipeTransport._call_connection_lost()>
Traceback (most recent call last):
  File "C:\Python314\Lib\asyncio\events.py", line 94, in _run
    self._context.run(self._callback, *self._args)
    ~~~~~~~~~~~~~~~~~^^^^^^^^^^^^^^^^^^^^^^^^^^^^^
  File "C:\Python314\Lib\asyncio\proactor_events.py", line 165, in _call_connection_lost
    self._sock.shutdown(socket.SHUT_RDWR)
    ~~~~~~~~~~~~~~~~~~~^^^^^^^^^^^^^^^^^^
ConnectionResetError: [WinError 10054] Eine vorhandene Verbindung wurde vom Remotehost geschlossen
WARNING:  Unsupported upgrade request.
WARNING:  No supported WebSocket library detected. Please use "pip install 'uvicorn[standard]'", or install 'websockets' or 'wsproto' manually.
WARNING:  Unsupported upgrade request.
WARNING:  No supported WebSocket library detected. Please use "pip install 'uvicorn[standard]'", or install 'websockets' or 'wsproto' manually.
WARNING:  Unsupported upgrade request.
WARNING:  No supported WebSocket library detected. Please use "pip install 'uvicorn[standard]'", or install 'websockets' or 'wsproto' manually.
WARNING:  Unsupported upgrade request.
WARNING:  No supported WebSocket library detected. Please use "pip install 'uvicorn[standard]'", or install 'websockets' or 'wsproto' manually.
2026-07-09 04:07:09,310 - asyncio - ERROR - Exception in callback _ProactorBasePipeTransport._call_connection_lost()
handle: <Handle _ProactorBasePipeTransport._call_connection_lost()>
Traceback (most recent call last):
  File "C:\Python314\Lib\asyncio\events.py", line 94, in _run
    self._context.run(self._callback, *self._args)
    ~~~~~~~~~~~~~~~~~^^^^^^^^^^^^^^^^^^^^^^^^^^^^^
  File "C:\Python314\Lib\asyncio\proactor_events.py", line 165, in _call_connection_lost
    self._sock.shutdown(socket.SHUT_RDWR)
    ~~~~~~~~~~~~~~~~~~~^^^^^^^^^^^^^^^^^^
ConnectionResetError: [WinError 10054] Eine vorhandene Verbindung wurde vom Remotehost geschlossen
WARNING:  Unsupported upgrade request.
WARNING:  No supported WebSocket library detected. Please use "pip install 'uvicorn[standard]'", or install 'websockets' or 'wsproto' manually.
2026-07-09 04:07:12,276 - asyncio - ERROR - Exception in callback _ProactorBasePipeTransport._call_connection_lost()
handle: <Handle _ProactorBasePipeTransport._call_connection_lost()>
Traceback (most recent call last):
  File "C:\Python314\Lib\asyncio\events.py", line 94, in _run
    self._context.run(self._callback, *self._args)
    ~~~~~~~~~~~~~~~~~^^^^^^^^^^^^^^^^^^^^^^^^^^^^^
  File "C:\Python314\Lib\asyncio\proactor_events.py", line 165, in _call_connection_lost
    self._sock.shutdown(socket.SHUT_RDWR)
    ~~~~~~~~~~~~~~~~~~~^^^^^^^^^^^^^^^^^^
ConnectionResetError: [WinError 10054] Eine vorhandene Verbindung wurde vom Remotehost geschlossen
WARNING:  Unsupported upgrade request.
WARNING:  No supported WebSocket library detected. Please use "pip install 'uvicorn[standard]'", or install 'websockets' or 'wsproto' manually.
2026-07-09 04:07:12,584 - asyncio - ERROR - Exception in callback _ProactorBasePipeTransport._call_connection_lost()
handle: <Handle _ProactorBasePipeTransport._call_connection_lost()>
Traceback (most recent call last):
  File "C:\Python314\Lib\asyncio\events.py", line 94, in _run
    self._context.run(self._callback, *self._args)
    ~~~~~~~~~~~~~~~~~^^^^^^^^^^^^^^^^^^^^^^^^^^^^^
  File "C:\Python314\Lib\asyncio\proactor_events.py", line 165, in _call_connection_lost
    self._sock.shutdown(socket.SHUT_RDWR)
    ~~~~~~~~~~~~~~~~~~~^^^^^^^^^^^^^^^^^^
ConnectionResetError: [WinError 10054] Eine vorhandene Verbindung wurde vom Remotehost geschlossen
WARNING:  Unsupported upgrade request.
WARNING:  No supported WebSocket library detected. Please use "pip install 'uvicorn[standard]'", or install 'websockets' or 'wsproto' manually.
WARNING:  Unsupported upgrade request.
WARNING:  No supported WebSocket library detected. Please use "pip install 'uvicorn[standard]'", or install 'websockets' or 'wsproto' manually.
2026-07-09 04:07:14,745 - asyncio - ERROR - Exception in callback _ProactorBasePipeTransport._call_connection_lost()
handle: <Handle _ProactorBasePipeTransport._call_connection_lost()>
Traceback (most recent call last):
  File "C:\Python314\Lib\asyncio\events.py", line 94, in _run
    self._context.run(self._callback, *self._args)
    ~~~~~~~~~~~~~~~~~^^^^^^^^^^^^^^^^^^^^^^^^^^^^^
  File "C:\Python314\Lib\asyncio\proactor_events.py", line 165, in _call_connection_lost
    self._sock.shutdown(socket.SHUT_RDWR)
    ~~~~~~~~~~~~~~~~~~~^^^^^^^^^^^^^^^^^^
ConnectionResetError: [WinError 10054] Eine vorhandene Verbindung wurde vom Remotehost geschlossen
WARNING:  Unsupported upgrade request.
WARNING:  No supported WebSocket library detected. Please use "pip install 'uvicorn[standard]'", or install 'websockets' or 'wsproto' manually.
2026-07-09 04:07:15,837 - asyncio - ERROR - Exception in callback _ProactorBasePipeTransport._call_connection_lost()
handle: <Handle _ProactorBasePipeTransport._call_connection_lost()>
Traceback (most recent call last):
  File "C:\Python314\Lib\asyncio\events.py", line 94, in _run
    self._context.run(self._callback, *self._args)
    ~~~~~~~~~~~~~~~~~^^^^^^^^^^^^^^^^^^^^^^^^^^^^^
  File "C:\Python314\Lib\asyncio\proactor_events.py", line 165, in _call_connection_lost
    self._sock.shutdown(socket.SHUT_RDWR)
    ~~~~~~~~~~~~~~~~~~~^^^^^^^^^^^^^^^^^^
ConnectionResetError: [WinError 10054] Eine vorhandene Verbindung wurde vom Remotehost geschlossen
WARNING:  Unsupported upgrade request.
WARNING:  No supported WebSocket library detected. Please use "pip install 'uvicorn[standard]'", or install 'websockets' or 'wsproto' manually.
2026-07-09 04:07:16,923 - asyncio - ERROR - Exception in callback _ProactorBasePipeTransport._call_connection_lost()
handle: <Handle _ProactorBasePipeTransport._call_connection_lost()>
Traceback (most recent call last):
  File "C:\Python314\Lib\asyncio\events.py", line 94, in _run
    self._context.run(self._callback, *self._args)
    ~~~~~~~~~~~~~~~~~^^^^^^^^^^^^^^^^^^^^^^^^^^^^^
  File "C:\Python314\Lib\asyncio\proactor_events.py", line 165, in _call_connection_lost
    self._sock.shutdown(socket.SHUT_RDWR)
    ~~~~~~~~~~~~~~~~~~~^^^^^^^^^^^^^^^^^^
ConnectionResetError: [WinError 10054] Eine vorhandene Verbindung wurde vom Remotehost geschlossen
WARNING:  Unsupported upgrade request.
WARNING:  No supported WebSocket library detected. Please use "pip install 'uvicorn[standard]'", or install 'websockets' or 'wsproto' manually.
WARNING:  Unsupported upgrade request.
WARNING:  No supported WebSocket library detected. Please use "pip install 'uvicorn[standard]'", or install 'websockets' or 'wsproto' manually.
WARNING:  Unsupported upgrade request.
WARNING:  No supported WebSocket library detected. Please use "pip install 'uvicorn[standard]'", or install 'websockets' or 'wsproto' manually.
WARNING:  Unsupported upgrade request.
WARNING:  No supported WebSocket library detected. Please use "pip install 'uvicorn[standard]'", or install 'websockets' or 'wsproto' manually.
WARNING:  Unsupported upgrade request.
WARNING:  No supported WebSocket library detected. Please use "pip install 'uvicorn[standard]'", or install 'websockets' or 'wsproto' manually.
WARNING:  Unsupported upgrade request.
WARNING:  No supported WebSocket library detected. Please use "pip install 'uvicorn[standard]'", or install 'websockets' or 'wsproto' manually.
2026-07-09 04:07:23,640 - asyncio - ERROR - Exception in callback _ProactorBasePipeTransport._call_connection_lost()
handle: <Handle _ProactorBasePipeTransport._call_connection_lost()>
Traceback (most recent call last):
  File "C:\Python314\Lib\asyncio\events.py", line 94, in _run
    self._context.run(self._callback, *self._args)
    ~~~~~~~~~~~~~~~~~^^^^^^^^^^^^^^^^^^^^^^^^^^^^^
  File "C:\Python314\Lib\asyncio\proactor_events.py", line 165, in _call_connection_lost
    self._sock.shutdown(socket.SHUT_RDWR)
    ~~~~~~~~~~~~~~~~~~~^^^^^^^^^^^^^^^^^^
ConnectionResetError: [WinError 10054] Eine vorhandene Verbindung wurde vom Remotehost geschlossen
WARNING:  Unsupported upgrade request.
WARNING:  No supported WebSocket library detected. Please use "pip install 'uvicorn[standard]'", or install 'websockets' or 'wsproto' manually.
2026-07-09 04:07:24,035 - asyncio - ERROR - Exception in callback _ProactorBasePipeTransport._call_connection_lost()
handle: <Handle _ProactorBasePipeTransport._call_connection_lost()>
Traceback (most recent call last):
  File "C:\Python314\Lib\asyncio\events.py", line 94, in _run
    self._context.run(self._callback, *self._args)
    ~~~~~~~~~~~~~~~~~^^^^^^^^^^^^^^^^^^^^^^^^^^^^^
  File "C:\Python314\Lib\asyncio\proactor_events.py", line 165, in _call_connection_lost
    self._sock.shutdown(socket.SHUT_RDWR)
    ~~~~~~~~~~~~~~~~~~~^^^^^^^^^^^^^^^^^^
ConnectionResetError: [WinError 10054] Eine vorhandene Verbindung wurde vom Remotehost geschlossen
WARNING:  Unsupported upgrade request.
WARNING:  No supported WebSocket library detected. Please use "pip install 'uvicorn[standard]'", or install 'websockets' or 'wsproto' manually.
WARNING:  Unsupported upgrade request.
WARNING:  No supported WebSocket library detected. Please use "pip install 'uvicorn[standard]'", or install 'websockets' or 'wsproto' manually.
2026-07-09 04:07:25,889 - asyncio - ERROR - Exception in callback _ProactorBasePipeTransport._call_connection_lost()
handle: <Handle _ProactorBasePipeTransport._call_connection_lost()>
Traceback (most recent call last):
  File "C:\Python314\Lib\asyncio\events.py", line 94, in _run
    self._context.run(self._callback, *self._args)
    ~~~~~~~~~~~~~~~~~^^^^^^^^^^^^^^^^^^^^^^^^^^^^^
  File "C:\Python314\Lib\asyncio\proactor_events.py", line 165, in _call_connection_lost
    self._sock.shutdown(socket.SHUT_RDWR)
    ~~~~~~~~~~~~~~~~~~~^^^^^^^^^^^^^^^^^^
ConnectionResetError: [WinError 10054] Eine vorhandene Verbindung wurde vom Remotehost geschlossen
WARNING:  Unsupported upgrade request.
WARNING:  No supported WebSocket library detected. Please use "pip install 'uvicorn[standard]'", or install 'websockets' or 'wsproto' manually.
WARNING:  Unsupported upgrade request.
WARNING:  No supported WebSocket library detected. Please use "pip install 'uvicorn[standard]'", or install 'websockets' or 'wsproto' manually.
2026-07-09 04:07:27,877 - asyncio - ERROR - Exception in callback _ProactorBasePipeTransport._call_connection_lost()
handle: <Handle _ProactorBasePipeTransport._call_connection_lost()>
Traceback (most recent call last):
  File "C:\Python314\Lib\asyncio\events.py", line 94, in _run
    self._context.run(self._callback, *self._args)
    ~~~~~~~~~~~~~~~~~^^^^^^^^^^^^^^^^^^^^^^^^^^^^^
  File "C:\Python314\Lib\asyncio\proactor_events.py", line 165, in _call_connection_lost
    self._sock.shutdown(socket.SHUT_RDWR)
    ~~~~~~~~~~~~~~~~~~~^^^^^^^^^^^^^^^^^^
ConnectionResetError: [WinError 10054] Eine vorhandene Verbindung wurde vom Remotehost geschlossen
WARNING:  Unsupported upgrade request.
WARNING:  No supported WebSocket library detected. Please use "pip install 'uvicorn[standard]'", or install 'websockets' or 'wsproto' manually.
WARNING:  Unsupported upgrade request.
WARNING:  No supported WebSocket library detected. Please use "pip install 'uvicorn[standard]'", or install 'websockets' or 'wsproto' manually.
WARNING:  Unsupported upgrade request.
WARNING:  No supported WebSocket library detected. Please use "pip install 'uvicorn[standard]'", or install 'websockets' or 'wsproto' manually.
2026-07-09 04:07:31,592 - asyncio - ERROR - Exception in callback _ProactorBasePipeTransport._call_connection_lost()
handle: <Handle _ProactorBasePipeTransport._call_connection_lost()>
Traceback (most recent call last):
  File "C:\Python314\Lib\asyncio\events.py", line 94, in _run
    self._context.run(self._callback, *self._args)
    ~~~~~~~~~~~~~~~~~^^^^^^^^^^^^^^^^^^^^^^^^^^^^^
  File "C:\Python314\Lib\asyncio\proactor_events.py", line 165, in _call_connection_lost
    self._sock.shutdown(socket.SHUT_RDWR)
    ~~~~~~~~~~~~~~~~~~~^^^^^^^^^^^^^^^^^^
ConnectionResetError: [WinError 10054] Eine vorhandene Verbindung wurde vom Remotehost geschlossen
WARNING:  Unsupported upgrade request.
WARNING:  No supported WebSocket library detected. Please use "pip install 'uvicorn[standard]'", or install 'websockets' or 'wsproto' manually.
WARNING:  Unsupported upgrade request.
WARNING:  No supported WebSocket library detected. Please use "pip install 'uvicorn[standard]'", or install 'websockets' or 'wsproto' manually.
WARNING:  Unsupported upgrade request.
WARNING:  No supported WebSocket library detected. Please use "pip install 'uvicorn[standard]'", or install 'websockets' or 'wsproto' manually.
WARNING:  Unsupported upgrade request.
WARNING:  No supported WebSocket library detected. Please use "pip install 'uvicorn[standard]'", or install 'websockets' or 'wsproto' manually.
WARNING:  Unsupported upgrade request.
WARNING:  No supported WebSocket library detected. Please use "pip install 'uvicorn[standard]'", or install 'websockets' or 'wsproto' manually.
WARNING:  Unsupported upgrade request.
WARNING:  No supported WebSocket library detected. Please use "pip install 'uvicorn[standard]'", or install 'websockets' or 'wsproto' manually.
2026-07-09 04:07:36,394 - asyncio - ERROR - Exception in callback _ProactorBasePipeTransport._call_connection_lost()
handle: <Handle _ProactorBasePipeTransport._call_connection_lost()>
Traceback (most recent call last):
  File "C:\Python314\Lib\asyncio\events.py", line 94, in _run
    self._context.run(self._callback, *self._args)
    ~~~~~~~~~~~~~~~~~^^^^^^^^^^^^^^^^^^^^^^^^^^^^^
  File "C:\Python314\Lib\asyncio\proactor_events.py", line 165, in _call_connection_lost
    self._sock.shutdown(socket.SHUT_RDWR)
    ~~~~~~~~~~~~~~~~~~~^^^^^^^^^^^^^^^^^^
ConnectionResetError: [WinError 10054] Eine vorhandene Verbindung wurde vom Remotehost geschlossen
WARNING:  Unsupported upgrade request.
WARNING:  No supported WebSocket library detected. Please use "pip install 'uvicorn[standard]'", or install 'websockets' or 'wsproto' manually.
WARNING:  Unsupported upgrade request.
WARNING:  No supported WebSocket library detected. Please use "pip install 'uvicorn[standard]'", or install 'websockets' or 'wsproto' manually.
2026-07-09 04:07:39,647 - asyncio - ERROR - Exception in callback _ProactorBasePipeTransport._call_connection_lost()
handle: <Handle _ProactorBasePipeTransport._call_connection_lost()>
Traceback (most recent call last):
  File "C:\Python314\Lib\asyncio\events.py", line 94, in _run
    self._context.run(self._callback, *self._args)
    ~~~~~~~~~~~~~~~~~^^^^^^^^^^^^^^^^^^^^^^^^^^^^^
  File "C:\Python314\Lib\asyncio\proactor_events.py", line 165, in _call_connection_lost
    self._sock.shutdown(socket.SHUT_RDWR)
    ~~~~~~~~~~~~~~~~~~~^^^^^^^^^^^^^^^^^^
ConnectionResetError: [WinError 10054] Eine vorhandene Verbindung wurde vom Remotehost geschlossen
WARNING:  Unsupported upgrade request.
WARNING:  No supported WebSocket library detected. Please use "pip install 'uvicorn[standard]'", or install 'websockets' or 'wsproto' manually.
WARNING:  Unsupported upgrade request.
WARNING:  No supported WebSocket library detected. Please use "pip install 'uvicorn[standard]'", or install 'websockets' or 'wsproto' manually.
2026-07-09 04:07:40,809 - asyncio - ERROR - Exception in callback _ProactorBasePipeTransport._call_connection_lost()
handle: <Handle _ProactorBasePipeTransport._call_connection_lost()>
Traceback (most recent call last):
  File "C:\Python314\Lib\asyncio\events.py", line 94, in _run
    self._context.run(self._callback, *self._args)
    ~~~~~~~~~~~~~~~~~^^^^^^^^^^^^^^^^^^^^^^^^^^^^^
  File "C:\Python314\Lib\asyncio\proactor_events.py", line 165, in _call_connection_lost
    self._sock.shutdown(socket.SHUT_RDWR)
    ~~~~~~~~~~~~~~~~~~~^^^^^^^^^^^^^^^^^^
ConnectionResetError: [WinError 10054] Eine vorhandene Verbindung wurde vom Remotehost geschlossen
WARNING:  Unsupported upgrade request.
WARNING:  No supported WebSocket library detected. Please use "pip install 'uvicorn[standard]'", or install 'websockets' or 'wsproto' manually.
WARNING:  Unsupported upgrade request.
WARNING:  No supported WebSocket library detected. Please use "pip install 'uvicorn[standard]'", or install 'websockets' or 'wsproto' manually.
2026-07-09 04:07:42,233 - asyncio - ERROR - Exception in callback _ProactorBasePipeTransport._call_connection_lost()
handle: <Handle _ProactorBasePipeTransport._call_connection_lost()>
Traceback (most recent call last):
  File "C:\Python314\Lib\asyncio\events.py", line 94, in _run
    self._context.run(self._callback, *self._args)
    ~~~~~~~~~~~~~~~~~^^^^^^^^^^^^^^^^^^^^^^^^^^^^^
  File "C:\Python314\Lib\asyncio\proactor_events.py", line 165, in _call_connection_lost
    self._sock.shutdown(socket.SHUT_RDWR)
    ~~~~~~~~~~~~~~~~~~~^^^^^^^^^^^^^^^^^^
ConnectionResetError: [WinError 10054] Eine vorhandene Verbindung wurde vom Remotehost geschlossen
WARNING:  Unsupported upgrade request.
WARNING:  No supported WebSocket library detected. Please use "pip install 'uvicorn[standard]'", or install 'websockets' or 'wsproto' manually.
2026-07-09 04:07:42,879 - asyncio - ERROR - Exception in callback _ProactorBasePipeTransport._call_connection_lost()
handle: <Handle _ProactorBasePipeTransport._call_connection_lost()>
Traceback (most recent call last):
  File "C:\Python314\Lib\asyncio\events.py", line 94, in _run
    self._context.run(self._callback, *self._args)
    ~~~~~~~~~~~~~~~~~^^^^^^^^^^^^^^^^^^^^^^^^^^^^^
  File "C:\Python314\Lib\asyncio\proactor_events.py", line 165, in _call_connection_lost
    self._sock.shutdown(socket.SHUT_RDWR)
    ~~~~~~~~~~~~~~~~~~~^^^^^^^^^^^^^^^^^^
ConnectionResetError: [WinError 10054] Eine vorhandene Verbindung wurde vom Remotehost geschlossen
WARNING:  Unsupported upgrade request.
WARNING:  No supported WebSocket library detected. Please use "pip install 'uvicorn[standard]'", or install 'websockets' or 'wsproto' manually.
WARNING:  Unsupported upgrade request.
WARNING:  No supported WebSocket library detected. Please use "pip install 'uvicorn[standard]'", or install 'websockets' or 'wsproto' manually.
2026-07-09 04:07:45,404 - asyncio - ERROR - Exception in callback _ProactorBasePipeTransport._call_connection_lost()
handle: <Handle _ProactorBasePipeTransport._call_connection_lost()>
Traceback (most recent call last):
  File "C:\Python314\Lib\asyncio\events.py", line 94, in _run
    self._context.run(self._callback, *self._args)
    ~~~~~~~~~~~~~~~~~^^^^^^^^^^^^^^^^^^^^^^^^^^^^^
  File "C:\Python314\Lib\asyncio\proactor_events.py", line 165, in _call_connection_lost
    self._sock.shutdown(socket.SHUT_RDWR)
    ~~~~~~~~~~~~~~~~~~~^^^^^^^^^^^^^^^^^^
ConnectionResetError: [WinError 10054] Eine vorhandene Verbindung wurde vom Remotehost geschlossen
WARNING:  Unsupported upgrade request.
WARNING:  No supported WebSocket library detected. Please use "pip install 'uvicorn[standard]'", or install 'websockets' or 'wsproto' manually.
WARNING:  Unsupported upgrade request.
WARNING:  No supported WebSocket library detected. Please use "pip install 'uvicorn[standard]'", or install 'websockets' or 'wsproto' manually.
WARNING:  Unsupported upgrade request.
WARNING:  No supported WebSocket library detected. Please use "pip install 'uvicorn[standard]'", or install 'websockets' or 'wsproto' manually.
WARNING:  Unsupported upgrade request.
WARNING:  No supported WebSocket library detected. Please use "pip install 'uvicorn[standard]'", or install 'websockets' or 'wsproto' manually.
WARNING:  Unsupported upgrade request.
WARNING:  No supported WebSocket library detected. Please use "pip install 'uvicorn[standard]'", or install 'websockets' or 'wsproto' manually.
WARNING:  Unsupported upgrade request.
WARNING:  No supported WebSocket library detected. Please use "pip install 'uvicorn[standard]'", or install 'websockets' or 'wsproto' manually.
WARNING:  Unsupported upgrade request.
WARNING:  No supported WebSocket library detected. Please use "pip install 'uvicorn[standard]'", or install 'websockets' or 'wsproto' manually.
2026-07-09 04:07:50,243 - asyncio - ERROR - Exception in callback _ProactorBasePipeTransport._call_connection_lost()
handle: <Handle _ProactorBasePipeTransport._call_connection_lost()>
Traceback (most recent call last):
  File "C:\Python314\Lib\asyncio\events.py", line 94, in _run
    self._context.run(self._callback, *self._args)
    ~~~~~~~~~~~~~~~~~^^^^^^^^^^^^^^^^^^^^^^^^^^^^^
  File "C:\Python314\Lib\asyncio\proactor_events.py", line 165, in _call_connection_lost
    self._sock.shutdown(socket.SHUT_RDWR)
    ~~~~~~~~~~~~~~~~~~~^^^^^^^^^^^^^^^^^^
ConnectionResetError: [WinError 10054] Eine vorhandene Verbindung wurde vom Remotehost geschlossen
WARNING:  Unsupported upgrade request.
WARNING:  No supported WebSocket library detected. Please use "pip install 'uvicorn[standard]'", or install 'websockets' or 'wsproto' manually.
WARNING:  Unsupported upgrade request.
WARNING:  No supported WebSocket library detected. Please use "pip install 'uvicorn[standard]'", or install 'websockets' or 'wsproto' manually.
2026-07-09 04:07:51,239 - asyncio - ERROR - Exception in callback _ProactorBasePipeTransport._call_connection_lost()
handle: <Handle _ProactorBasePipeTransport._call_connection_lost()>
Traceback (most recent call last):
  File "C:\Python314\Lib\asyncio\events.py", line 94, in _run
    self._context.run(self._callback, *self._args)
    ~~~~~~~~~~~~~~~~~^^^^^^^^^^^^^^^^^^^^^^^^^^^^^
  File "C:\Python314\Lib\asyncio\proactor_events.py", line 165, in _call_connection_lost
    self._sock.shutdown(socket.SHUT_RDWR)
    ~~~~~~~~~~~~~~~~~~~^^^^^^^^^^^^^^^^^^
ConnectionResetError: [WinError 10054] Eine vorhandene Verbindung wurde vom Remotehost geschlossen
2026-07-09 04:07:51,240 - asyncio - ERROR - Exception in callback _ProactorBasePipeTransport._call_connection_lost()
handle: <Handle _ProactorBasePipeTransport._call_connection_lost()>
Traceback (most recent call last):
  File "C:\Python314\Lib\asyncio\events.py", line 94, in _run
    self._context.run(self._callback, *self._args)
    ~~~~~~~~~~~~~~~~~^^^^^^^^^^^^^^^^^^^^^^^^^^^^^
  File "C:\Python314\Lib\asyncio\proactor_events.py", line 165, in _call_connection_lost
    self._sock.shutdown(socket.SHUT_RDWR)
    ~~~~~~~~~~~~~~~~~~~^^^^^^^^^^^^^^^^^^
ConnectionResetError: [WinError 10054] Eine vorhandene Verbindung wurde vom Remotehost geschlossen
WARNING:  Unsupported upgrade request.
WARNING:  No supported WebSocket library detected. Please use "pip install 'uvicorn[standard]'", or install 'websockets' or 'wsproto' manually.
WARNING:  Unsupported upgrade request.
WARNING:  No supported WebSocket library detected. Please use "pip install 'uvicorn[standard]'", or install 'websockets' or 'wsproto' manually.
2026-07-09 04:07:53,552 - asyncio - ERROR - Exception in callback _ProactorBasePipeTransport._call_connection_lost()
handle: <Handle _ProactorBasePipeTransport._call_connection_lost()>
Traceback (most recent call last):
  File "C:\Python314\Lib\asyncio\events.py", line 94, in _run
    self._context.run(self._callback, *self._args)
    ~~~~~~~~~~~~~~~~~^^^^^^^^^^^^^^^^^^^^^^^^^^^^^
  File "C:\Python314\Lib\asyncio\proactor_events.py", line 165, in _call_connection_lost
    self._sock.shutdown(socket.SHUT_RDWR)
    ~~~~~~~~~~~~~~~~~~~^^^^^^^^^^^^^^^^^^
ConnectionResetError: [WinError 10054] Eine vorhandene Verbindung wurde vom Remotehost geschlossen
WARNING:  Unsupported upgrade request.
WARNING:  No supported WebSocket library detected. Please use "pip install 'uvicorn[standard]'", or install 'websockets' or 'wsproto' manually.
2026-07-09 04:07:54,248 - asyncio - ERROR - Exception in callback _ProactorBasePipeTransport._call_connection_lost()
handle: <Handle _ProactorBasePipeTransport._call_connection_lost()>
Traceback (most recent call last):
  File "C:\Python314\Lib\asyncio\events.py", line 94, in _run
    self._context.run(self._callback, *self._args)
    ~~~~~~~~~~~~~~~~~^^^^^^^^^^^^^^^^^^^^^^^^^^^^^
  File "C:\Python314\Lib\asyncio\proactor_events.py", line 165, in _call_connection_lost
    self._sock.shutdown(socket.SHUT_RDWR)
    ~~~~~~~~~~~~~~~~~~~^^^^^^^^^^^^^^^^^^
ConnectionResetError: [WinError 10054] Eine vorhandene Verbindung wurde vom Remotehost geschlossen
WARNING:  Unsupported upgrade request.
WARNING:  No supported WebSocket library detected. Please use "pip install 'uvicorn[standard]'", or install 'websockets' or 'wsproto' manually.
WARNING:  Unsupported upgrade request.
WARNING:  No supported WebSocket library detected. Please use "pip install 'uvicorn[standard]'", or install 'websockets' or 'wsproto' manually.
WARNING:  Unsupported upgrade request.
WARNING:  No supported WebSocket library detected. Please use "pip install 'uvicorn[standard]'", or install 'websockets' or 'wsproto' manually.
WARNING:  Unsupported upgrade request.
WARNING:  No supported WebSocket library detected. Please use "pip install 'uvicorn[standard]'", or install 'websockets' or 'wsproto' manually.
WARNING:  Unsupported upgrade request.
WARNING:  No supported WebSocket library detected. Please use "pip install 'uvicorn[standard]'", or install 'websockets' or 'wsproto' manually.
2026-07-09 04:07:57,717 - asyncio - ERROR - Exception in callback _ProactorBasePipeTransport._call_connection_lost()
handle: <Handle _ProactorBasePipeTransport._call_connection_lost()>
Traceback (most recent call last):
  File "C:\Python314\Lib\asyncio\events.py", line 94, in _run
    self._context.run(self._callback, *self._args)
    ~~~~~~~~~~~~~~~~~^^^^^^^^^^^^^^^^^^^^^^^^^^^^^
  File "C:\Python314\Lib\asyncio\proactor_events.py", line 165, in _call_connection_lost
    self._sock.shutdown(socket.SHUT_RDWR)
    ~~~~~~~~~~~~~~~~~~~^^^^^^^^^^^^^^^^^^
ConnectionResetError: [WinError 10054] Eine vorhandene Verbindung wurde vom Remotehost geschlossen
WARNING:  Unsupported upgrade request.
WARNING:  No supported WebSocket library detected. Please use "pip install 'uvicorn[standard]'", or install 'websockets' or 'wsproto' manually.
2026-07-09 04:07:57,976 - asyncio - ERROR - Exception in callback _ProactorBasePipeTransport._call_connection_lost()
handle: <Handle _ProactorBasePipeTransport._call_connection_lost()>
Traceback (most recent call last):
  File "C:\Python314\Lib\asyncio\events.py", line 94, in _run
    self._context.run(self._callback, *self._args)
    ~~~~~~~~~~~~~~~~~^^^^^^^^^^^^^^^^^^^^^^^^^^^^^
  File "C:\Python314\Lib\asyncio\proactor_events.py", line 165, in _call_connection_lost
    self._sock.shutdown(socket.SHUT_RDWR)
    ~~~~~~~~~~~~~~~~~~~^^^^^^^^^^^^^^^^^^
ConnectionResetError: [WinError 10054] Eine vorhandene Verbindung wurde vom Remotehost geschlossen
WARNING:  Unsupported upgrade request.
WARNING:  No supported WebSocket library detected. Please use "pip install 'uvicorn[standard]'", or install 'websockets' or 'wsproto' manually.
WARNING:  Unsupported upgrade request.
WARNING:  No supported WebSocket library detected. Please use "pip install 'uvicorn[standard]'", or install 'websockets' or 'wsproto' manually.
WARNING:  Unsupported upgrade request.
WARNING:  No supported WebSocket library detected. Please use "pip install 'uvicorn[standard]'", or install 'websockets' or 'wsproto' manually.
WARNING:  Unsupported upgrade request.
WARNING:  No supported WebSocket library detected. Please use "pip install 'uvicorn[standard]'", or install 'websockets' or 'wsproto' manually.
WARNING:  Unsupported upgrade request.
WARNING:  No supported WebSocket library detected. Please use "pip install 'uvicorn[standard]'", or install 'websockets' or 'wsproto' manually.
WARNING:  Unsupported upgrade request.
WARNING:  No supported WebSocket library detected. Please use "pip install 'uvicorn[standard]'", or install 'websockets' or 'wsproto' manually.
WARNING:  Unsupported upgrade request.
WARNING:  No supported WebSocket library detected. Please use "pip install 'uvicorn[standard]'", or install 'websockets' or 'wsproto' manually.
WARNING:  Unsupported upgrade request.
WARNING:  No supported WebSocket library detected. Please use "pip install 'uvicorn[standard]'", or install 'websockets' or 'wsproto' manually.
WARNING:  Unsupported upgrade request.
WARNING:  No supported WebSocket library detected. Please use "pip install 'uvicorn[standard]'", or install 'websockets' or 'wsproto' manually.
2026-07-09 04:08:05,235 - asyncio - ERROR - Exception in callback _ProactorBasePipeTransport._call_connection_lost()
handle: <Handle _ProactorBasePipeTransport._call_connection_lost()>
Traceback (most recent call last):
  File "C:\Python314\Lib\asyncio\events.py", line 94, in _run
    self._context.run(self._callback, *self._args)
    ~~~~~~~~~~~~~~~~~^^^^^^^^^^^^^^^^^^^^^^^^^^^^^
  File "C:\Python314\Lib\asyncio\proactor_events.py", line 165, in _call_connection_lost
    self._sock.shutdown(socket.SHUT_RDWR)
    ~~~~~~~~~~~~~~~~~~~^^^^^^^^^^^^^^^^^^
ConnectionResetError: [WinError 10054] Eine vorhandene Verbindung wurde vom Remotehost geschlossen
WARNING:  Unsupported upgrade request.
WARNING:  No supported WebSocket library detected. Please use "pip install 'uvicorn[standard]'", or install 'websockets' or 'wsproto' manually.
WARNING:  Unsupported upgrade request.
WARNING:  No supported WebSocket library detected. Please use "pip install 'uvicorn[standard]'", or install 'websockets' or 'wsproto' manually.
WARNING:  Unsupported upgrade request.
WARNING:  No supported WebSocket library detected. Please use "pip install 'uvicorn[standard]'", or install 'websockets' or 'wsproto' manually.
WARNING:  Unsupported upgrade request.
WARNING:  No supported WebSocket library detected. Please use "pip install 'uvicorn[standard]'", or install 'websockets' or 'wsproto' manually.
WARNING:  Unsupported upgrade request.
WARNING:  No supported WebSocket library detected. Please use "pip install 'uvicorn[standard]'", or install 'websockets' or 'wsproto' manually.
WARNING:  Unsupported upgrade request.
WARNING:  No supported WebSocket library detected. Please use "pip install 'uvicorn[standard]'", or install 'websockets' or 'wsproto' manually.
WARNING:  Unsupported upgrade request.
WARNING:  No supported WebSocket library detected. Please use "pip install 'uvicorn[standard]'", or install 'websockets' or 'wsproto' manually.
2026-07-09 04:08:10,389 - asyncio - ERROR - Exception in callback _ProactorBasePipeTransport._call_connection_lost()
handle: <Handle _ProactorBasePipeTransport._call_connection_lost()>
Traceback (most recent call last):
  File "C:\Python314\Lib\asyncio\events.py", line 94, in _run
    self._context.run(self._callback, *self._args)
    ~~~~~~~~~~~~~~~~~^^^^^^^^^^^^^^^^^^^^^^^^^^^^^
  File "C:\Python314\Lib\asyncio\proactor_events.py", line 165, in _call_connection_lost
    self._sock.shutdown(socket.SHUT_RDWR)
    ~~~~~~~~~~~~~~~~~~~^^^^^^^^^^^^^^^^^^
ConnectionResetError: [WinError 10054] Eine vorhandene Verbindung wurde vom Remotehost geschlossen
WARNING:  Unsupported upgrade request.
WARNING:  No supported WebSocket library detected. Please use "pip install 'uvicorn[standard]'", or install 'websockets' or 'wsproto' manually.
2026-07-09 04:08:10,497 - asyncio - ERROR - Exception in callback _ProactorBasePipeTransport._call_connection_lost()
handle: <Handle _ProactorBasePipeTransport._call_connection_lost()>
Traceback (most recent call last):
  File "C:\Python314\Lib\asyncio\events.py", line 94, in _run
    self._context.run(self._callback, *self._args)
    ~~~~~~~~~~~~~~~~~^^^^^^^^^^^^^^^^^^^^^^^^^^^^^
  File "C:\Python314\Lib\asyncio\proactor_events.py", line 165, in _call_connection_lost
    self._sock.shutdown(socket.SHUT_RDWR)
    ~~~~~~~~~~~~~~~~~~~^^^^^^^^^^^^^^^^^^
ConnectionResetError: [WinError 10054] Eine vorhandene Verbindung wurde vom Remotehost geschlossen
WARNING:  Unsupported upgrade request.
WARNING:  No supported WebSocket library detected. Please use "pip install 'uvicorn[standard]'", or install 'websockets' or 'wsproto' manually.
WARNING:  Unsupported upgrade request.
WARNING:  No supported WebSocket library detected. Please use "pip install 'uvicorn[standard]'", or install 'websockets' or 'wsproto' manually.
2026-07-09 04:08:11,262 - asyncio - ERROR - Exception in callback _ProactorBasePipeTransport._call_connection_lost()
handle: <Handle _ProactorBasePipeTransport._call_connection_lost()>
Traceback (most recent call last):
  File "C:\Python314\Lib\asyncio\events.py", line 94, in _run
    self._context.run(self._callback, *self._args)
    ~~~~~~~~~~~~~~~~~^^^^^^^^^^^^^^^^^^^^^^^^^^^^^
  File "C:\Python314\Lib\asyncio\proactor_events.py", line 165, in _call_connection_lost
    self._sock.shutdown(socket.SHUT_RDWR)
    ~~~~~~~~~~~~~~~~~~~^^^^^^^^^^^^^^^^^^
ConnectionResetError: [WinError 10054] Eine vorhandene Verbindung wurde vom Remotehost geschlossen
WARNING:  Unsupported upgrade request.
WARNING:  No supported WebSocket library detected. Please use "pip install 'uvicorn[standard]'", or install 'websockets' or 'wsproto' manually.
WARNING:  Unsupported upgrade request.
WARNING:  No supported WebSocket library detected. Please use "pip install 'uvicorn[standard]'", or install 'websockets' or 'wsproto' manually.
2026-07-09 04:08:14,253 - asyncio - ERROR - Exception in callback _ProactorBasePipeTransport._call_connection_lost()
handle: <Handle _ProactorBasePipeTransport._call_connection_lost()>
Traceback (most recent call last):
  File "C:\Python314\Lib\asyncio\events.py", line 94, in _run
    self._context.run(self._callback, *self._args)
    ~~~~~~~~~~~~~~~~~^^^^^^^^^^^^^^^^^^^^^^^^^^^^^
  File "C:\Python314\Lib\asyncio\proactor_events.py", line 165, in _call_connection_lost
    self._sock.shutdown(socket.SHUT_RDWR)
    ~~~~~~~~~~~~~~~~~~~^^^^^^^^^^^^^^^^^^
ConnectionResetError: [WinError 10054] Eine vorhandene Verbindung wurde vom Remotehost geschlossen
WARNING:  Unsupported upgrade request.
WARNING:  No supported WebSocket library detected. Please use "pip install 'uvicorn[standard]'", or install 'websockets' or 'wsproto' manually.
WARNING:  Unsupported upgrade request.
WARNING:  No supported WebSocket library detected. Please use "pip install 'uvicorn[standard]'", or install 'websockets' or 'wsproto' manually.
WARNING:  Unsupported upgrade request.
WARNING:  No supported WebSocket library detected. Please use "pip install 'uvicorn[standard]'", or install 'websockets' or 'wsproto' manually.
WARNING:  Unsupported upgrade request.
WARNING:  No supported WebSocket library detected. Please use "pip install 'uvicorn[standard]'", or install 'websockets' or 'wsproto' manually.
2026-07-09 04:08:16,258 - asyncio - ERROR - Exception in callback _ProactorBasePipeTransport._call_connection_lost()
handle: <Handle _ProactorBasePipeTransport._call_connection_lost()>
Traceback (most recent call last):
  File "C:\Python314\Lib\asyncio\events.py", line 94, in _run
    self._context.run(self._callback, *self._args)
    ~~~~~~~~~~~~~~~~~^^^^^^^^^^^^^^^^^^^^^^^^^^^^^
  File "C:\Python314\Lib\asyncio\proactor_events.py", line 165, in _call_connection_lost
    self._sock.shutdown(socket.SHUT_RDWR)
    ~~~~~~~~~~~~~~~~~~~^^^^^^^^^^^^^^^^^^
ConnectionResetError: [WinError 10054] Eine vorhandene Verbindung wurde vom Remotehost geschlossen
WARNING:  Unsupported upgrade request.
WARNING:  No supported WebSocket library detected. Please use "pip install 'uvicorn[standard]'", or install 'websockets' or 'wsproto' manually.
WARNING:  Unsupported upgrade request.
WARNING:  No supported WebSocket library detected. Please use "pip install 'uvicorn[standard]'", or install 'websockets' or 'wsproto' manually.
2026-07-09 04:08:17,261 - asyncio - ERROR - Exception in callback _ProactorBasePipeTransport._call_connection_lost()
handle: <Handle _ProactorBasePipeTransport._call_connection_lost()>
Traceback (most recent call last):
  File "C:\Python314\Lib\asyncio\events.py", line 94, in _run
    self._context.run(self._callback, *self._args)
    ~~~~~~~~~~~~~~~~~^^^^^^^^^^^^^^^^^^^^^^^^^^^^^
  File "C:\Python314\Lib\asyncio\proactor_events.py", line 165, in _call_connection_lost
    self._sock.shutdown(socket.SHUT_RDWR)
    ~~~~~~~~~~~~~~~~~~~^^^^^^^^^^^^^^^^^^
ConnectionResetError: [WinError 10054] Eine vorhandene Verbindung wurde vom Remotehost geschlossen
WARNING:  Unsupported upgrade request.
WARNING:  No supported WebSocket library detected. Please use "pip install 'uvicorn[standard]'", or install 'websockets' or 'wsproto' manually.
WARNING:  Unsupported upgrade request.
WARNING:  No supported WebSocket library detected. Please use "pip install 'uvicorn[standard]'", or install 'websockets' or 'wsproto' manually.
WARNING:  Unsupported upgrade request.
WARNING:  No supported WebSocket library detected. Please use "pip install 'uvicorn[standard]'", or install 'websockets' or 'wsproto' manually.
2026-07-09 04:08:20,260 - asyncio - ERROR - Exception in callback _ProactorBasePipeTransport._call_connection_lost()
handle: <Handle _ProactorBasePipeTransport._call_connection_lost()>
Traceback (most recent call last):
  File "C:\Python314\Lib\asyncio\events.py", line 94, in _run
    self._context.run(self._callback, *self._args)
    ~~~~~~~~~~~~~~~~~^^^^^^^^^^^^^^^^^^^^^^^^^^^^^
  File "C:\Python314\Lib\asyncio\proactor_events.py", line 165, in _call_connection_lost
    self._sock.shutdown(socket.SHUT_RDWR)
    ~~~~~~~~~~~~~~~~~~~^^^^^^^^^^^^^^^^^^
ConnectionResetError: [WinError 10054] Eine vorhandene Verbindung wurde vom Remotehost geschlossen
WARNING:  Unsupported upgrade request.
WARNING:  No supported WebSocket library detected. Please use "pip install 'uvicorn[standard]'", or install 'websockets' or 'wsproto' manually.
WARNING:  Unsupported upgrade request.
WARNING:  No supported WebSocket library detected. Please use "pip install 'uvicorn[standard]'", or install 'websockets' or 'wsproto' manually.
WARNING:  Unsupported upgrade request.
WARNING:  No supported WebSocket library detected. Please use "pip install 'uvicorn[standard]'", or install 'websockets' or 'wsproto' manually.
WARNING:  Unsupported upgrade request.
WARNING:  No supported WebSocket library detected. Please use "pip install 'uvicorn[standard]'", or install 'websockets' or 'wsproto' manually.
WARNING:  Unsupported upgrade request.
WARNING:  No supported WebSocket library detected. Please use "pip install 'uvicorn[standard]'", or install 'websockets' or 'wsproto' manually.
WARNING:  Unsupported upgrade request.
WARNING:  No supported WebSocket library detected. Please use "pip install 'uvicorn[standard]'", or install 'websockets' or 'wsproto' manually.
WARNING:  Unsupported upgrade request.
WARNING:  No supported WebSocket library detected. Please use "pip install 'uvicorn[standard]'", or install 'websockets' or 'wsproto' manually.
WARNING:  Unsupported upgrade request.
WARNING:  No supported WebSocket library detected. Please use "pip install 'uvicorn[standard]'", or install 'websockets' or 'wsproto' manually.
2026-07-09 04:08:26,250 - asyncio - ERROR - Exception in callback _ProactorBasePipeTransport._call_connection_lost()
handle: <Handle _ProactorBasePipeTransport._call_connection_lost()>
Traceback (most recent call last):
  File "C:\Python314\Lib\asyncio\events.py", line 94, in _run
    self._context.run(self._callback, *self._args)
    ~~~~~~~~~~~~~~~~~^^^^^^^^^^^^^^^^^^^^^^^^^^^^^
  File "C:\Python314\Lib\asyncio\proactor_events.py", line 165, in _call_connection_lost
    self._sock.shutdown(socket.SHUT_RDWR)
    ~~~~~~~~~~~~~~~~~~~^^^^^^^^^^^^^^^^^^
ConnectionResetError: [WinError 10054] Eine vorhandene Verbindung wurde vom Remotehost geschlossen
WARNING:  Unsupported upgrade request.
WARNING:  No supported WebSocket library detected. Please use "pip install 'uvicorn[standard]'", or install 'websockets' or 'wsproto' manually.
WARNING:  Unsupported upgrade request.
WARNING:  No supported WebSocket library detected. Please use "pip install 'uvicorn[standard]'", or install 'websockets' or 'wsproto' manually.
2026-07-09 04:08:27,031 - asyncio - ERROR - Exception in callback _ProactorBasePipeTransport._call_connection_lost()
handle: <Handle _ProactorBasePipeTransport._call_connection_lost()>
Traceback (most recent call last):
  File "C:\Python314\Lib\asyncio\events.py", line 94, in _run
    self._context.run(self._callback, *self._args)
    ~~~~~~~~~~~~~~~~~^^^^^^^^^^^^^^^^^^^^^^^^^^^^^
  File "C:\Python314\Lib\asyncio\proactor_events.py", line 165, in _call_connection_lost
    self._sock.shutdown(socket.SHUT_RDWR)
    ~~~~~~~~~~~~~~~~~~~^^^^^^^^^^^^^^^^^^
ConnectionResetError: [WinError 10054] Eine vorhandene Verbindung wurde vom Remotehost geschlossen
WARNING:  Unsupported upgrade request.
WARNING:  No supported WebSocket library detected. Please use "pip install 'uvicorn[standard]'", or install 'websockets' or 'wsproto' manually.
WARNING:  Unsupported upgrade request.
WARNING:  No supported WebSocket library detected. Please use "pip install 'uvicorn[standard]'", or install 'websockets' or 'wsproto' manually.
2026-07-09 04:08:29,277 - asyncio - ERROR - Exception in callback _ProactorBasePipeTransport._call_connection_lost()
handle: <Handle _ProactorBasePipeTransport._call_connection_lost()>
Traceback (most recent call last):
  File "C:\Python314\Lib\asyncio\events.py", line 94, in _run
    self._context.run(self._callback, *self._args)
    ~~~~~~~~~~~~~~~~~^^^^^^^^^^^^^^^^^^^^^^^^^^^^^
  File "C:\Python314\Lib\asyncio\proactor_events.py", line 165, in _call_connection_lost
    self._sock.shutdown(socket.SHUT_RDWR)
    ~~~~~~~~~~~~~~~~~~~^^^^^^^^^^^^^^^^^^
ConnectionResetError: [WinError 10054] Eine vorhandene Verbindung wurde vom Remotehost geschlossen
WARNING:  Unsupported upgrade request.
WARNING:  No supported WebSocket library detected. Please use "pip install 'uvicorn[standard]'", or install 'websockets' or 'wsproto' manually.
WARNING:  Unsupported upgrade request.
WARNING:  No supported WebSocket library detected. Please use "pip install 'uvicorn[standard]'", or install 'websockets' or 'wsproto' manually.
WARNING:  Unsupported upgrade request.
WARNING:  No supported WebSocket library detected. Please use "pip install 'uvicorn[standard]'", or install 'websockets' or 'wsproto' manually.
2026-07-09 04:08:31,285 - asyncio - ERROR - Exception in callback _ProactorBasePipeTransport._call_connection_lost()
handle: <Handle _ProactorBasePipeTransport._call_connection_lost()>
Traceback (most recent call last):
  File "C:\Python314\Lib\asyncio\events.py", line 94, in _run
    self._context.run(self._callback, *self._args)
    ~~~~~~~~~~~~~~~~~^^^^^^^^^^^^^^^^^^^^^^^^^^^^^
  File "C:\Python314\Lib\asyncio\proactor_events.py", line 165, in _call_connection_lost
    self._sock.shutdown(socket.SHUT_RDWR)
    ~~~~~~~~~~~~~~~~~~~^^^^^^^^^^^^^^^^^^
ConnectionResetError: [WinError 10054] Eine vorhandene Verbindung wurde vom Remotehost geschlossen
WARNING:  Unsupported upgrade request.
WARNING:  No supported WebSocket library detected. Please use "pip install 'uvicorn[standard]'", or install 'websockets' or 'wsproto' manually.
2026-07-09 04:08:31,317 - asyncio - ERROR - Exception in callback _ProactorBasePipeTransport._call_connection_lost()
handle: <Handle _ProactorBasePipeTransport._call_connection_lost()>
Traceback (most recent call last):
  File "C:\Python314\Lib\asyncio\events.py", line 94, in _run
    self._context.run(self._callback, *self._args)
    ~~~~~~~~~~~~~~~~~^^^^^^^^^^^^^^^^^^^^^^^^^^^^^
  File "C:\Python314\Lib\asyncio\proactor_events.py", line 165, in _call_connection_lost
    self._sock.shutdown(socket.SHUT_RDWR)
    ~~~~~~~~~~~~~~~~~~~^^^^^^^^^^^^^^^^^^
ConnectionResetError: [WinError 10054] Eine vorhandene Verbindung wurde vom Remotehost geschlossen
WARNING:  Unsupported upgrade request.
WARNING:  No supported WebSocket library detected. Please use "pip install 'uvicorn[standard]'", or install 'websockets' or 'wsproto' manually.
WARNING:  Unsupported upgrade request.
WARNING:  No supported WebSocket library detected. Please use "pip install 'uvicorn[standard]'", or install 'websockets' or 'wsproto' manually.
2026-07-09 04:08:33,235 - asyncio - ERROR - Exception in callback _ProactorBasePipeTransport._call_connection_lost()
handle: <Handle _ProactorBasePipeTransport._call_connection_lost()>
Traceback (most recent call last):
  File "C:\Python314\Lib\asyncio\events.py", line 94, in _run
    self._context.run(self._callback, *self._args)
    ~~~~~~~~~~~~~~~~~^^^^^^^^^^^^^^^^^^^^^^^^^^^^^
  File "C:\Python314\Lib\asyncio\proactor_events.py", line 165, in _call_connection_lost
    self._sock.shutdown(socket.SHUT_RDWR)
    ~~~~~~~~~~~~~~~~~~~^^^^^^^^^^^^^^^^^^
ConnectionResetError: [WinError 10054] Eine vorhandene Verbindung wurde vom Remotehost geschlossen
WARNING:  Unsupported upgrade request.
WARNING:  No supported WebSocket library detected. Please use "pip install 'uvicorn[standard]'", or install 'websockets' or 'wsproto' manually.
WARNING:  Unsupported upgrade request.
WARNING:  No supported WebSocket library detected. Please use "pip install 'uvicorn[standard]'", or install 'websockets' or 'wsproto' manually.
WARNING:  Unsupported upgrade request.
WARNING:  No supported WebSocket library detected. Please use "pip install 'uvicorn[standard]'", or install 'websockets' or 'wsproto' manually.
WARNING:  Unsupported upgrade request.
WARNING:  No supported WebSocket library detected. Please use "pip install 'uvicorn[standard]'", or install 'websockets' or 'wsproto' manually.
WARNING:  Unsupported upgrade request.
WARNING:  No supported WebSocket library detected. Please use "pip install 'uvicorn[standard]'", or install 'websockets' or 'wsproto' manually.
WARNING:  Unsupported upgrade request.
WARNING:  No supported WebSocket library detected. Please use "pip install 'uvicorn[standard]'", or install 'websockets' or 'wsproto' manually.
WARNING:  Unsupported upgrade request.
WARNING:  No supported WebSocket library detected. Please use "pip install 'uvicorn[standard]'", or install 'websockets' or 'wsproto' manually.
WARNING:  Unsupported upgrade request.
WARNING:  No supported WebSocket library detected. Please use "pip install 'uvicorn[standard]'", or install 'websockets' or 'wsproto' manually.
WARNING:  Unsupported upgrade request.
WARNING:  No supported WebSocket library detected. Please use "pip install 'uvicorn[standard]'", or install 'websockets' or 'wsproto' manually.
2026-07-09 04:08:40,929 - asyncio - ERROR - Exception in callback _ProactorBasePipeTransport._call_connection_lost()
handle: <Handle _ProactorBasePipeTransport._call_connection_lost()>
Traceback (most recent call last):
  File "C:\Python314\Lib\asyncio\events.py", line 94, in _run
    self._context.run(self._callback, *self._args)
    ~~~~~~~~~~~~~~~~~^^^^^^^^^^^^^^^^^^^^^^^^^^^^^
  File "C:\Python314\Lib\asyncio\proactor_events.py", line 165, in _call_connection_lost
    self._sock.shutdown(socket.SHUT_RDWR)
    ~~~~~~~~~~~~~~~~~~~^^^^^^^^^^^^^^^^^^
ConnectionResetError: [WinError 10054] Eine vorhandene Verbindung wurde vom Remotehost geschlossen
WARNING:  Unsupported upgrade request.
WARNING:  No supported WebSocket library detected. Please use "pip install 'uvicorn[standard]'", or install 'websockets' or 'wsproto' manually.
WARNING:  Unsupported upgrade request.
WARNING:  No supported WebSocket library detected. Please use "pip install 'uvicorn[standard]'", or install 'websockets' or 'wsproto' manually.
WARNING:  Unsupported upgrade request.
WARNING:  No supported WebSocket library detected. Please use "pip install 'uvicorn[standard]'", or install 'websockets' or 'wsproto' manually.
WARNING:  Unsupported upgrade request.
WARNING:  No supported WebSocket library detected. Please use "pip install 'uvicorn[standard]'", or install 'websockets' or 'wsproto' manually.
WARNING:  Unsupported upgrade request.
WARNING:  No supported WebSocket library detected. Please use "pip install 'uvicorn[standard]'", or install 'websockets' or 'wsproto' manually.
WARNING:  Unsupported upgrade request.
WARNING:  No supported WebSocket library detected. Please use "pip install 'uvicorn[standard]'", or install 'websockets' or 'wsproto' manually.
WARNING:  Unsupported upgrade request.
WARNING:  No supported WebSocket library detected. Please use "pip install 'uvicorn[standard]'", or install 'websockets' or 'wsproto' manually.
2026-07-09 04:08:46,370 - asyncio - ERROR - Exception in callback _ProactorBasePipeTransport._call_connection_lost()
handle: <Handle _ProactorBasePipeTransport._call_connection_lost()>
Traceback (most recent call last):
  File "C:\Python314\Lib\asyncio\events.py", line 94, in _run
    self._context.run(self._callback, *self._args)
    ~~~~~~~~~~~~~~~~~^^^^^^^^^^^^^^^^^^^^^^^^^^^^^
  File "C:\Python314\Lib\asyncio\proactor_events.py", line 165, in _call_connection_lost
    self._sock.shutdown(socket.SHUT_RDWR)
    ~~~~~~~~~~~~~~~~~~~^^^^^^^^^^^^^^^^^^
ConnectionResetError: [WinError 10054] Eine vorhandene Verbindung wurde vom Remotehost geschlossen
WARNING:  Unsupported upgrade request.
WARNING:  No supported WebSocket library detected. Please use "pip install 'uvicorn[standard]'", or install 'websockets' or 'wsproto' manually.
WARNING:  Unsupported upgrade request.
WARNING:  No supported WebSocket library detected. Please use "pip install 'uvicorn[standard]'", or install 'websockets' or 'wsproto' manually.
WARNING:  Unsupported upgrade request.
WARNING:  No supported WebSocket library detected. Please use "pip install 'uvicorn[standard]'", or install 'websockets' or 'wsproto' manually.
WARNING:  Unsupported upgrade request.
WARNING:  No supported WebSocket library detected. Please use "pip install 'uvicorn[standard]'", or install 'websockets' or 'wsproto' manually.
2026-07-09 04:08:49,212 - asyncio - ERROR - Exception in callback _ProactorBasePipeTransport._call_connection_lost()
handle: <Handle _ProactorBasePipeTransport._call_connection_lost()>
Traceback (most recent call last):
  File "C:\Python314\Lib\asyncio\events.py", line 94, in _run
    self._context.run(self._callback, *self._args)
    ~~~~~~~~~~~~~~~~~^^^^^^^^^^^^^^^^^^^^^^^^^^^^^
  File "C:\Python314\Lib\asyncio\proactor_events.py", line 165, in _call_connection_lost
    self._sock.shutdown(socket.SHUT_RDWR)
    ~~~~~~~~~~~~~~~~~~~^^^^^^^^^^^^^^^^^^
ConnectionResetError: [WinError 10054] Eine vorhandene Verbindung wurde vom Remotehost geschlossen
WARNING:  Unsupported upgrade request.
WARNING:  No supported WebSocket library detected. Please use "pip install 'uvicorn[standard]'", or install 'websockets' or 'wsproto' manually.
WARNING:  Unsupported upgrade request.
WARNING:  No supported WebSocket library detected. Please use "pip install 'uvicorn[standard]'", or install 'websockets' or 'wsproto' manually.
2026-07-09 04:08:49,418 - asyncio - ERROR - Exception in callback _ProactorBasePipeTransport._call_connection_lost()
handle: <Handle _ProactorBasePipeTransport._call_connection_lost()>
Traceback (most recent call last):
  File "C:\Python314\Lib\asyncio\events.py", line 94, in _run
    self._context.run(self._callback, *self._args)
    ~~~~~~~~~~~~~~~~~^^^^^^^^^^^^^^^^^^^^^^^^^^^^^
  File "C:\Python314\Lib\asyncio\proactor_events.py", line 165, in _call_connection_lost
    self._sock.shutdown(socket.SHUT_RDWR)
    ~~~~~~~~~~~~~~~~~~~^^^^^^^^^^^^^^^^^^
ConnectionResetError: [WinError 10054] Eine vorhandene Verbindung wurde vom Remotehost geschlossen
WARNING:  Unsupported upgrade request.
WARNING:  No supported WebSocket library detected. Please use "pip install 'uvicorn[standard]'", or install 'websockets' or 'wsproto' manually.
2026-07-09 04:08:51,394 - asyncio - ERROR - Exception in callback _ProactorBasePipeTransport._call_connection_lost()
handle: <Handle _ProactorBasePipeTransport._call_connection_lost()>
Traceback (most recent call last):
  File "C:\Python314\Lib\asyncio\events.py", line 94, in _run
    self._context.run(self._callback, *self._args)
    ~~~~~~~~~~~~~~~~~^^^^^^^^^^^^^^^^^^^^^^^^^^^^^
  File "C:\Python314\Lib\asyncio\proactor_events.py", line 165, in _call_connection_lost
    self._sock.shutdown(socket.SHUT_RDWR)
    ~~~~~~~~~~~~~~~~~~~^^^^^^^^^^^^^^^^^^
ConnectionResetError: [WinError 10054] Eine vorhandene Verbindung wurde vom Remotehost geschlossen
WARNING:  Unsupported upgrade request.
WARNING:  No supported WebSocket library detected. Please use "pip install 'uvicorn[standard]'", or install 'websockets' or 'wsproto' manually.
WARNING:  Unsupported upgrade request.
WARNING:  No supported WebSocket library detected. Please use "pip install 'uvicorn[standard]'", or install 'websockets' or 'wsproto' manually.
WARNING:  Unsupported upgrade request.
WARNING:  No supported WebSocket library detected. Please use "pip install 'uvicorn[standard]'", or install 'websockets' or 'wsproto' manually.
WARNING:  Unsupported upgrade request.
WARNING:  No supported WebSocket library detected. Please use "pip install 'uvicorn[standard]'", or install 'websockets' or 'wsproto' manually.
2026-07-09 04:08:54,263 - asyncio - ERROR - Exception in callback _ProactorBasePipeTransport._call_connection_lost()
handle: <Handle _ProactorBasePipeTransport._call_connection_lost()>
Traceback (most recent call last):
  File "C:\Python314\Lib\asyncio\events.py", line 94, in _run
    self._context.run(self._callback, *self._args)
    ~~~~~~~~~~~~~~~~~^^^^^^^^^^^^^^^^^^^^^^^^^^^^^
  File "C:\Python314\Lib\asyncio\proactor_events.py", line 165, in _call_connection_lost
    self._sock.shutdown(socket.SHUT_RDWR)
    ~~~~~~~~~~~~~~~~~~~^^^^^^^^^^^^^^^^^^
ConnectionResetError: [WinError 10054] Eine vorhandene Verbindung wurde vom Remotehost geschlossen
WARNING:  Unsupported upgrade request.
WARNING:  No supported WebSocket library detected. Please use "pip install 'uvicorn[standard]'", or install 'websockets' or 'wsproto' manually.
WARNING:  Unsupported upgrade request.
WARNING:  No supported WebSocket library detected. Please use "pip install 'uvicorn[standard]'", or install 'websockets' or 'wsproto' manually.
2026-07-09 04:08:55,453 - asyncio - ERROR - Exception in callback _ProactorBasePipeTransport._call_connection_lost()
handle: <Handle _ProactorBasePipeTransport._call_connection_lost()>
Traceback (most recent call last):
  File "C:\Python314\Lib\asyncio\events.py", line 94, in _run
    self._context.run(self._callback, *self._args)
    ~~~~~~~~~~~~~~~~~^^^^^^^^^^^^^^^^^^^^^^^^^^^^^
  File "C:\Python314\Lib\asyncio\proactor_events.py", line 165, in _call_connection_lost
    self._sock.shutdown(socket.SHUT_RDWR)
    ~~~~~~~~~~~~~~~~~~~^^^^^^^^^^^^^^^^^^
ConnectionResetError: [WinError 10054] Eine vorhandene Verbindung wurde vom Remotehost geschlossen
WARNING:  Unsupported upgrade request.
WARNING:  No supported WebSocket library detected. Please use "pip install 'uvicorn[standard]'", or install 'websockets' or 'wsproto' manually.
2026-07-09 04:08:56,765 - asyncio - ERROR - Exception in callback _ProactorBasePipeTransport._call_connection_lost()
handle: <Handle _ProactorBasePipeTransport._call_connection_lost()>
Traceback (most recent call last):
  File "C:\Python314\Lib\asyncio\events.py", line 94, in _run
    self._context.run(self._callback, *self._args)
    ~~~~~~~~~~~~~~~~~^^^^^^^^^^^^^^^^^^^^^^^^^^^^^
  File "C:\Python314\Lib\asyncio\proactor_events.py", line 165, in _call_connection_lost
    self._sock.shutdown(socket.SHUT_RDWR)
    ~~~~~~~~~~~~~~~~~~~^^^^^^^^^^^^^^^^^^
ConnectionResetError: [WinError 10054] Eine vorhandene Verbindung wurde vom Remotehost geschlossen
WARNING:  Unsupported upgrade request.
WARNING:  No supported WebSocket library detected. Please use "pip install 'uvicorn[standard]'", or install 'websockets' or 'wsproto' manually.
WARNING:  Unsupported upgrade request.
WARNING:  No supported WebSocket library detected. Please use "pip install 'uvicorn[standard]'", or install 'websockets' or 'wsproto' manually.
WARNING:  Unsupported upgrade request.
WARNING:  No supported WebSocket library detected. Please use "pip install 'uvicorn[standard]'", or install 'websockets' or 'wsproto' manually.
WARNING:  Unsupported upgrade request.
WARNING:  No supported WebSocket library detected. Please use "pip install 'uvicorn[standard]'", or install 'websockets' or 'wsproto' manually.
WARNING:  Unsupported upgrade request.
WARNING:  No supported WebSocket library detected. Please use "pip install 'uvicorn[standard]'", or install 'websockets' or 'wsproto' manually.
WARNING:  Unsupported upgrade request.
WARNING:  No supported WebSocket library detected. Please use "pip install 'uvicorn[standard]'", or install 'websockets' or 'wsproto' manually.
WARNING:  Unsupported upgrade request.
WARNING:  No supported WebSocket library detected. Please use "pip install 'uvicorn[standard]'", or install 'websockets' or 'wsproto' manually.
WARNING:  Unsupported upgrade request.
WARNING:  No supported WebSocket library detected. Please use "pip install 'uvicorn[standard]'", or install 'websockets' or 'wsproto' manually.
WARNING:  Unsupported upgrade request.
WARNING:  No supported WebSocket library detected. Please use "pip install 'uvicorn[standard]'", or install 'websockets' or 'wsproto' manually.
2026-07-09 04:09:04,260 - asyncio - ERROR - Exception in callback _ProactorBasePipeTransport._call_connection_lost()
handle: <Handle _ProactorBasePipeTransport._call_connection_lost()>
Traceback (most recent call last):
  File "C:\Python314\Lib\asyncio\events.py", line 94, in _run
    self._context.run(self._callback, *self._args)
    ~~~~~~~~~~~~~~~~~^^^^^^^^^^^^^^^^^^^^^^^^^^^^^
  File "C:\Python314\Lib\asyncio\proactor_events.py", line 165, in _call_connection_lost
    self._sock.shutdown(socket.SHUT_RDWR)
    ~~~~~~~~~~~~~~~~~~~^^^^^^^^^^^^^^^^^^
ConnectionResetError: [WinError 10054] Eine vorhandene Verbindung wurde vom Remotehost geschlossen
WARNING:  Unsupported upgrade request.
WARNING:  No supported WebSocket library detected. Please use "pip install 'uvicorn[standard]'", or install 'websockets' or 'wsproto' manually.
2026-07-09 04:09:04,513 - asyncio - ERROR - Exception in callback _ProactorBasePipeTransport._call_connection_lost()
handle: <Handle _ProactorBasePipeTransport._call_connection_lost()>
Traceback (most recent call last):
  File "C:\Python314\Lib\asyncio\events.py", line 94, in _run
    self._context.run(self._callback, *self._args)
    ~~~~~~~~~~~~~~~~~^^^^^^^^^^^^^^^^^^^^^^^^^^^^^
  File "C:\Python314\Lib\asyncio\proactor_events.py", line 165, in _call_connection_lost
    self._sock.shutdown(socket.SHUT_RDWR)
    ~~~~~~~~~~~~~~~~~~~^^^^^^^^^^^^^^^^^^
ConnectionResetError: [WinError 10054] Eine vorhandene Verbindung wurde vom Remotehost geschlossen
WARNING:  Unsupported upgrade request.
WARNING:  No supported WebSocket library detected. Please use "pip install 'uvicorn[standard]'", or install 'websockets' or 'wsproto' manually.
WARNING:  Unsupported upgrade request.
WARNING:  No supported WebSocket library detected. Please use "pip install 'uvicorn[standard]'", or install 'websockets' or 'wsproto' manually.
WARNING:  Unsupported upgrade request.
WARNING:  No supported WebSocket library detected. Please use "pip install 'uvicorn[standard]'", or install 'websockets' or 'wsproto' manually.
WARNING:  Unsupported upgrade request.
WARNING:  No supported WebSocket library detected. Please use "pip install 'uvicorn[standard]'", or install 'websockets' or 'wsproto' manually.
WARNING:  Unsupported upgrade request.
WARNING:  No supported WebSocket library detected. Please use "pip install 'uvicorn[standard]'", or install 'websockets' or 'wsproto' manually.
2026-07-09 04:09:07,989 - asyncio - ERROR - Exception in callback _ProactorBasePipeTransport._call_connection_lost()
handle: <Handle _ProactorBasePipeTransport._call_connection_lost()>
Traceback (most recent call last):
  File "C:\Python314\Lib\asyncio\events.py", line 94, in _run
    self._context.run(self._callback, *self._args)
    ~~~~~~~~~~~~~~~~~^^^^^^^^^^^^^^^^^^^^^^^^^^^^^
  File "C:\Python314\Lib\asyncio\proactor_events.py", line 165, in _call_connection_lost
    self._sock.shutdown(socket.SHUT_RDWR)
    ~~~~~~~~~~~~~~~~~~~^^^^^^^^^^^^^^^^^^
ConnectionResetError: [WinError 10054] Eine vorhandene Verbindung wurde vom Remotehost geschlossen
WARNING:  Unsupported upgrade request.
WARNING:  No supported WebSocket library detected. Please use "pip install 'uvicorn[standard]'", or install 'websockets' or 'wsproto' manually.
WARNING:  Unsupported upgrade request.
WARNING:  No supported WebSocket library detected. Please use "pip install 'uvicorn[standard]'", or install 'websockets' or 'wsproto' manually.
WARNING:  Unsupported upgrade request.
WARNING:  No supported WebSocket library detected. Please use "pip install 'uvicorn[standard]'", or install 'websockets' or 'wsproto' manually.
2026-07-09 04:09:11,143 - asyncio - ERROR - Exception in callback _ProactorBasePipeTransport._call_connection_lost()
handle: <Handle _ProactorBasePipeTransport._call_connection_lost()>
Traceback (most recent call last):
  File "C:\Python314\Lib\asyncio\events.py", line 94, in _run
    self._context.run(self._callback, *self._args)
    ~~~~~~~~~~~~~~~~~^^^^^^^^^^^^^^^^^^^^^^^^^^^^^
  File "C:\Python314\Lib\asyncio\proactor_events.py", line 165, in _call_connection_lost
    self._sock.shutdown(socket.SHUT_RDWR)
    ~~~~~~~~~~~~~~~~~~~^^^^^^^^^^^^^^^^^^
ConnectionResetError: [WinError 10054] Eine vorhandene Verbindung wurde vom Remotehost geschlossen
WARNING:  Unsupported upgrade request.
WARNING:  No supported WebSocket library detected. Please use "pip install 'uvicorn[standard]'", or install 'websockets' or 'wsproto' manually.
2026-07-09 04:09:13,755 - asyncio - ERROR - Exception in callback _ProactorBasePipeTransport._call_connection_lost()
handle: <Handle _ProactorBasePipeTransport._call_connection_lost()>
Traceback (most recent call last):
  File "C:\Python314\Lib\asyncio\events.py", line 94, in _run
    self._context.run(self._callback, *self._args)
    ~~~~~~~~~~~~~~~~~^^^^^^^^^^^^^^^^^^^^^^^^^^^^^
  File "C:\Python314\Lib\asyncio\proactor_events.py", line 165, in _call_connection_lost
    self._sock.shutdown(socket.SHUT_RDWR)
    ~~~~~~~~~~~~~~~~~~~^^^^^^^^^^^^^^^^^^
ConnectionResetError: [WinError 10054] Eine vorhandene Verbindung wurde vom Remotehost geschlossen
WARNING:  Unsupported upgrade request.
WARNING:  No supported WebSocket library detected. Please use "pip install 'uvicorn[standard]'", or install 'websockets' or 'wsproto' manually.
2026-07-09 04:09:14,292 - asyncio - ERROR - Exception in callback _ProactorBasePipeTransport._call_connection_lost()
handle: <Handle _ProactorBasePipeTransport._call_connection_lost()>
Traceback (most recent call last):
  File "C:\Python314\Lib\asyncio\events.py", line 94, in _run
    self._context.run(self._callback, *self._args)
    ~~~~~~~~~~~~~~~~~^^^^^^^^^^^^^^^^^^^^^^^^^^^^^
  File "C:\Python314\Lib\asyncio\proactor_events.py", line 165, in _call_connection_lost
    self._sock.shutdown(socket.SHUT_RDWR)
    ~~~~~~~~~~~~~~~~~~~^^^^^^^^^^^^^^^^^^
ConnectionResetError: [WinError 10054] Eine vorhandene Verbindung wurde vom Remotehost geschlossen
WARNING:  Unsupported upgrade request.
WARNING:  No supported WebSocket library detected. Please use "pip install 'uvicorn[standard]'", or install 'websockets' or 'wsproto' manually.
WARNING:  Unsupported upgrade request.
WARNING:  No supported WebSocket library detected. Please use "pip install 'uvicorn[standard]'", or install 'websockets' or 'wsproto' manually.
2026-07-09 04:09:15,122 - asyncio - ERROR - Exception in callback _ProactorBasePipeTransport._call_connection_lost()
handle: <Handle _ProactorBasePipeTransport._call_connection_lost()>
Traceback (most recent call last):
  File "C:\Python314\Lib\asyncio\events.py", line 94, in _run
    self._context.run(self._callback, *self._args)
    ~~~~~~~~~~~~~~~~~^^^^^^^^^^^^^^^^^^^^^^^^^^^^^
  File "C:\Python314\Lib\asyncio\proactor_events.py", line 165, in _call_connection_lost
    self._sock.shutdown(socket.SHUT_RDWR)
    ~~~~~~~~~~~~~~~~~~~^^^^^^^^^^^^^^^^^^
ConnectionResetError: [WinError 10054] Eine vorhandene Verbindung wurde vom Remotehost geschlossen
WARNING:  Unsupported upgrade request.
WARNING:  No supported WebSocket library detected. Please use "pip install 'uvicorn[standard]'", or install 'websockets' or 'wsproto' manually.
2026-07-09 04:09:15,984 - asyncio - ERROR - Exception in callback _ProactorBasePipeTransport._call_connection_lost()
handle: <Handle _ProactorBasePipeTransport._call_connection_lost()>
Traceback (most recent call last):
  File "C:\Python314\Lib\asyncio\events.py", line 94, in _run
    self._context.run(self._callback, *self._args)
    ~~~~~~~~~~~~~~~~~^^^^^^^^^^^^^^^^^^^^^^^^^^^^^
  File "C:\Python314\Lib\asyncio\proactor_events.py", line 165, in _call_connection_lost
    self._sock.shutdown(socket.SHUT_RDWR)
    ~~~~~~~~~~~~~~~~~~~^^^^^^^^^^^^^^^^^^
ConnectionResetError: [WinError 10054] Eine vorhandene Verbindung wurde vom Remotehost geschlossen
WARNING:  Unsupported upgrade request.
WARNING:  No supported WebSocket library detected. Please use "pip install 'uvicorn[standard]'", or install 'websockets' or 'wsproto' manually.
2026-07-09 04:09:16,652 - asyncio - ERROR - Exception in callback _ProactorBasePipeTransport._call_connection_lost()
handle: <Handle _ProactorBasePipeTransport._call_connection_lost()>
Traceback (most recent call last):
  File "C:\Python314\Lib\asyncio\events.py", line 94, in _run
    self._context.run(self._callback, *self._args)
    ~~~~~~~~~~~~~~~~~^^^^^^^^^^^^^^^^^^^^^^^^^^^^^
  File "C:\Python314\Lib\asyncio\proactor_events.py", line 165, in _call_connection_lost
    self._sock.shutdown(socket.SHUT_RDWR)
    ~~~~~~~~~~~~~~~~~~~^^^^^^^^^^^^^^^^^^
ConnectionResetError: [WinError 10054] Eine vorhandene Verbindung wurde vom Remotehost geschlossen
WARNING:  Unsupported upgrade request.
WARNING:  No supported WebSocket library detected. Please use "pip install 'uvicorn[standard]'", or install 'websockets' or 'wsproto' manually.
WARNING:  Unsupported upgrade request.
WARNING:  No supported WebSocket library detected. Please use "pip install 'uvicorn[standard]'", or install 'websockets' or 'wsproto' manually.
2026-07-09 04:09:19,337 - asyncio - ERROR - Exception in callback _ProactorBasePipeTransport._call_connection_lost()
handle: <Handle _ProactorBasePipeTransport._call_connection_lost()>
Traceback (most recent call last):
  File "C:\Python314\Lib\asyncio\events.py", line 94, in _run
    self._context.run(self._callback, *self._args)
    ~~~~~~~~~~~~~~~~~^^^^^^^^^^^^^^^^^^^^^^^^^^^^^
  File "C:\Python314\Lib\asyncio\proactor_events.py", line 165, in _call_connection_lost
    self._sock.shutdown(socket.SHUT_RDWR)
    ~~~~~~~~~~~~~~~~~~~^^^^^^^^^^^^^^^^^^
ConnectionResetError: [WinError 10054] Eine vorhandene Verbindung wurde vom Remotehost geschlossen
WARNING:  Unsupported upgrade request.
WARNING:  No supported WebSocket library detected. Please use "pip install 'uvicorn[standard]'", or install 'websockets' or 'wsproto' manually.
WARNING:  Unsupported upgrade request.
WARNING:  No supported WebSocket library detected. Please use "pip install 'uvicorn[standard]'", or install 'websockets' or 'wsproto' manually.
WARNING:  Unsupported upgrade request.
WARNING:  No supported WebSocket library detected. Please use "pip install 'uvicorn[standard]'", or install 'websockets' or 'wsproto' manually.
2026-07-09 04:09:21,403 - asyncio - ERROR - Exception in callback _ProactorBasePipeTransport._call_connection_lost()
handle: <Handle _ProactorBasePipeTransport._call_connection_lost()>
Traceback (most recent call last):
  File "C:\Python314\Lib\asyncio\events.py", line 94, in _run
    self._context.run(self._callback, *self._args)
    ~~~~~~~~~~~~~~~~~^^^^^^^^^^^^^^^^^^^^^^^^^^^^^
  File "C:\Python314\Lib\asyncio\proactor_events.py", line 165, in _call_connection_lost
    self._sock.shutdown(socket.SHUT_RDWR)
    ~~~~~~~~~~~~~~~~~~~^^^^^^^^^^^^^^^^^^
ConnectionResetError: [WinError 10054] Eine vorhandene Verbindung wurde vom Remotehost geschlossen
WARNING:  Unsupported upgrade request.
WARNING:  No supported WebSocket library detected. Please use "pip install 'uvicorn[standard]'", or install 'websockets' or 'wsproto' manually.
2026-07-09 04:09:23,841 - asyncio - ERROR - Exception in callback _ProactorBasePipeTransport._call_connection_lost()
handle: <Handle _ProactorBasePipeTransport._call_connection_lost()>
Traceback (most recent call last):
  File "C:\Python314\Lib\asyncio\events.py", line 94, in _run
    self._context.run(self._callback, *self._args)
    ~~~~~~~~~~~~~~~~~^^^^^^^^^^^^^^^^^^^^^^^^^^^^^
  File "C:\Python314\Lib\asyncio\proactor_events.py", line 165, in _call_connection_lost
    self._sock.shutdown(socket.SHUT_RDWR)
    ~~~~~~~~~~~~~~~~~~~^^^^^^^^^^^^^^^^^^
ConnectionResetError: [WinError 10054] Eine vorhandene Verbindung wurde vom Remotehost geschlossen
WARNING:  Unsupported upgrade request.
WARNING:  No supported WebSocket library detected. Please use "pip install 'uvicorn[standard]'", or install 'websockets' or 'wsproto' manually.
WARNING:  Unsupported upgrade request.
WARNING:  No supported WebSocket library detected. Please use "pip install 'uvicorn[standard]'", or install 'websockets' or 'wsproto' manually.
2026-07-09 04:09:24,313 - asyncio - ERROR - Exception in callback _ProactorBasePipeTransport._call_connection_lost()
handle: <Handle _ProactorBasePipeTransport._call_connection_lost()>
Traceback (most recent call last):
  File "C:\Python314\Lib\asyncio\events.py", line 94, in _run
    self._context.run(self._callback, *self._args)
    ~~~~~~~~~~~~~~~~~^^^^^^^^^^^^^^^^^^^^^^^^^^^^^
  File "C:\Python314\Lib\asyncio\proactor_events.py", line 165, in _call_connection_lost
    self._sock.shutdown(socket.SHUT_RDWR)
    ~~~~~~~~~~~~~~~~~~~^^^^^^^^^^^^^^^^^^
ConnectionResetError: [WinError 10054] Eine vorhandene Verbindung wurde vom Remotehost geschlossen
WARNING:  Unsupported upgrade request.
WARNING:  No supported WebSocket library detected. Please use "pip install 'uvicorn[standard]'", or install 'websockets' or 'wsproto' manually.
2026-07-09 04:09:26,195 - asyncio - ERROR - Exception in callback _ProactorBasePipeTransport._call_connection_lost()
handle: <Handle _ProactorBasePipeTransport._call_connection_lost()>
Traceback (most recent call last):
  File "C:\Python314\Lib\asyncio\events.py", line 94, in _run
    self._context.run(self._callback, *self._args)
    ~~~~~~~~~~~~~~~~~^^^^^^^^^^^^^^^^^^^^^^^^^^^^^
  File "C:\Python314\Lib\asyncio\proactor_events.py", line 165, in _call_connection_lost
    self._sock.shutdown(socket.SHUT_RDWR)
    ~~~~~~~~~~~~~~~~~~~^^^^^^^^^^^^^^^^^^
ConnectionResetError: [WinError 10054] Eine vorhandene Verbindung wurde vom Remotehost geschlossen
WARNING:  Unsupported upgrade request.
WARNING:  No supported WebSocket library detected. Please use "pip install 'uvicorn[standard]'", or install 'websockets' or 'wsproto' manually.
WARNING:  Unsupported upgrade request.
WARNING:  No supported WebSocket library detected. Please use "pip install 'uvicorn[standard]'", or install 'websockets' or 'wsproto' manually.
WARNING:  Unsupported upgrade request.
WARNING:  No supported WebSocket library detected. Please use "pip install 'uvicorn[standard]'", or install 'websockets' or 'wsproto' manually.
WARNING:  Unsupported upgrade request.
WARNING:  No supported WebSocket library detected. Please use "pip install 'uvicorn[standard]'", or install 'websockets' or 'wsproto' manually.
WARNING:  Unsupported upgrade request.
WARNING:  No supported WebSocket library detected. Please use "pip install 'uvicorn[standard]'", or install 'websockets' or 'wsproto' manually.
ERROR:    Exception in ASGI application
Traceback (most recent call last):
  File "C:\Users\burif\OneDrive\Desktop\YENI REDWORK SITESI\redworkch-fixed-ui-admin-hosting\redworkch-main\backend\venv\Lib\site-packages\uvicorn\protocols\http\h11_impl.py", line 408, in run_asgi
    result = await app(  # type: ignore[func-returns-value]
             ^^^^^^^^^^^^^^^^^^^^^^^^^^^^^^^^^^^^^^^^^^^^^^
        self.scope, self.receive, self.send
        ^^^^^^^^^^^^^^^^^^^^^^^^^^^^^^^^^^^
    )
    ^
  File "C:\Users\burif\OneDrive\Desktop\YENI REDWORK SITESI\redworkch-fixed-ui-admin-hosting\redworkch-main\backend\venv\Lib\site-packages\uvicorn\middleware\proxy_headers.py", line 84, in __call__
    return await self.app(scope, receive, send)
           ^^^^^^^^^^^^^^^^^^^^^^^^^^^^^^^^^^^^
  File "C:\Users\burif\OneDrive\Desktop\YENI REDWORK SITESI\redworkch-fixed-ui-admin-hosting\redworkch-main\backend\venv\Lib\site-packages\fastapi\applications.py", line 1054, in __call__
    await super().__call__(scope, receive, send)
  File "C:\Users\burif\OneDrive\Desktop\YENI REDWORK SITESI\redworkch-fixed-ui-admin-hosting\redworkch-main\backend\venv\Lib\site-packages\starlette\applications.py", line 123, in __call__
    await self.middleware_stack(scope, receive, send)
  File "C:\Users\burif\OneDrive\Desktop\YENI REDWORK SITESI\redworkch-fixed-ui-admin-hosting\redworkch-main\backend\venv\Lib\site-packages\starlette\middleware\errors.py", line 186, in __call__
    raise exc
  File "C:\Users\burif\OneDrive\Desktop\YENI REDWORK SITESI\redworkch-fixed-ui-admin-hosting\redworkch-main\backend\venv\Lib\site-packages\starlette\middleware\errors.py", line 164, in __call__
    await self.app(scope, receive, _send)
  File "C:\Users\burif\OneDrive\Desktop\YENI REDWORK SITESI\redworkch-fixed-ui-admin-hosting\redworkch-main\backend\venv\Lib\site-packages\starlette\middleware\cors.py", line 93, in __call__
    await self.simple_response(scope, receive, send, request_headers=headers)
  File "C:\Users\burif\OneDrive\Desktop\YENI REDWORK SITESI\redworkch-fixed-ui-admin-hosting\redworkch-main\backend\venv\Lib\site-packages\starlette\middleware\cors.py", line 148, in simple_response
    await self.app(scope, receive, send)
  File "C:\Users\burif\OneDrive\Desktop\YENI REDWORK SITESI\redworkch-fixed-ui-admin-hosting\redworkch-main\backend\venv\Lib\site-packages\starlette\middleware\exceptions.py", line 65, in __call__
    await wrap_app_handling_exceptions(self.app, conn)(scope, receive, send)
  File "C:\Users\burif\OneDrive\Desktop\YENI REDWORK SITESI\redworkch-fixed-ui-admin-hosting\redworkch-main\backend\venv\Lib\site-packages\starlette\_exception_handler.py", line 64, in wrapped_app
    raise exc
  File "C:\Users\burif\OneDrive\Desktop\YENI REDWORK SITESI\redworkch-fixed-ui-admin-hosting\redworkch-main\backend\venv\Lib\site-packages\starlette\_exception_handler.py", line 53, in wrapped_app
    await app(scope, receive, sender)
  File "C:\Users\burif\OneDrive\Desktop\YENI REDWORK SITESI\redworkch-fixed-ui-admin-hosting\redworkch-main\backend\venv\Lib\site-packages\starlette\routing.py", line 756, in __call__
    await self.middleware_stack(scope, receive, send)
  File "C:\Users\burif\OneDrive\Desktop\YENI REDWORK SITESI\redworkch-fixed-ui-admin-hosting\redworkch-main\backend\venv\Lib\site-packages\starlette\routing.py", line 776, in app
    await route.handle(scope, receive, send)
  File "C:\Users\burif\OneDrive\Desktop\YENI REDWORK SITESI\redworkch-fixed-ui-admin-hosting\redworkch-main\backend\venv\Lib\site-packages\starlette\routing.py", line 297, in handle
    await self.app(scope, receive, send)
  File "C:\Users\burif\OneDrive\Desktop\YENI REDWORK SITESI\redworkch-fixed-ui-admin-hosting\redworkch-main\backend\venv\Lib\site-packages\starlette\routing.py", line 77, in app
    await wrap_app_handling_exceptions(app, request)(scope, receive, send)
  File "C:\Users\burif\OneDrive\Desktop\YENI REDWORK SITESI\redworkch-fixed-ui-admin-hosting\redworkch-main\backend\venv\Lib\site-packages\starlette\_exception_handler.py", line 64, in wrapped_app
    raise exc
  File "C:\Users\burif\OneDrive\Desktop\YENI REDWORK SITESI\redworkch-fixed-ui-admin-hosting\redworkch-main\backend\venv\Lib\site-packages\starlette\_exception_handler.py", line 53, in wrapped_app
    await app(scope, receive, sender)
  File "C:\Users\burif\OneDrive\Desktop\YENI REDWORK SITESI\redworkch-fixed-ui-admin-hosting\redworkch-main\backend\venv\Lib\site-packages\starlette\routing.py", line 72, in app
    response = await func(request)
               ^^^^^^^^^^^^^^^^^^^
  File "C:\Users\burif\OneDrive\Desktop\YENI REDWORK SITESI\redworkch-fixed-ui-admin-hosting\redworkch-main\backend\venv\Lib\site-packages\fastapi\routing.py", line 278, in app
    raw_response = await run_endpoint_function(
                   ^^^^^^^^^^^^^^^^^^^^^^^^^^^^
        dependant=dependant, values=values, is_coroutine=is_coroutine
        ^^^^^^^^^^^^^^^^^^^^^^^^^^^^^^^^^^^^^^^^^^^^^^^^^^^^^^^^^^^^^
    )
    ^
  File "C:\Users\burif\OneDrive\Desktop\YENI REDWORK SITESI\redworkch-fixed-ui-admin-hosting\redworkch-main\backend\venv\Lib\site-packages\fastapi\routing.py", line 191, in run_endpoint_function
    return await dependant.call(**values)
           ^^^^^^^^^^^^^^^^^^^^^^^^^^^^^^
  File "C:\Users\burif\OneDrive\Desktop\YENI REDWORK SITESI\redworkch-fixed-ui-admin-hosting\redworkch-main\backend\server.py", line 2125, in list_orders
    "transactions": [clean(tx) for tx in transactions],
             ^^^^^^^
KeyError: 'id'
ERROR:    Exception in ASGI application
Traceback (most recent call last):
  File "C:\Users\burif\OneDrive\Desktop\YENI REDWORK SITESI\redworkch-fixed-ui-admin-hosting\redworkch-main\backend\venv\Lib\site-packages\uvicorn\protocols\http\h11_impl.py", line 408, in run_asgi
    result = await app(  # type: ignore[func-returns-value]
             ^^^^^^^^^^^^^^^^^^^^^^^^^^^^^^^^^^^^^^^^^^^^^^
        self.scope, self.receive, self.send
        ^^^^^^^^^^^^^^^^^^^^^^^^^^^^^^^^^^^
    )
    ^
  File "C:\Users\burif\OneDrive\Desktop\YENI REDWORK SITESI\redworkch-fixed-ui-admin-hosting\redworkch-main\backend\venv\Lib\site-packages\uvicorn\middleware\proxy_headers.py", line 84, in __call__
    return await self.app(scope, receive, send)
           ^^^^^^^^^^^^^^^^^^^^^^^^^^^^^^^^^^^^
  File "C:\Users\burif\OneDrive\Desktop\YENI REDWORK SITESI\redworkch-fixed-ui-admin-hosting\redworkch-main\backend\venv\Lib\site-packages\fastapi\applications.py", line 1054, in __call__
    await super().__call__(scope, receive, send)
  File "C:\Users\burif\OneDrive\Desktop\YENI REDWORK SITESI\redworkch-fixed-ui-admin-hosting\redworkch-main\backend\venv\Lib\site-packages\starlette\applications.py", line 123, in __call__
    await self.middleware_stack(scope, receive, send)
  File "C:\Users\burif\OneDrive\Desktop\YENI REDWORK SITESI\redworkch-fixed-ui-admin-hosting\redworkch-main\backend\venv\Lib\site-packages\starlette\middleware\errors.py", line 186, in __call__
    raise exc
  File "C:\Users\burif\OneDrive\Desktop\YENI REDWORK SITESI\redworkch-fixed-ui-admin-hosting\redworkch-main\backend\venv\Lib\site-packages\starlette\middleware\errors.py", line 164, in __call__
    await self.app(scope, receive, _send)
  File "C:\Users\burif\OneDrive\Desktop\YENI REDWORK SITESI\redworkch-fixed-ui-admin-hosting\redworkch-main\backend\venv\Lib\site-packages\starlette\middleware\cors.py", line 93, in __call__
    await self.simple_response(scope, receive, send, request_headers=headers)
  File "C:\Users\burif\OneDrive\Desktop\YENI REDWORK SITESI\redworkch-fixed-ui-admin-hosting\redworkch-main\backend\venv\Lib\site-packages\starlette\middleware\cors.py", line 148, in simple_response
    await self.app(scope, receive, send)
  File "C:\Users\burif\OneDrive\Desktop\YENI REDWORK SITESI\redworkch-fixed-ui-admin-hosting\redworkch-main\backend\venv\Lib\site-packages\starlette\middleware\exceptions.py", line 65, in __call__
    await wrap_app_handling_exceptions(self.app, conn)(scope, receive, send)
  File "C:\Users\burif\OneDrive\Desktop\YENI REDWORK SITESI\redworkch-fixed-ui-admin-hosting\redworkch-main\backend\venv\Lib\site-packages\starlette\_exception_handler.py", line 64, in wrapped_app
    raise exc
  File "C:\Users\burif\OneDrive\Desktop\YENI REDWORK SITESI\redworkch-fixed-ui-admin-hosting\redworkch-main\backend\venv\Lib\site-packages\starlette\_exception_handler.py", line 53, in wrapped_app
    await app(scope, receive, sender)
  File "C:\Users\burif\OneDrive\Desktop\YENI REDWORK SITESI\redworkch-fixed-ui-admin-hosting\redworkch-main\backend\venv\Lib\site-packages\starlette\routing.py", line 756, in __call__
    await self.middleware_stack(scope, receive, send)
  File "C:\Users\burif\OneDrive\Desktop\YENI REDWORK SITESI\redworkch-fixed-ui-admin-hosting\redworkch-main\backend\venv\Lib\site-packages\starlette\routing.py", line 776, in app
    await route.handle(scope, receive, send)
  File "C:\Users\burif\OneDrive\Desktop\YENI REDWORK SITESI\redworkch-fixed-ui-admin-hosting\redworkch-main\backend\venv\Lib\site-packages\starlette\routing.py", line 297, in handle
    await self.app(scope, receive, send)
  File "C:\Users\burif\OneDrive\Desktop\YENI REDWORK SITESI\redworkch-fixed-ui-admin-hosting\redworkch-main\backend\venv\Lib\site-packages\starlette\routing.py", line 77, in app
    await wrap_app_handling_exceptions(app, request)(scope, receive, send)
  File "C:\Users\burif\OneDrive\Desktop\YENI REDWORK SITESI\redworkch-fixed-ui-admin-hosting\redworkch-main\backend\venv\Lib\site-packages\starlette\_exception_handler.py", line 64, in wrapped_app
    raise exc
  File "C:\Users\burif\OneDrive\Desktop\YENI REDWORK SITESI\redworkch-fixed-ui-admin-hosting\redworkch-main\backend\venv\Lib\site-packages\starlette\_exception_handler.py", line 53, in wrapped_app
    await app(scope, receive, sender)
  File "C:\Users\burif\OneDrive\Desktop\YENI REDWORK SITESI\redworkch-fixed-ui-admin-hosting\redworkch-main\backend\venv\Lib\site-packages\starlette\routing.py", line 72, in app
    response = await func(request)
               ^^^^^^^^^^^^^^^^^^^
  File "C:\Users\burif\OneDrive\Desktop\YENI REDWORK SITESI\redworkch-fixed-ui-admin-hosting\redworkch-main\backend\venv\Lib\site-packages\fastapi\routing.py", line 278, in app
    raw_response = await run_endpoint_function(
                   ^^^^^^^^^^^^^^^^^^^^^^^^^^^^
        dependant=dependant, values=values, is_coroutine=is_coroutine
        ^^^^^^^^^^^^^^^^^^^^^^^^^^^^^^^^^^^^^^^^^^^^^^^^^^^^^^^^^^^^^
    )
    ^
  File "C:\Users\burif\OneDrive\Desktop\YENI REDWORK SITESI\redworkch-fixed-ui-admin-hosting\redworkch-main\backend\venv\Lib\site-packages\fastapi\routing.py", line 191, in run_endpoint_function
    return await dependant.call(**values)
           ^^^^^^^^^^^^^^^^^^^^^^^^^^^^^^
  File "C:\Users\burif\OneDrive\Desktop\YENI REDWORK SITESI\redworkch-fixed-ui-admin-hosting\redworkch-main\backend\server.py", line 2125, in list_orders
    "transactions": [clean(tx) for tx in transactions],
             ^^^^^^^
KeyError: 'id'
WARNING:  Unsupported upgrade request.
WARNING:  No supported WebSocket library detected. Please use "pip install 'uvicorn[standard]'", or install 'websockets' or 'wsproto' manually.
WARNING:  Unsupported upgrade request.
WARNING:  No supported WebSocket library detected. Please use "pip install 'uvicorn[standard]'", or install 'websockets' or 'wsproto' manually.
WARNING:  Unsupported upgrade request.
WARNING:  No supported WebSocket library detected. Please use "pip install 'uvicorn[standard]'", or install 'websockets' or 'wsproto' manually.
2026-07-09 04:09:34,340 - asyncio - ERROR - Exception in callback _ProactorBasePipeTransport._call_connection_lost()
handle: <Handle _ProactorBasePipeTransport._call_connection_lost()>
Traceback (most recent call last):
  File "C:\Python314\Lib\asyncio\events.py", line 94, in _run
    self._context.run(self._callback, *self._args)
    ~~~~~~~~~~~~~~~~~^^^^^^^^^^^^^^^^^^^^^^^^^^^^^
  File "C:\Python314\Lib\asyncio\proactor_events.py", line 165, in _call_connection_lost
    self._sock.shutdown(socket.SHUT_RDWR)
    ~~~~~~~~~~~~~~~~~~~^^^^^^^^^^^^^^^^^^
ConnectionResetError: [WinError 10054] Eine vorhandene Verbindung wurde vom Remotehost geschlossen
WARNING:  Unsupported upgrade request.
WARNING:  No supported WebSocket library detected. Please use "pip install 'uvicorn[standard]'", or install 'websockets' or 'wsproto' manually.
2026-07-09 04:09:34,372 - asyncio - ERROR - Exception in callback _ProactorBasePipeTransport._call_connection_lost()
handle: <Handle _ProactorBasePipeTransport._call_connection_lost()>
Traceback (most recent call last):
  File "C:\Python314\Lib\asyncio\events.py", line 94, in _run
    self._context.run(self._callback, *self._args)
    ~~~~~~~~~~~~~~~~~^^^^^^^^^^^^^^^^^^^^^^^^^^^^^
  File "C:\Python314\Lib\asyncio\proactor_events.py", line 165, in _call_connection_lost
    self._sock.shutdown(socket.SHUT_RDWR)
    ~~~~~~~~~~~~~~~~~~~^^^^^^^^^^^^^^^^^^
ConnectionResetError: [WinError 10054] Eine vorhandene Verbindung wurde vom Remotehost geschlossen
WARNING:  Unsupported upgrade request.
WARNING:  No supported WebSocket library detected. Please use "pip install 'uvicorn[standard]'", or install 'websockets' or 'wsproto' manually.
WARNING:  Unsupported upgrade request.
WARNING:  No supported WebSocket library detected. Please use "pip install 'uvicorn[standard]'", or install 'websockets' or 'wsproto' manually.
WARNING:  Unsupported upgrade request.
WARNING:  No supported WebSocket library detected. Please use "pip install 'uvicorn[standard]'", or install 'websockets' or 'wsproto' manually.
WARNING:  Unsupported upgrade request.
WARNING:  No supported WebSocket library detected. Please use "pip install 'uvicorn[standard]'", or install 'websockets' or 'wsproto' manually.
WARNING:  Unsupported upgrade request.
WARNING:  No supported WebSocket library detected. Please use "pip install 'uvicorn[standard]'", or install 'websockets' or 'wsproto' manually.
WARNING:  Unsupported upgrade request.
WARNING:  No supported WebSocket library detected. Please use "pip install 'uvicorn[standard]'", or install 'websockets' or 'wsproto' manually.
WARNING:  Unsupported upgrade request.
WARNING:  No supported WebSocket library detected. Please use "pip install 'uvicorn[standard]'", or install 'websockets' or 'wsproto' manually.
WARNING:  Unsupported upgrade request.
WARNING:  No supported WebSocket library detected. Please use "pip install 'uvicorn[standard]'", or install 'websockets' or 'wsproto' manually.
2026-07-09 04:09:42,248 - asyncio - ERROR - Exception in callback _ProactorBasePipeTransport._call_connection_lost()
handle: <Handle _ProactorBasePipeTransport._call_connection_lost()>
Traceback (most recent call last):
  File "C:\Python314\Lib\asyncio\events.py", line 94, in _run
    self._context.run(self._callback, *self._args)
    ~~~~~~~~~~~~~~~~~^^^^^^^^^^^^^^^^^^^^^^^^^^^^^
  File "C:\Python314\Lib\asyncio\proactor_events.py", line 165, in _call_connection_lost
    self._sock.shutdown(socket.SHUT_RDWR)
    ~~~~~~~~~~~~~~~~~~~^^^^^^^^^^^^^^^^^^
ConnectionResetError: [WinError 10054] Eine vorhandene Verbindung wurde vom Remotehost geschlossen
WARNING:  Unsupported upgrade request.
WARNING:  No supported WebSocket library detected. Please use "pip install 'uvicorn[standard]'", or install 'websockets' or 'wsproto' manually.
WARNING:  Unsupported upgrade request.
WARNING:  No supported WebSocket library detected. Please use "pip install 'uvicorn[standard]'", or install 'websockets' or 'wsproto' manually.
WARNING:  Unsupported upgrade request.
WARNING:  No supported WebSocket library detected. Please use "pip install 'uvicorn[standard]'", or install 'websockets' or 'wsproto' manually.
2026-07-09 04:09:43,190 - asyncio - ERROR - Exception in callback _ProactorBasePipeTransport._call_connection_lost()
handle: <Handle _ProactorBasePipeTransport._call_connection_lost()>
Traceback (most recent call last):
  File "C:\Python314\Lib\asyncio\events.py", line 94, in _run
    self._context.run(self._callback, *self._args)
    ~~~~~~~~~~~~~~~~~^^^^^^^^^^^^^^^^^^^^^^^^^^^^^
  File "C:\Python314\Lib\asyncio\proactor_events.py", line 165, in _call_connection_lost
    self._sock.shutdown(socket.SHUT_RDWR)
    ~~~~~~~~~~~~~~~~~~~^^^^^^^^^^^^^^^^^^
ConnectionResetError: [WinError 10054] Eine vorhandene Verbindung wurde vom Remotehost geschlossen
WARNING:  Unsupported upgrade request.
WARNING:  No supported WebSocket library detected. Please use "pip install 'uvicorn[standard]'", or install 'websockets' or 'wsproto' manually.
WARNING:  Unsupported upgrade request.
WARNING:  No supported WebSocket library detected. Please use "pip install 'uvicorn[standard]'", or install 'websockets' or 'wsproto' manually.
WARNING:  Unsupported upgrade request.
WARNING:  No supported WebSocket library detected. Please use "pip install 'uvicorn[standard]'", or install 'websockets' or 'wsproto' manually.
2026-07-09 04:09:46,287 - asyncio - ERROR - Exception in callback _ProactorBasePipeTransport._call_connection_lost()
handle: <Handle _ProactorBasePipeTransport._call_connection_lost()>
Traceback (most recent call last):
  File "C:\Python314\Lib\asyncio\events.py", line 94, in _run
    self._context.run(self._callback, *self._args)
    ~~~~~~~~~~~~~~~~~^^^^^^^^^^^^^^^^^^^^^^^^^^^^^
  File "C:\Python314\Lib\asyncio\proactor_events.py", line 165, in _call_connection_lost
    self._sock.shutdown(socket.SHUT_RDWR)
    ~~~~~~~~~~~~~~~~~~~^^^^^^^^^^^^^^^^^^
ConnectionResetError: [WinError 10054] Eine vorhandene Verbindung wurde vom Remotehost geschlossen
WARNING:  Unsupported upgrade request.
WARNING:  No supported WebSocket library detected. Please use "pip install 'uvicorn[standard]'", or install 'websockets' or 'wsproto' manually.
2026-07-09 04:09:47,236 - asyncio - ERROR - Exception in callback _ProactorBasePipeTransport._call_connection_lost()
handle: <Handle _ProactorBasePipeTransport._call_connection_lost()>
Traceback (most recent call last):
  File "C:\Python314\Lib\asyncio\events.py", line 94, in _run
    self._context.run(self._callback, *self._args)
    ~~~~~~~~~~~~~~~~~^^^^^^^^^^^^^^^^^^^^^^^^^^^^^
  File "C:\Python314\Lib\asyncio\proactor_events.py", line 165, in _call_connection_lost
    self._sock.shutdown(socket.SHUT_RDWR)
    ~~~~~~~~~~~~~~~~~~~^^^^^^^^^^^^^^^^^^
ConnectionResetError: [WinError 10054] Eine vorhandene Verbindung wurde vom Remotehost geschlossen
WARNING:  Unsupported upgrade request.
WARNING:  No supported WebSocket library detected. Please use "pip install 'uvicorn[standard]'", or install 'websockets' or 'wsproto' manually.
WARNING:  Unsupported upgrade request.
WARNING:  No supported WebSocket library detected. Please use "pip install 'uvicorn[standard]'", or install 'websockets' or 'wsproto' manually.
WARNING:  Unsupported upgrade request.
WARNING:  No supported WebSocket library detected. Please use "pip install 'uvicorn[standard]'", or install 'websockets' or 'wsproto' manually.
WARNING:  Unsupported upgrade request.
WARNING:  No supported WebSocket library detected. Please use "pip install 'uvicorn[standard]'", or install 'websockets' or 'wsproto' manually.
WARNING:  Unsupported upgrade request.
WARNING:  No supported WebSocket library detected. Please use "pip install 'uvicorn[standard]'", or install 'websockets' or 'wsproto' manually.
2026-07-09 04:09:51,377 - asyncio - ERROR - Exception in callback _ProactorBasePipeTransport._call_connection_lost()
handle: <Handle _ProactorBasePipeTransport._call_connection_lost()>
Traceback (most recent call last):
  File "C:\Python314\Lib\asyncio\events.py", line 94, in _run
    self._context.run(self._callback, *self._args)
    ~~~~~~~~~~~~~~~~~^^^^^^^^^^^^^^^^^^^^^^^^^^^^^
  File "C:\Python314\Lib\asyncio\proactor_events.py", line 165, in _call_connection_lost
    self._sock.shutdown(socket.SHUT_RDWR)
    ~~~~~~~~~~~~~~~~~~~^^^^^^^^^^^^^^^^^^
ConnectionResetError: [WinError 10054] Eine vorhandene Verbindung wurde vom Remotehost geschlossen
WARNING:  Unsupported upgrade request.
WARNING:  No supported WebSocket library detected. Please use "pip install 'uvicorn[standard]'", or install 'websockets' or 'wsproto' manually.
WARNING:  Unsupported upgrade request.
WARNING:  No supported WebSocket library detected. Please use "pip install 'uvicorn[standard]'", or install 'websockets' or 'wsproto' manually.
2026-07-09 04:09:52,246 - asyncio - ERROR - Exception in callback _ProactorBasePipeTransport._call_connection_lost()
handle: <Handle _ProactorBasePipeTransport._call_connection_lost()>
Traceback (most recent call last):
  File "C:\Python314\Lib\asyncio\events.py", line 94, in _run
    self._context.run(self._callback, *self._args)
    ~~~~~~~~~~~~~~~~~^^^^^^^^^^^^^^^^^^^^^^^^^^^^^
  File "C:\Python314\Lib\asyncio\proactor_events.py", line 165, in _call_connection_lost
    self._sock.shutdown(socket.SHUT_RDWR)
    ~~~~~~~~~~~~~~~~~~~^^^^^^^^^^^^^^^^^^
ConnectionResetError: [WinError 10054] Eine vorhandene Verbindung wurde vom Remotehost geschlossen
WARNING:  Unsupported upgrade request.
WARNING:  No supported WebSocket library detected. Please use "pip install 'uvicorn[standard]'", or install 'websockets' or 'wsproto' manually.
WARNING:  Unsupported upgrade request.
WARNING:  No supported WebSocket library detected. Please use "pip install 'uvicorn[standard]'", or install 'websockets' or 'wsproto' manually.
WARNING:  Unsupported upgrade request.
WARNING:  No supported WebSocket library detected. Please use "pip install 'uvicorn[standard]'", or install 'websockets' or 'wsproto' manually.
2026-07-09 04:09:55,732 - asyncio - ERROR - Exception in callback _ProactorBasePipeTransport._call_connection_lost()
handle: <Handle _ProactorBasePipeTransport._call_connection_lost()>
Traceback (most recent call last):
  File "C:\Python314\Lib\asyncio\events.py", line 94, in _run
    self._context.run(self._callback, *self._args)
    ~~~~~~~~~~~~~~~~~^^^^^^^^^^^^^^^^^^^^^^^^^^^^^
  File "C:\Python314\Lib\asyncio\proactor_events.py", line 165, in _call_connection_lost
    self._sock.shutdown(socket.SHUT_RDWR)
    ~~~~~~~~~~~~~~~~~~~^^^^^^^^^^^^^^^^^^
ConnectionResetError: [WinError 10054] Eine vorhandene Verbindung wurde vom Remotehost geschlossen
WARNING:  Unsupported upgrade request.
WARNING:  No supported WebSocket library detected. Please use "pip install 'uvicorn[standard]'", or install 'websockets' or 'wsproto' manually.
2026-07-09 04:09:56,536 - asyncio - ERROR - Exception in callback _ProactorBasePipeTransport._call_connection_lost()
handle: <Handle _ProactorBasePipeTransport._call_connection_lost()>
Traceback (most recent call last):
  File "C:\Python314\Lib\asyncio\events.py", line 94, in _run
    self._context.run(self._callback, *self._args)
    ~~~~~~~~~~~~~~~~~^^^^^^^^^^^^^^^^^^^^^^^^^^^^^
  File "C:\Python314\Lib\asyncio\proactor_events.py", line 165, in _call_connection_lost
    self._sock.shutdown(socket.SHUT_RDWR)
    ~~~~~~~~~~~~~~~~~~~^^^^^^^^^^^^^^^^^^
ConnectionResetError: [WinError 10054] Eine vorhandene Verbindung wurde vom Remotehost geschlossen
WARNING:  Unsupported upgrade request.
WARNING:  No supported WebSocket library detected. Please use "pip install 'uvicorn[standard]'", or install 'websockets' or 'wsproto' manually.
WARNING:  Unsupported upgrade request.
WARNING:  No supported WebSocket library detected. Please use "pip install 'uvicorn[standard]'", or install 'websockets' or 'wsproto' manually.
WARNING:  Unsupported upgrade request.
WARNING:  No supported WebSocket library detected. Please use "pip install 'uvicorn[standard]'", or install 'websockets' or 'wsproto' manually.
WARNING:  Unsupported upgrade request.
WARNING:  No supported WebSocket library detected. Please use "pip install 'uvicorn[standard]'", or install 'websockets' or 'wsproto' manually.
2026-07-09 04:10:00,823 - asyncio - ERROR - Exception in callback _ProactorBasePipeTransport._call_connection_lost()
handle: <Handle _ProactorBasePipeTransport._call_connection_lost()>
Traceback (most recent call last):
  File "C:\Python314\Lib\asyncio\events.py", line 94, in _run
    self._context.run(self._callback, *self._args)
    ~~~~~~~~~~~~~~~~~^^^^^^^^^^^^^^^^^^^^^^^^^^^^^
  File "C:\Python314\Lib\asyncio\proactor_events.py", line 165, in _call_connection_lost
    self._sock.shutdown(socket.SHUT_RDWR)
    ~~~~~~~~~~~~~~~~~~~^^^^^^^^^^^^^^^^^^
ConnectionResetError: [WinError 10054] Eine vorhandene Verbindung wurde vom Remotehost geschlossen
WARNING:  Unsupported upgrade request.
WARNING:  No supported WebSocket library detected. Please use "pip install 'uvicorn[standard]'", or install 'websockets' or 'wsproto' manually.
WARNING:  Unsupported upgrade request.
WARNING:  No supported WebSocket library detected. Please use "pip install 'uvicorn[standard]'", or install 'websockets' or 'wsproto' manually.
WARNING:  Unsupported upgrade request.
WARNING:  No supported WebSocket library detected. Please use "pip install 'uvicorn[standard]'", or install 'websockets' or 'wsproto' manually.
2026-07-09 04:10:02,403 - asyncio - ERROR - Exception in callback _ProactorBasePipeTransport._call_connection_lost()
handle: <Handle _ProactorBasePipeTransport._call_connection_lost()>
Traceback (most recent call last):
  File "C:\Python314\Lib\asyncio\events.py", line 94, in _run
    self._context.run(self._callback, *self._args)
    ~~~~~~~~~~~~~~~~~^^^^^^^^^^^^^^^^^^^^^^^^^^^^^
  File "C:\Python314\Lib\asyncio\proactor_events.py", line 165, in _call_connection_lost
    self._sock.shutdown(socket.SHUT_RDWR)
    ~~~~~~~~~~~~~~~~~~~^^^^^^^^^^^^^^^^^^
ConnectionResetError: [WinError 10054] Eine vorhandene Verbindung wurde vom Remotehost geschlossen
WARNING:  Unsupported upgrade request.
WARNING:  No supported WebSocket library detected. Please use "pip install 'uvicorn[standard]'", or install 'websockets' or 'wsproto' manually.
WARNING:  Unsupported upgrade request.
WARNING:  No supported WebSocket library detected. Please use "pip install 'uvicorn[standard]'", or install 'websockets' or 'wsproto' manually.
2026-07-09 04:10:04,941 - asyncio - ERROR - Exception in callback _ProactorBasePipeTransport._call_connection_lost()
handle: <Handle _ProactorBasePipeTransport._call_connection_lost()>
Traceback (most recent call last):
  File "C:\Python314\Lib\asyncio\events.py", line 94, in _run
    self._context.run(self._callback, *self._args)
    ~~~~~~~~~~~~~~~~~^^^^^^^^^^^^^^^^^^^^^^^^^^^^^
  File "C:\Python314\Lib\asyncio\proactor_events.py", line 165, in _call_connection_lost
    self._sock.shutdown(socket.SHUT_RDWR)
    ~~~~~~~~~~~~~~~~~~~^^^^^^^^^^^^^^^^^^
ConnectionResetError: [WinError 10054] Eine vorhandene Verbindung wurde vom Remotehost geschlossen
WARNING:  Unsupported upgrade request.
WARNING:  No supported WebSocket library detected. Please use "pip install 'uvicorn[standard]'", or install 'websockets' or 'wsproto' manually.
WARNING:  Unsupported upgrade request.
WARNING:  No supported WebSocket library detected. Please use "pip install 'uvicorn[standard]'", or install 'websockets' or 'wsproto' manually.
WARNING:  Unsupported upgrade request.
WARNING:  No supported WebSocket library detected. Please use "pip install 'uvicorn[standard]'", or install 'websockets' or 'wsproto' manually.
WARNING:  Unsupported upgrade request.
WARNING:  No supported WebSocket library detected. Please use "pip install 'uvicorn[standard]'", or install 'websockets' or 'wsproto' manually.
WARNING:  Unsupported upgrade request.
WARNING:  No supported WebSocket library detected. Please use "pip install 'uvicorn[standard]'", or install 'websockets' or 'wsproto' manually.
WARNING:  Unsupported upgrade request.
WARNING:  No supported WebSocket library detected. Please use "pip install 'uvicorn[standard]'", or install 'websockets' or 'wsproto' manually.
WARNING:  Unsupported upgrade request.
WARNING:  No supported WebSocket library detected. Please use "pip install 'uvicorn[standard]'", or install 'websockets' or 'wsproto' manually.
2026-07-09 04:10:10,497 - asyncio - ERROR - Exception in callback _ProactorBasePipeTransport._call_connection_lost()
handle: <Handle _ProactorBasePipeTransport._call_connection_lost()>
Traceback (most recent call last):
  File "C:\Python314\Lib\asyncio\events.py", line 94, in _run
    self._context.run(self._callback, *self._args)
    ~~~~~~~~~~~~~~~~~^^^^^^^^^^^^^^^^^^^^^^^^^^^^^
  File "C:\Python314\Lib\asyncio\proactor_events.py", line 165, in _call_connection_lost
    self._sock.shutdown(socket.SHUT_RDWR)
    ~~~~~~~~~~~~~~~~~~~^^^^^^^^^^^^^^^^^^
ConnectionResetError: [WinError 10054] Eine vorhandene Verbindung wurde vom Remotehost geschlossen
WARNING:  Unsupported upgrade request.
WARNING:  No supported WebSocket library detected. Please use "pip install 'uvicorn[standard]'", or install 'websockets' or 'wsproto' manually.
2026-07-09 04:10:11,335 - asyncio - ERROR - Exception in callback _ProactorBasePipeTransport._call_connection_lost()
handle: <Handle _ProactorBasePipeTransport._call_connection_lost()>
Traceback (most recent call last):
  File "C:\Python314\Lib\asyncio\events.py", line 94, in _run
    self._context.run(self._callback, *self._args)
    ~~~~~~~~~~~~~~~~~^^^^^^^^^^^^^^^^^^^^^^^^^^^^^
  File "C:\Python314\Lib\asyncio\proactor_events.py", line 165, in _call_connection_lost
    self._sock.shutdown(socket.SHUT_RDWR)
    ~~~~~~~~~~~~~~~~~~~^^^^^^^^^^^^^^^^^^
ConnectionResetError: [WinError 10054] Eine vorhandene Verbindung wurde vom Remotehost geschlossen
WARNING:  Unsupported upgrade request.
WARNING:  No supported WebSocket library detected. Please use "pip install 'uvicorn[standard]'", or install 'websockets' or 'wsproto' manually.
WARNING:  Unsupported upgrade request.
WARNING:  No supported WebSocket library detected. Please use "pip install 'uvicorn[standard]'", or install 'websockets' or 'wsproto' manually.
WARNING:  Unsupported upgrade request.
WARNING:  No supported WebSocket library detected. Please use "pip install 'uvicorn[standard]'", or install 'websockets' or 'wsproto' manually.
WARNING:  Unsupported upgrade request.
WARNING:  No supported WebSocket library detected. Please use "pip install 'uvicorn[standard]'", or install 'websockets' or 'wsproto' manually.
WARNING:  Unsupported upgrade request.
WARNING:  No supported WebSocket library detected. Please use "pip install 'uvicorn[standard]'", or install 'websockets' or 'wsproto' manually.
WARNING:  Unsupported upgrade request.
WARNING:  No supported WebSocket library detected. Please use "pip install 'uvicorn[standard]'", or install 'websockets' or 'wsproto' manually.
WARNING:  Unsupported upgrade request.
WARNING:  No supported WebSocket library detected. Please use "pip install 'uvicorn[standard]'", or install 'websockets' or 'wsproto' manually.
WARNING:  Unsupported upgrade request.
WARNING:  No supported WebSocket library detected. Please use "pip install 'uvicorn[standard]'", or install 'websockets' or 'wsproto' manually.
2026-07-09 04:10:18,526 - asyncio - ERROR - Exception in callback _ProactorBasePipeTransport._call_connection_lost()
handle: <Handle _ProactorBasePipeTransport._call_connection_lost()>
Traceback (most recent call last):
  File "C:\Python314\Lib\asyncio\events.py", line 94, in _run
    self._context.run(self._callback, *self._args)
    ~~~~~~~~~~~~~~~~~^^^^^^^^^^^^^^^^^^^^^^^^^^^^^
  File "C:\Python314\Lib\asyncio\proactor_events.py", line 165, in _call_connection_lost
    self._sock.shutdown(socket.SHUT_RDWR)
    ~~~~~~~~~~~~~~~~~~~^^^^^^^^^^^^^^^^^^
ConnectionResetError: [WinError 10054] Eine vorhandene Verbindung wurde vom Remotehost geschlossen
WARNING:  Unsupported upgrade request.
WARNING:  No supported WebSocket library detected. Please use "pip install 'uvicorn[standard]'", or install 'websockets' or 'wsproto' manually.
WARNING:  Unsupported upgrade request.
WARNING:  No supported WebSocket library detected. Please use "pip install 'uvicorn[standard]'", or install 'websockets' or 'wsproto' manually.
WARNING:  Unsupported upgrade request.
WARNING:  No supported WebSocket library detected. Please use "pip install 'uvicorn[standard]'", or install 'websockets' or 'wsproto' manually.
WARNING:  Unsupported upgrade request.
WARNING:  No supported WebSocket library detected. Please use "pip install 'uvicorn[standard]'", or install 'websockets' or 'wsproto' manually.
WARNING:  Unsupported upgrade request.
WARNING:  No supported WebSocket library detected. Please use "pip install 'uvicorn[standard]'", or install 'websockets' or 'wsproto' manually.
WARNING:  Unsupported upgrade request.
WARNING:  No supported WebSocket library detected. Please use "pip install 'uvicorn[standard]'", or install 'websockets' or 'wsproto' manually.
2026-07-09 04:10:23,217 - asyncio - ERROR - Exception in callback _ProactorBasePipeTransport._call_connection_lost()
handle: <Handle _ProactorBasePipeTransport._call_connection_lost()>
Traceback (most recent call last):
  File "C:\Python314\Lib\asyncio\events.py", line 94, in _run
    self._context.run(self._callback, *self._args)
    ~~~~~~~~~~~~~~~~~^^^^^^^^^^^^^^^^^^^^^^^^^^^^^
  File "C:\Python314\Lib\asyncio\proactor_events.py", line 165, in _call_connection_lost
    self._sock.shutdown(socket.SHUT_RDWR)
    ~~~~~~~~~~~~~~~~~~~^^^^^^^^^^^^^^^^^^
ConnectionResetError: [WinError 10054] Eine vorhandene Verbindung wurde vom Remotehost geschlossen
WARNING:  Unsupported upgrade request.
WARNING:  No supported WebSocket library detected. Please use "pip install 'uvicorn[standard]'", or install 'websockets' or 'wsproto' manually.
2026-07-09 04:10:24,467 - asyncio - ERROR - Exception in callback _ProactorBasePipeTransport._call_connection_lost()
handle: <Handle _ProactorBasePipeTransport._call_connection_lost()>
Traceback (most recent call last):
  File "C:\Python314\Lib\asyncio\events.py", line 94, in _run
    self._context.run(self._callback, *self._args)
    ~~~~~~~~~~~~~~~~~^^^^^^^^^^^^^^^^^^^^^^^^^^^^^
  File "C:\Python314\Lib\asyncio\proactor_events.py", line 165, in _call_connection_lost
    self._sock.shutdown(socket.SHUT_RDWR)
    ~~~~~~~~~~~~~~~~~~~^^^^^^^^^^^^^^^^^^
ConnectionResetError: [WinError 10054] Eine vorhandene Verbindung wurde vom Remotehost geschlossen
WARNING:  Unsupported upgrade request.
WARNING:  No supported WebSocket library detected. Please use "pip install 'uvicorn[standard]'", or install 'websockets' or 'wsproto' manually.
2026-07-09 04:10:24,480 - asyncio - ERROR - Exception in callback _ProactorBasePipeTransport._call_connection_lost()
handle: <Handle _ProactorBasePipeTransport._call_connection_lost()>
Traceback (most recent call last):
  File "C:\Python314\Lib\asyncio\events.py", line 94, in _run
    self._context.run(self._callback, *self._args)
    ~~~~~~~~~~~~~~~~~^^^^^^^^^^^^^^^^^^^^^^^^^^^^^
  File "C:\Python314\Lib\asyncio\proactor_events.py", line 165, in _call_connection_lost
    self._sock.shutdown(socket.SHUT_RDWR)
    ~~~~~~~~~~~~~~~~~~~^^^^^^^^^^^^^^^^^^
ConnectionResetError: [WinError 10054] Eine vorhandene Verbindung wurde vom Remotehost geschlossen
WARNING:  Unsupported upgrade request.
WARNING:  No supported WebSocket library detected. Please use "pip install 'uvicorn[standard]'", or install 'websockets' or 'wsproto' manually.
2026-07-09 04:10:26,796 - asyncio - ERROR - Exception in callback _ProactorBasePipeTransport._call_connection_lost()
handle: <Handle _ProactorBasePipeTransport._call_connection_lost()>
Traceback (most recent call last):
  File "C:\Python314\Lib\asyncio\events.py", line 94, in _run
    self._context.run(self._callback, *self._args)
    ~~~~~~~~~~~~~~~~~^^^^^^^^^^^^^^^^^^^^^^^^^^^^^
  File "C:\Python314\Lib\asyncio\proactor_events.py", line 165, in _call_connection_lost
    self._sock.shutdown(socket.SHUT_RDWR)
    ~~~~~~~~~~~~~~~~~~~^^^^^^^^^^^^^^^^^^
ConnectionResetError: [WinError 10054] Eine vorhandene Verbindung wurde vom Remotehost geschlossen
WARNING:  Unsupported upgrade request.
WARNING:  No supported WebSocket library detected. Please use "pip install 'uvicorn[standard]'", or install 'websockets' or 'wsproto' manually.
2026-07-09 04:10:27,276 - asyncio - ERROR - Exception in callback _ProactorBasePipeTransport._call_connection_lost()
handle: <Handle _ProactorBasePipeTransport._call_connection_lost()>
Traceback (most recent call last):
  File "C:\Python314\Lib\asyncio\events.py", line 94, in _run
    self._context.run(self._callback, *self._args)
    ~~~~~~~~~~~~~~~~~^^^^^^^^^^^^^^^^^^^^^^^^^^^^^
  File "C:\Python314\Lib\asyncio\proactor_events.py", line 165, in _call_connection_lost
    self._sock.shutdown(socket.SHUT_RDWR)
    ~~~~~~~~~~~~~~~~~~~^^^^^^^^^^^^^^^^^^
ConnectionResetError: [WinError 10054] Eine vorhandene Verbindung wurde vom Remotehost geschlossen
WARNING:  Unsupported upgrade request.
WARNING:  No supported WebSocket library detected. Please use "pip install 'uvicorn[standard]'", or install 'websockets' or 'wsproto' manually.
WARNING:  Unsupported upgrade request.
WARNING:  No supported WebSocket library detected. Please use "pip install 'uvicorn[standard]'", or install 'websockets' or 'wsproto' manually.
WARNING:  Unsupported upgrade request.
WARNING:  No supported WebSocket library detected. Please use "pip install 'uvicorn[standard]'", or install 'websockets' or 'wsproto' manually.
WARNING:  Unsupported upgrade request.
WARNING:  No supported WebSocket library detected. Please use "pip install 'uvicorn[standard]'", or install 'websockets' or 'wsproto' manually.
2026-07-09 04:10:31,033 - asyncio - ERROR - Exception in callback _ProactorBasePipeTransport._call_connection_lost()
handle: <Handle _ProactorBasePipeTransport._call_connection_lost()>
Traceback (most recent call last):
  File "C:\Python314\Lib\asyncio\events.py", line 94, in _run
    self._context.run(self._callback, *self._args)
    ~~~~~~~~~~~~~~~~~^^^^^^^^^^^^^^^^^^^^^^^^^^^^^
  File "C:\Python314\Lib\asyncio\proactor_events.py", line 165, in _call_connection_lost
    self._sock.shutdown(socket.SHUT_RDWR)
    ~~~~~~~~~~~~~~~~~~~^^^^^^^^^^^^^^^^^^
ConnectionResetError: [WinError 10054] Eine vorhandene Verbindung wurde vom Remotehost geschlossen
WARNING:  Unsupported upgrade request.
WARNING:  No supported WebSocket library detected. Please use "pip install 'uvicorn[standard]'", or install 'websockets' or 'wsproto' manually.
2026-07-09 04:10:31,923 - asyncio - ERROR - Exception in callback _ProactorBasePipeTransport._call_connection_lost()
handle: <Handle _ProactorBasePipeTransport._call_connection_lost()>
Traceback (most recent call last):
  File "C:\Python314\Lib\asyncio\events.py", line 94, in _run
    self._context.run(self._callback, *self._args)
    ~~~~~~~~~~~~~~~~~^^^^^^^^^^^^^^^^^^^^^^^^^^^^^
  File "C:\Python314\Lib\asyncio\proactor_events.py", line 165, in _call_connection_lost
    self._sock.shutdown(socket.SHUT_RDWR)
    ~~~~~~~~~~~~~~~~~~~^^^^^^^^^^^^^^^^^^
ConnectionResetError: [WinError 10054] Eine vorhandene Verbindung wurde vom Remotehost geschlossen
WARNING:  Unsupported upgrade request.
WARNING:  No supported WebSocket library detected. Please use "pip install 'uvicorn[standard]'", or install 'websockets' or 'wsproto' manually.
WARNING:  Unsupported upgrade request.
WARNING:  No supported WebSocket library detected. Please use "pip install 'uvicorn[standard]'", or install 'websockets' or 'wsproto' manually.
WARNING:  Unsupported upgrade request.
WARNING:  No supported WebSocket library detected. Please use "pip install 'uvicorn[standard]'", or install 'websockets' or 'wsproto' manually.
WARNING:  Unsupported upgrade request.
WARNING:  No supported WebSocket library detected. Please use "pip install 'uvicorn[standard]'", or install 'websockets' or 'wsproto' manually.
WARNING:  Unsupported upgrade request.
WARNING:  No supported WebSocket library detected. Please use "pip install 'uvicorn[standard]'", or install 'websockets' or 'wsproto' manually.
WARNING:  Unsupported upgrade request.
WARNING:  No supported WebSocket library detected. Please use "pip install 'uvicorn[standard]'", or install 'websockets' or 'wsproto' manually.
2026-07-09 04:10:37,377 - asyncio - ERROR - Exception in callback _ProactorBasePipeTransport._call_connection_lost()
handle: <Handle _ProactorBasePipeTransport._call_connection_lost()>
Traceback (most recent call last):
  File "C:\Python314\Lib\asyncio\events.py", line 94, in _run
    self._context.run(self._callback, *self._args)
    ~~~~~~~~~~~~~~~~~^^^^^^^^^^^^^^^^^^^^^^^^^^^^^
  File "C:\Python314\Lib\asyncio\proactor_events.py", line 165, in _call_connection_lost
    self._sock.shutdown(socket.SHUT_RDWR)
    ~~~~~~~~~~~~~~~~~~~^^^^^^^^^^^^^^^^^^
ConnectionResetError: [WinError 10054] Eine vorhandene Verbindung wurde vom Remotehost geschlossen
WARNING:  Unsupported upgrade request.
WARNING:  No supported WebSocket library detected. Please use "pip install 'uvicorn[standard]'", or install 'websockets' or 'wsproto' manually.
2026-07-09 04:10:37,627 - asyncio - ERROR - Exception in callback _ProactorBasePipeTransport._call_connection_lost()
handle: <Handle _ProactorBasePipeTransport._call_connection_lost()>
Traceback (most recent call last):
  File "C:\Python314\Lib\asyncio\events.py", line 94, in _run
    self._context.run(self._callback, *self._args)
    ~~~~~~~~~~~~~~~~~^^^^^^^^^^^^^^^^^^^^^^^^^^^^^
  File "C:\Python314\Lib\asyncio\proactor_events.py", line 165, in _call_connection_lost
    self._sock.shutdown(socket.SHUT_RDWR)
    ~~~~~~~~~~~~~~~~~~~^^^^^^^^^^^^^^^^^^
ConnectionResetError: [WinError 10054] Eine vorhandene Verbindung wurde vom Remotehost geschlossen
WARNING:  Unsupported upgrade request.
WARNING:  No supported WebSocket library detected. Please use "pip install 'uvicorn[standard]'", or install 'websockets' or 'wsproto' manually.
2026-07-09 04:10:38,473 - asyncio - ERROR - Exception in callback _ProactorBasePipeTransport._call_connection_lost()
handle: <Handle _ProactorBasePipeTransport._call_connection_lost()>
Traceback (most recent call last):
  File "C:\Python314\Lib\asyncio\events.py", line 94, in _run
    self._context.run(self._callback, *self._args)
    ~~~~~~~~~~~~~~~~~^^^^^^^^^^^^^^^^^^^^^^^^^^^^^
  File "C:\Python314\Lib\asyncio\proactor_events.py", line 165, in _call_connection_lost
    self._sock.shutdown(socket.SHUT_RDWR)
    ~~~~~~~~~~~~~~~~~~~^^^^^^^^^^^^^^^^^^
ConnectionResetError: [WinError 10054] Eine vorhandene Verbindung wurde vom Remotehost geschlossen
WARNING:  Unsupported upgrade request.
WARNING:  No supported WebSocket library detected. Please use "pip install 'uvicorn[standard]'", or install 'websockets' or 'wsproto' manually.
WARNING:  Unsupported upgrade request.
WARNING:  No supported WebSocket library detected. Please use "pip install 'uvicorn[standard]'", or install 'websockets' or 'wsproto' manually.
WARNING:  Unsupported upgrade request.
WARNING:  No supported WebSocket library detected. Please use "pip install 'uvicorn[standard]'", or install 'websockets' or 'wsproto' manually.
WARNING:  Unsupported upgrade request.
WARNING:  No supported WebSocket library detected. Please use "pip install 'uvicorn[standard]'", or install 'websockets' or 'wsproto' manually.
WARNING:  Unsupported upgrade request.
WARNING:  No supported WebSocket library detected. Please use "pip install 'uvicorn[standard]'", or install 'websockets' or 'wsproto' manually.
2026-07-09 04:10:42,748 - asyncio - ERROR - Exception in callback _ProactorBasePipeTransport._call_connection_lost()
handle: <Handle _ProactorBasePipeTransport._call_connection_lost()>
Traceback (most recent call last):
  File "C:\Python314\Lib\asyncio\events.py", line 94, in _run
    self._context.run(self._callback, *self._args)
    ~~~~~~~~~~~~~~~~~^^^^^^^^^^^^^^^^^^^^^^^^^^^^^
  File "C:\Python314\Lib\asyncio\proactor_events.py", line 165, in _call_connection_lost
    self._sock.shutdown(socket.SHUT_RDWR)
    ~~~~~~~~~~~~~~~~~~~^^^^^^^^^^^^^^^^^^
ConnectionResetError: [WinError 10054] Eine vorhandene Verbindung wurde vom Remotehost geschlossen
WARNING:  Unsupported upgrade request.
WARNING:  No supported WebSocket library detected. Please use "pip install 'uvicorn[standard]'", or install 'websockets' or 'wsproto' manually.
WARNING:  Unsupported upgrade request.
WARNING:  No supported WebSocket library detected. Please use "pip install 'uvicorn[standard]'", or install 'websockets' or 'wsproto' manually.
WARNING:  Unsupported upgrade request.
WARNING:  No supported WebSocket library detected. Please use "pip install 'uvicorn[standard]'", or install 'websockets' or 'wsproto' manually.
2026-07-09 04:10:46,435 - asyncio - ERROR - Exception in callback _ProactorBasePipeTransport._call_connection_lost()
handle: <Handle _ProactorBasePipeTransport._call_connection_lost()>
Traceback (most recent call last):
  File "C:\Python314\Lib\asyncio\events.py", line 94, in _run
    self._context.run(self._callback, *self._args)
    ~~~~~~~~~~~~~~~~~^^^^^^^^^^^^^^^^^^^^^^^^^^^^^
  File "C:\Python314\Lib\asyncio\proactor_events.py", line 165, in _call_connection_lost
    self._sock.shutdown(socket.SHUT_RDWR)
    ~~~~~~~~~~~~~~~~~~~^^^^^^^^^^^^^^^^^^
ConnectionResetError: [WinError 10054] Eine vorhandene Verbindung wurde vom Remotehost geschlossen
WARNING:  Unsupported upgrade request.
WARNING:  No supported WebSocket library detected. Please use "pip install 'uvicorn[standard]'", or install 'websockets' or 'wsproto' manually.
WARNING:  Unsupported upgrade request.
WARNING:  No supported WebSocket library detected. Please use "pip install 'uvicorn[standard]'", or install 'websockets' or 'wsproto' manually.
WARNING:  Unsupported upgrade request.
WARNING:  No supported WebSocket library detected. Please use "pip install 'uvicorn[standard]'", or install 'websockets' or 'wsproto' manually.
WARNING:  Unsupported upgrade request.
WARNING:  No supported WebSocket library detected. Please use "pip install 'uvicorn[standard]'", or install 'websockets' or 'wsproto' manually.
2026-07-09 04:10:47,815 - asyncio - ERROR - Exception in callback _ProactorBasePipeTransport._call_connection_lost()
handle: <Handle _ProactorBasePipeTransport._call_connection_lost()>
Traceback (most recent call last):
  File "C:\Python314\Lib\asyncio\events.py", line 94, in _run
    self._context.run(self._callback, *self._args)
    ~~~~~~~~~~~~~~~~~^^^^^^^^^^^^^^^^^^^^^^^^^^^^^
  File "C:\Python314\Lib\asyncio\proactor_events.py", line 165, in _call_connection_lost
    self._sock.shutdown(socket.SHUT_RDWR)
    ~~~~~~~~~~~~~~~~~~~^^^^^^^^^^^^^^^^^^
ConnectionResetError: [WinError 10054] Eine vorhandene Verbindung wurde vom Remotehost geschlossen
WARNING:  Unsupported upgrade request.
WARNING:  No supported WebSocket library detected. Please use "pip install 'uvicorn[standard]'", or install 'websockets' or 'wsproto' manually.
WARNING:  Unsupported upgrade request.
WARNING:  No supported WebSocket library detected. Please use "pip install 'uvicorn[standard]'", or install 'websockets' or 'wsproto' manually.
WARNING:  Unsupported upgrade request.
WARNING:  No supported WebSocket library detected. Please use "pip install 'uvicorn[standard]'", or install 'websockets' or 'wsproto' manually.
WARNING:  Unsupported upgrade request.
WARNING:  No supported WebSocket library detected. Please use "pip install 'uvicorn[standard]'", or install 'websockets' or 'wsproto' manually.
WARNING:  Unsupported upgrade request.
WARNING:  No supported WebSocket library detected. Please use "pip install 'uvicorn[standard]'", or install 'websockets' or 'wsproto' manually.
WARNING:  Unsupported upgrade request.
WARNING:  No supported WebSocket library detected. Please use "pip install 'uvicorn[standard]'", or install 'websockets' or 'wsproto' manually.
WARNING:  Unsupported upgrade request.
WARNING:  No supported WebSocket library detected. Please use "pip install 'uvicorn[standard]'", or install 'websockets' or 'wsproto' manually.
2026-07-09 04:10:54,364 - asyncio - ERROR - Exception in callback _ProactorBasePipeTransport._call_connection_lost()
handle: <Handle _ProactorBasePipeTransport._call_connection_lost()>
Traceback (most recent call last):
  File "C:\Python314\Lib\asyncio\events.py", line 94, in _run
    self._context.run(self._callback, *self._args)
    ~~~~~~~~~~~~~~~~~^^^^^^^^^^^^^^^^^^^^^^^^^^^^^
  File "C:\Python314\Lib\asyncio\proactor_events.py", line 165, in _call_connection_lost
    self._sock.shutdown(socket.SHUT_RDWR)
    ~~~~~~~~~~~~~~~~~~~^^^^^^^^^^^^^^^^^^
ConnectionResetError: [WinError 10054] Eine vorhandene Verbindung wurde vom Remotehost geschlossen
WARNING:  Unsupported upgrade request.
WARNING:  No supported WebSocket library detected. Please use "pip install 'uvicorn[standard]'", or install 'websockets' or 'wsproto' manually.
WARNING:  Unsupported upgrade request.
WARNING:  No supported WebSocket library detected. Please use "pip install 'uvicorn[standard]'", or install 'websockets' or 'wsproto' manually.
WARNING:  Unsupported upgrade request.
WARNING:  No supported WebSocket library detected. Please use "pip install 'uvicorn[standard]'", or install 'websockets' or 'wsproto' manually.
WARNING:  Unsupported upgrade request.
WARNING:  No supported WebSocket library detected. Please use "pip install 'uvicorn[standard]'", or install 'websockets' or 'wsproto' manually.
2026-07-09 04:10:59,300 - asyncio - ERROR - Exception in callback _ProactorBasePipeTransport._call_connection_lost()
handle: <Handle _ProactorBasePipeTransport._call_connection_lost()>
Traceback (most recent call last):
  File "C:\Python314\Lib\asyncio\events.py", line 94, in _run
    self._context.run(self._callback, *self._args)
    ~~~~~~~~~~~~~~~~~^^^^^^^^^^^^^^^^^^^^^^^^^^^^^
  File "C:\Python314\Lib\asyncio\proactor_events.py", line 165, in _call_connection_lost
    self._sock.shutdown(socket.SHUT_RDWR)
    ~~~~~~~~~~~~~~~~~~~^^^^^^^^^^^^^^^^^^
ConnectionResetError: [WinError 10054] Eine vorhandene Verbindung wurde vom Remotehost geschlossen
WARNING:  Unsupported upgrade request.
WARNING:  No supported WebSocket library detected. Please use "pip install 'uvicorn[standard]'", or install 'websockets' or 'wsproto' manually.
2026-07-09 04:10:59,710 - asyncio - ERROR - Exception in callback _ProactorBasePipeTransport._call_connection_lost()
handle: <Handle _ProactorBasePipeTransport._call_connection_lost()>
Traceback (most recent call last):
  File "C:\Python314\Lib\asyncio\events.py", line 94, in _run
    self._context.run(self._callback, *self._args)
    ~~~~~~~~~~~~~~~~~^^^^^^^^^^^^^^^^^^^^^^^^^^^^^
  File "C:\Python314\Lib\asyncio\proactor_events.py", line 165, in _call_connection_lost
    self._sock.shutdown(socket.SHUT_RDWR)
    ~~~~~~~~~~~~~~~~~~~^^^^^^^^^^^^^^^^^^
ConnectionResetError: [WinError 10054] Eine vorhandene Verbindung wurde vom Remotehost geschlossen
WARNING:  Unsupported upgrade request.
WARNING:  No supported WebSocket library detected. Please use "pip install 'uvicorn[standard]'", or install 'websockets' or 'wsproto' manually.
WARNING:  Unsupported upgrade request.
WARNING:  No supported WebSocket library detected. Please use "pip install 'uvicorn[standard]'", or install 'websockets' or 'wsproto' manually.
WARNING:  Unsupported upgrade request.
WARNING:  No supported WebSocket library detected. Please use "pip install 'uvicorn[standard]'", or install 'websockets' or 'wsproto' manually.
2026-07-09 04:11:02,705 - asyncio - ERROR - Exception in callback _ProactorBasePipeTransport._call_connection_lost()
handle: <Handle _ProactorBasePipeTransport._call_connection_lost()>
Traceback (most recent call last):
  File "C:\Python314\Lib\asyncio\events.py", line 94, in _run
    self._context.run(self._callback, *self._args)
    ~~~~~~~~~~~~~~~~~^^^^^^^^^^^^^^^^^^^^^^^^^^^^^
  File "C:\Python314\Lib\asyncio\proactor_events.py", line 165, in _call_connection_lost
    self._sock.shutdown(socket.SHUT_RDWR)
    ~~~~~~~~~~~~~~~~~~~^^^^^^^^^^^^^^^^^^
ConnectionResetError: [WinError 10054] Eine vorhandene Verbindung wurde vom Remotehost geschlossen
WARNING:  Unsupported upgrade request.
WARNING:  No supported WebSocket library detected. Please use "pip install 'uvicorn[standard]'", or install 'websockets' or 'wsproto' manually.
2026-07-09 04:11:03,001 - asyncio - ERROR - Exception in callback _ProactorBasePipeTransport._call_connection_lost()
handle: <Handle _ProactorBasePipeTransport._call_connection_lost()>
Traceback (most recent call last):
  File "C:\Python314\Lib\asyncio\events.py", line 94, in _run
    self._context.run(self._callback, *self._args)
    ~~~~~~~~~~~~~~~~~^^^^^^^^^^^^^^^^^^^^^^^^^^^^^
  File "C:\Python314\Lib\asyncio\proactor_events.py", line 165, in _call_connection_lost
    self._sock.shutdown(socket.SHUT_RDWR)
    ~~~~~~~~~~~~~~~~~~~^^^^^^^^^^^^^^^^^^
ConnectionResetError: [WinError 10054] Eine vorhandene Verbindung wurde vom Remotehost geschlossen
WARNING:  Unsupported upgrade request.
WARNING:  No supported WebSocket library detected. Please use "pip install 'uvicorn[standard]'", or install 'websockets' or 'wsproto' manually.
2026-07-09 04:11:03,916 - asyncio - ERROR - Exception in callback _ProactorBasePipeTransport._call_connection_lost()
handle: <Handle _ProactorBasePipeTransport._call_connection_lost()>
Traceback (most recent call last):
  File "C:\Python314\Lib\asyncio\events.py", line 94, in _run
    self._context.run(self._callback, *self._args)
    ~~~~~~~~~~~~~~~~~^^^^^^^^^^^^^^^^^^^^^^^^^^^^^
  File "C:\Python314\Lib\asyncio\proactor_events.py", line 165, in _call_connection_lost
    self._sock.shutdown(socket.SHUT_RDWR)
    ~~~~~~~~~~~~~~~~~~~^^^^^^^^^^^^^^^^^^
ConnectionResetError: [WinError 10054] Eine vorhandene Verbindung wurde vom Remotehost geschlossen
WARNING:  Unsupported upgrade request.
WARNING:  No supported WebSocket library detected. Please use "pip install 'uvicorn[standard]'", or install 'websockets' or 'wsproto' manually.
2026-07-09 04:11:05,646 - asyncio - ERROR - Exception in callback _ProactorBasePipeTransport._call_connection_lost()
handle: <Handle _ProactorBasePipeTransport._call_connection_lost()>
Traceback (most recent call last):
  File "C:\Python314\Lib\asyncio\events.py", line 94, in _run
    self._context.run(self._callback, *self._args)
    ~~~~~~~~~~~~~~~~~^^^^^^^^^^^^^^^^^^^^^^^^^^^^^
  File "C:\Python314\Lib\asyncio\proactor_events.py", line 165, in _call_connection_lost
    self._sock.shutdown(socket.SHUT_RDWR)
    ~~~~~~~~~~~~~~~~~~~^^^^^^^^^^^^^^^^^^
ConnectionResetError: [WinError 10054] Eine vorhandene Verbindung wurde vom Remotehost geschlossen
WARNING:  Unsupported upgrade request.
WARNING:  No supported WebSocket library detected. Please use "pip install 'uvicorn[standard]'", or install 'websockets' or 'wsproto' manually.
WARNING:  Unsupported upgrade request.
WARNING:  No supported WebSocket library detected. Please use "pip install 'uvicorn[standard]'", or install 'websockets' or 'wsproto' manually.
2026-07-09 04:11:07,282 - asyncio - ERROR - Exception in callback _ProactorBasePipeTransport._call_connection_lost()
handle: <Handle _ProactorBasePipeTransport._call_connection_lost()>
Traceback (most recent call last):
  File "C:\Python314\Lib\asyncio\events.py", line 94, in _run
    self._context.run(self._callback, *self._args)
    ~~~~~~~~~~~~~~~~~^^^^^^^^^^^^^^^^^^^^^^^^^^^^^
  File "C:\Python314\Lib\asyncio\proactor_events.py", line 165, in _call_connection_lost
    self._sock.shutdown(socket.SHUT_RDWR)
    ~~~~~~~~~~~~~~~~~~~^^^^^^^^^^^^^^^^^^
ConnectionResetError: [WinError 10054] Eine vorhandene Verbindung wurde vom Remotehost geschlossen
WARNING:  Unsupported upgrade request.
WARNING:  No supported WebSocket library detected. Please use "pip install 'uvicorn[standard]'", or install 'websockets' or 'wsproto' manually.
WARNING:  Unsupported upgrade request.
WARNING:  No supported WebSocket library detected. Please use "pip install 'uvicorn[standard]'", or install 'websockets' or 'wsproto' manually.
WARNING:  Unsupported upgrade request.
WARNING:  No supported WebSocket library detected. Please use "pip install 'uvicorn[standard]'", or install 'websockets' or 'wsproto' manually.
2026-07-09 04:11:09,492 - asyncio - ERROR - Exception in callback _ProactorBasePipeTransport._call_connection_lost()
handle: <Handle _ProactorBasePipeTransport._call_connection_lost()>
Traceback (most recent call last):
  File "C:\Python314\Lib\asyncio\events.py", line 94, in _run
    self._context.run(self._callback, *self._args)
    ~~~~~~~~~~~~~~~~~^^^^^^^^^^^^^^^^^^^^^^^^^^^^^
  File "C:\Python314\Lib\asyncio\proactor_events.py", line 165, in _call_connection_lost
    self._sock.shutdown(socket.SHUT_RDWR)
    ~~~~~~~~~~~~~~~~~~~^^^^^^^^^^^^^^^^^^
ConnectionResetError: [WinError 10054] Eine vorhandene Verbindung wurde vom Remotehost geschlossen
WARNING:  Unsupported upgrade request.
WARNING:  No supported WebSocket library detected. Please use "pip install 'uvicorn[standard]'", or install 'websockets' or 'wsproto' manually.
WARNING:  Unsupported upgrade request.
WARNING:  No supported WebSocket library detected. Please use "pip install 'uvicorn[standard]'", or install 'websockets' or 'wsproto' manually.
2026-07-09 04:11:11,696 - asyncio - ERROR - Exception in callback _ProactorBasePipeTransport._call_connection_lost()
handle: <Handle _ProactorBasePipeTransport._call_connection_lost()>
Traceback (most recent call last):
  File "C:\Python314\Lib\asyncio\events.py", line 94, in _run
    self._context.run(self._callback, *self._args)
    ~~~~~~~~~~~~~~~~~^^^^^^^^^^^^^^^^^^^^^^^^^^^^^
  File "C:\Python314\Lib\asyncio\proactor_events.py", line 165, in _call_connection_lost
    self._sock.shutdown(socket.SHUT_RDWR)
    ~~~~~~~~~~~~~~~~~~~^^^^^^^^^^^^^^^^^^
ConnectionResetError: [WinError 10054] Eine vorhandene Verbindung wurde vom Remotehost geschlossen
WARNING:  Unsupported upgrade request.
WARNING:  No supported WebSocket library detected. Please use "pip install 'uvicorn[standard]'", or install 'websockets' or 'wsproto' manually.
WARNING:  Unsupported upgrade request.
WARNING:  No supported WebSocket library detected. Please use "pip install 'uvicorn[standard]'", or install 'websockets' or 'wsproto' manually.
WARNING:  Unsupported upgrade request.
WARNING:  No supported WebSocket library detected. Please use "pip install 'uvicorn[standard]'", or install 'websockets' or 'wsproto' manually.
WARNING:  Unsupported upgrade request.
WARNING:  No supported WebSocket library detected. Please use "pip install 'uvicorn[standard]'", or install 'websockets' or 'wsproto' manually.
2026-07-09 04:11:15,912 - asyncio - ERROR - Exception in callback _ProactorBasePipeTransport._call_connection_lost()
handle: <Handle _ProactorBasePipeTransport._call_connection_lost()>
Traceback (most recent call last):
  File "C:\Python314\Lib\asyncio\events.py", line 94, in _run
    self._context.run(self._callback, *self._args)
    ~~~~~~~~~~~~~~~~~^^^^^^^^^^^^^^^^^^^^^^^^^^^^^
  File "C:\Python314\Lib\asyncio\proactor_events.py", line 165, in _call_connection_lost
    self._sock.shutdown(socket.SHUT_RDWR)
    ~~~~~~~~~~~~~~~~~~~^^^^^^^^^^^^^^^^^^
ConnectionResetError: [WinError 10054] Eine vorhandene Verbindung wurde vom Remotehost geschlossen
WARNING:  Unsupported upgrade request.
WARNING:  No supported WebSocket library detected. Please use "pip install 'uvicorn[standard]'", or install 'websockets' or 'wsproto' manually.
WARNING:  Unsupported upgrade request.
WARNING:  No supported WebSocket library detected. Please use "pip install 'uvicorn[standard]'", or install 'websockets' or 'wsproto' manually.
2026-07-09 04:11:18,945 - asyncio - ERROR - Exception in callback _ProactorBasePipeTransport._call_connection_lost()
handle: <Handle _ProactorBasePipeTransport._call_connection_lost()>
Traceback (most recent call last):
  File "C:\Python314\Lib\asyncio\events.py", line 94, in _run
    self._context.run(self._callback, *self._args)
    ~~~~~~~~~~~~~~~~~^^^^^^^^^^^^^^^^^^^^^^^^^^^^^
  File "C:\Python314\Lib\asyncio\proactor_events.py", line 165, in _call_connection_lost
    self._sock.shutdown(socket.SHUT_RDWR)
    ~~~~~~~~~~~~~~~~~~~^^^^^^^^^^^^^^^^^^
ConnectionResetError: [WinError 10054] Eine vorhandene Verbindung wurde vom Remotehost geschlossen
WARNING:  Unsupported upgrade request.
WARNING:  No supported WebSocket library detected. Please use "pip install 'uvicorn[standard]'", or install 'websockets' or 'wsproto' manually.
2026-07-09 04:11:19,409 - asyncio - ERROR - Exception in callback _ProactorBasePipeTransport._call_connection_lost()
handle: <Handle _ProactorBasePipeTransport._call_connection_lost()>
Traceback (most recent call last):
  File "C:\Python314\Lib\asyncio\events.py", line 94, in _run
    self._context.run(self._callback, *self._args)
    ~~~~~~~~~~~~~~~~~^^^^^^^^^^^^^^^^^^^^^^^^^^^^^
  File "C:\Python314\Lib\asyncio\proactor_events.py", line 165, in _call_connection_lost
    self._sock.shutdown(socket.SHUT_RDWR)
    ~~~~~~~~~~~~~~~~~~~^^^^^^^^^^^^^^^^^^
ConnectionResetError: [WinError 10054] Eine vorhandene Verbindung wurde vom Remotehost geschlossen
WARNING:  Unsupported upgrade request.
WARNING:  No supported WebSocket library detected. Please use "pip install 'uvicorn[standard]'", or install 'websockets' or 'wsproto' manually.
WARNING:  Unsupported upgrade request.
WARNING:  No supported WebSocket library detected. Please use "pip install 'uvicorn[standard]'", or install 'websockets' or 'wsproto' manually.
2026-07-09 04:11:20,577 - asyncio - ERROR - Exception in callback _ProactorBasePipeTransport._call_connection_lost()
handle: <Handle _ProactorBasePipeTransport._call_connection_lost()>
Traceback (most recent call last):
  File "C:\Python314\Lib\asyncio\events.py", line 94, in _run
    self._context.run(self._callback, *self._args)
    ~~~~~~~~~~~~~~~~~^^^^^^^^^^^^^^^^^^^^^^^^^^^^^
  File "C:\Python314\Lib\asyncio\proactor_events.py", line 165, in _call_connection_lost
    self._sock.shutdown(socket.SHUT_RDWR)
    ~~~~~~~~~~~~~~~~~~~^^^^^^^^^^^^^^^^^^
ConnectionResetError: [WinError 10054] Eine vorhandene Verbindung wurde vom Remotehost geschlossen
WARNING:  Unsupported upgrade request.
WARNING:  No supported WebSocket library detected. Please use "pip install 'uvicorn[standard]'", or install 'websockets' or 'wsproto' manually.
2026-07-09 04:11:21,360 - asyncio - ERROR - Exception in callback _ProactorBasePipeTransport._call_connection_lost()
handle: <Handle _ProactorBasePipeTransport._call_connection_lost()>
Traceback (most recent call last):
  File "C:\Python314\Lib\asyncio\events.py", line 94, in _run
    self._context.run(self._callback, *self._args)
    ~~~~~~~~~~~~~~~~~^^^^^^^^^^^^^^^^^^^^^^^^^^^^^
  File "C:\Python314\Lib\asyncio\proactor_events.py", line 165, in _call_connection_lost
    self._sock.shutdown(socket.SHUT_RDWR)
    ~~~~~~~~~~~~~~~~~~~^^^^^^^^^^^^^^^^^^
ConnectionResetError: [WinError 10054] Eine vorhandene Verbindung wurde vom Remotehost geschlossen
WARNING:  Unsupported upgrade request.
WARNING:  No supported WebSocket library detected. Please use "pip install 'uvicorn[standard]'", or install 'websockets' or 'wsproto' manually.
2026-07-09 04:11:21,868 - asyncio - ERROR - Exception in callback _ProactorBasePipeTransport._call_connection_lost()
handle: <Handle _ProactorBasePipeTransport._call_connection_lost()>
Traceback (most recent call last):
  File "C:\Python314\Lib\asyncio\events.py", line 94, in _run
    self._context.run(self._callback, *self._args)
    ~~~~~~~~~~~~~~~~~^^^^^^^^^^^^^^^^^^^^^^^^^^^^^
  File "C:\Python314\Lib\asyncio\proactor_events.py", line 165, in _call_connection_lost
    self._sock.shutdown(socket.SHUT_RDWR)
    ~~~~~~~~~~~~~~~~~~~^^^^^^^^^^^^^^^^^^
ConnectionResetError: [WinError 10054] Eine vorhandene Verbindung wurde vom Remotehost geschlossen
WARNING:  Unsupported upgrade request.
WARNING:  No supported WebSocket library detected. Please use "pip install 'uvicorn[standard]'", or install 'websockets' or 'wsproto' manually.
2026-07-09 04:11:22,391 - asyncio - ERROR - Exception in callback _ProactorBasePipeTransport._call_connection_lost()
handle: <Handle _ProactorBasePipeTransport._call_connection_lost()>
Traceback (most recent call last):
  File "C:\Python314\Lib\asyncio\events.py", line 94, in _run
    self._context.run(self._callback, *self._args)
    ~~~~~~~~~~~~~~~~~^^^^^^^^^^^^^^^^^^^^^^^^^^^^^
  File "C:\Python314\Lib\asyncio\proactor_events.py", line 165, in _call_connection_lost
    self._sock.shutdown(socket.SHUT_RDWR)
    ~~~~~~~~~~~~~~~~~~~^^^^^^^^^^^^^^^^^^
ConnectionResetError: [WinError 10054] Eine vorhandene Verbindung wurde vom Remotehost geschlossen
WARNING:  Unsupported upgrade request.
WARNING:  No supported WebSocket library detected. Please use "pip install 'uvicorn[standard]'", or install 'websockets' or 'wsproto' manually.
WARNING:  Unsupported upgrade request.
WARNING:  No supported WebSocket library detected. Please use "pip install 'uvicorn[standard]'", or install 'websockets' or 'wsproto' manually.
WARNING:  Unsupported upgrade request.
WARNING:  No supported WebSocket library detected. Please use "pip install 'uvicorn[standard]'", or install 'websockets' or 'wsproto' manually.
2026-07-09 04:11:26,713 - asyncio - ERROR - Exception in callback _ProactorBasePipeTransport._call_connection_lost()
handle: <Handle _ProactorBasePipeTransport._call_connection_lost()>
Traceback (most recent call last):
  File "C:\Python314\Lib\asyncio\events.py", line 94, in _run
    self._context.run(self._callback, *self._args)
    ~~~~~~~~~~~~~~~~~^^^^^^^^^^^^^^^^^^^^^^^^^^^^^
  File "C:\Python314\Lib\asyncio\proactor_events.py", line 165, in _call_connection_lost
    self._sock.shutdown(socket.SHUT_RDWR)
    ~~~~~~~~~~~~~~~~~~~^^^^^^^^^^^^^^^^^^
ConnectionResetError: [WinError 10054] Eine vorhandene Verbindung wurde vom Remotehost geschlossen
WARNING:  Unsupported upgrade request.
WARNING:  No supported WebSocket library detected. Please use "pip install 'uvicorn[standard]'", or install 'websockets' or 'wsproto' manually.
WARNING:  Unsupported upgrade request.
WARNING:  No supported WebSocket library detected. Please use "pip install 'uvicorn[standard]'", or install 'websockets' or 'wsproto' manually.
WARNING:  Unsupported upgrade request.
WARNING:  No supported WebSocket library detected. Please use "pip install 'uvicorn[standard]'", or install 'websockets' or 'wsproto' manually.
2026-07-09 04:11:28,618 - asyncio - ERROR - Exception in callback _ProactorBasePipeTransport._call_connection_lost()
handle: <Handle _ProactorBasePipeTransport._call_connection_lost()>
Traceback (most recent call last):
  File "C:\Python314\Lib\asyncio\events.py", line 94, in _run
    self._context.run(self._callback, *self._args)
    ~~~~~~~~~~~~~~~~~^^^^^^^^^^^^^^^^^^^^^^^^^^^^^
  File "C:\Python314\Lib\asyncio\proactor_events.py", line 165, in _call_connection_lost
    self._sock.shutdown(socket.SHUT_RDWR)
    ~~~~~~~~~~~~~~~~~~~^^^^^^^^^^^^^^^^^^
ConnectionResetError: [WinError 10054] Eine vorhandene Verbindung wurde vom Remotehost geschlossen
WARNING:  Unsupported upgrade request.
WARNING:  No supported WebSocket library detected. Please use "pip install 'uvicorn[standard]'", or install 'websockets' or 'wsproto' manually.
2026-07-09 04:11:30,235 - asyncio - ERROR - Exception in callback _ProactorBasePipeTransport._call_connection_lost()
handle: <Handle _ProactorBasePipeTransport._call_connection_lost()>
Traceback (most recent call last):
  File "C:\Python314\Lib\asyncio\events.py", line 94, in _run
    self._context.run(self._callback, *self._args)
    ~~~~~~~~~~~~~~~~~^^^^^^^^^^^^^^^^^^^^^^^^^^^^^
  File "C:\Python314\Lib\asyncio\proactor_events.py", line 165, in _call_connection_lost
    self._sock.shutdown(socket.SHUT_RDWR)
    ~~~~~~~~~~~~~~~~~~~^^^^^^^^^^^^^^^^^^
ConnectionResetError: [WinError 10054] Eine vorhandene Verbindung wurde vom Remotehost geschlossen
WARNING:  Unsupported upgrade request.
WARNING:  No supported WebSocket library detected. Please use "pip install 'uvicorn[standard]'", or install 'websockets' or 'wsproto' manually.
2026-07-09 04:11:31,224 - asyncio - ERROR - Exception in callback _ProactorBasePipeTransport._call_connection_lost()
handle: <Handle _ProactorBasePipeTransport._call_connection_lost()>
Traceback (most recent call last):
  File "C:\Python314\Lib\asyncio\events.py", line 94, in _run
    self._context.run(self._callback, *self._args)
    ~~~~~~~~~~~~~~~~~^^^^^^^^^^^^^^^^^^^^^^^^^^^^^
  File "C:\Python314\Lib\asyncio\proactor_events.py", line 165, in _call_connection_lost
    self._sock.shutdown(socket.SHUT_RDWR)
    ~~~~~~~~~~~~~~~~~~~^^^^^^^^^^^^^^^^^^
ConnectionResetError: [WinError 10054] Eine vorhandene Verbindung wurde vom Remotehost geschlossen
WARNING:  Unsupported upgrade request.
WARNING:  No supported WebSocket library detected. Please use "pip install 'uvicorn[standard]'", or install 'websockets' or 'wsproto' manually.
2026-07-09 04:11:33,204 - asyncio - ERROR - Exception in callback _ProactorBasePipeTransport._call_connection_lost()
handle: <Handle _ProactorBasePipeTransport._call_connection_lost()>
Traceback (most recent call last):
  File "C:\Python314\Lib\asyncio\events.py", line 94, in _run
    self._context.run(self._callback, *self._args)
    ~~~~~~~~~~~~~~~~~^^^^^^^^^^^^^^^^^^^^^^^^^^^^^
  File "C:\Python314\Lib\asyncio\proactor_events.py", line 165, in _call_connection_lost
    self._sock.shutdown(socket.SHUT_RDWR)
    ~~~~~~~~~~~~~~~~~~~^^^^^^^^^^^^^^^^^^
ConnectionResetError: [WinError 10054] Eine vorhandene Verbindung wurde vom Remotehost geschlossen
WARNING:  Unsupported upgrade request.
WARNING:  No supported WebSocket library detected. Please use "pip install 'uvicorn[standard]'", or install 'websockets' or 'wsproto' manually.
WARNING:  Unsupported upgrade request.
WARNING:  No supported WebSocket library detected. Please use "pip install 'uvicorn[standard]'", or install 'websockets' or 'wsproto' manually.
2026-07-09 04:11:35,077 - asyncio - ERROR - Exception in callback _ProactorBasePipeTransport._call_connection_lost()
handle: <Handle _ProactorBasePipeTransport._call_connection_lost()>
Traceback (most recent call last):
  File "C:\Python314\Lib\asyncio\events.py", line 94, in _run
    self._context.run(self._callback, *self._args)
    ~~~~~~~~~~~~~~~~~^^^^^^^^^^^^^^^^^^^^^^^^^^^^^
  File "C:\Python314\Lib\asyncio\proactor_events.py", line 165, in _call_connection_lost
    self._sock.shutdown(socket.SHUT_RDWR)
    ~~~~~~~~~~~~~~~~~~~^^^^^^^^^^^^^^^^^^
ConnectionResetError: [WinError 10054] Eine vorhandene Verbindung wurde vom Remotehost geschlossen
WARNING:  Unsupported upgrade request.
WARNING:  No supported WebSocket library detected. Please use "pip install 'uvicorn[standard]'", or install 'websockets' or 'wsproto' manually.
2026-07-09 04:11:35,125 - asyncio - ERROR - Exception in callback _ProactorBasePipeTransport._call_connection_lost()
handle: <Handle _ProactorBasePipeTransport._call_connection_lost()>
Traceback (most recent call last):
  File "C:\Python314\Lib\asyncio\events.py", line 94, in _run
    self._context.run(self._callback, *self._args)
    ~~~~~~~~~~~~~~~~~^^^^^^^^^^^^^^^^^^^^^^^^^^^^^
  File "C:\Python314\Lib\asyncio\proactor_events.py", line 165, in _call_connection_lost
    self._sock.shutdown(socket.SHUT_RDWR)
    ~~~~~~~~~~~~~~~~~~~^^^^^^^^^^^^^^^^^^
ConnectionResetError: [WinError 10054] Eine vorhandene Verbindung wurde vom Remotehost geschlossen
WARNING:  Unsupported upgrade request.
WARNING:  No supported WebSocket library detected. Please use "pip install 'uvicorn[standard]'", or install 'websockets' or 'wsproto' manually.
WARNING:  Unsupported upgrade request.
WARNING:  No supported WebSocket library detected. Please use "pip install 'uvicorn[standard]'", or install 'websockets' or 'wsproto' manually.
2026-07-09 04:11:35,963 - asyncio - ERROR - Exception in callback _ProactorBasePipeTransport._call_connection_lost()
handle: <Handle _ProactorBasePipeTransport._call_connection_lost()>
Traceback (most recent call last):
  File "C:\Python314\Lib\asyncio\events.py", line 94, in _run
    self._context.run(self._callback, *self._args)
    ~~~~~~~~~~~~~~~~~^^^^^^^^^^^^^^^^^^^^^^^^^^^^^
  File "C:\Python314\Lib\asyncio\proactor_events.py", line 165, in _call_connection_lost
    self._sock.shutdown(socket.SHUT_RDWR)
    ~~~~~~~~~~~~~~~~~~~^^^^^^^^^^^^^^^^^^
ConnectionResetError: [WinError 10054] Eine vorhandene Verbindung wurde vom Remotehost geschlossen
WARNING:  Unsupported upgrade request.
WARNING:  No supported WebSocket library detected. Please use "pip install 'uvicorn[standard]'", or install 'websockets' or 'wsproto' manually.
2026-07-09 04:11:40,028 - asyncio - ERROR - Exception in callback _ProactorBasePipeTransport._call_connection_lost()
handle: <Handle _ProactorBasePipeTransport._call_connection_lost()>
Traceback (most recent call last):
  File "C:\Python314\Lib\asyncio\events.py", line 94, in _run
    self._context.run(self._callback, *self._args)
    ~~~~~~~~~~~~~~~~~^^^^^^^^^^^^^^^^^^^^^^^^^^^^^
  File "C:\Python314\Lib\asyncio\proactor_events.py", line 165, in _call_connection_lost
    self._sock.shutdown(socket.SHUT_RDWR)
    ~~~~~~~~~~~~~~~~~~~^^^^^^^^^^^^^^^^^^
ConnectionResetError: [WinError 10054] Eine vorhandene Verbindung wurde vom Remotehost geschlossen
WARNING:  Unsupported upgrade request.
WARNING:  No supported WebSocket library detected. Please use "pip install 'uvicorn[standard]'", or install 'websockets' or 'wsproto' manually.
2026-07-09 04:11:40,554 - asyncio - ERROR - Exception in callback _ProactorBasePipeTransport._call_connection_lost()
handle: <Handle _ProactorBasePipeTransport._call_connection_lost()>
Traceback (most recent call last):
  File "C:\Python314\Lib\asyncio\events.py", line 94, in _run
    self._context.run(self._callback, *self._args)
    ~~~~~~~~~~~~~~~~~^^^^^^^^^^^^^^^^^^^^^^^^^^^^^
  File "C:\Python314\Lib\asyncio\proactor_events.py", line 165, in _call_connection_lost
    self._sock.shutdown(socket.SHUT_RDWR)
    ~~~~~~~~~~~~~~~~~~~^^^^^^^^^^^^^^^^^^
ConnectionResetError: [WinError 10054] Eine vorhandene Verbindung wurde vom Remotehost geschlossen
WARNING:  Unsupported upgrade request.
WARNING:  No supported WebSocket library detected. Please use "pip install 'uvicorn[standard]'", or install 'websockets' or 'wsproto' manually.
2026-07-09 04:11:40,760 - asyncio - ERROR - Exception in callback _ProactorBasePipeTransport._call_connection_lost()
handle: <Handle _ProactorBasePipeTransport._call_connection_lost()>
Traceback (most recent call last):
  File "C:\Python314\Lib\asyncio\events.py", line 94, in _run
    self._context.run(self._callback, *self._args)
    ~~~~~~~~~~~~~~~~~^^^^^^^^^^^^^^^^^^^^^^^^^^^^^
  File "C:\Python314\Lib\asyncio\proactor_events.py", line 165, in _call_connection_lost
    self._sock.shutdown(socket.SHUT_RDWR)
    ~~~~~~~~~~~~~~~~~~~^^^^^^^^^^^^^^^^^^
ConnectionResetError: [WinError 10054] Eine vorhandene Verbindung wurde vom Remotehost geschlossen
WARNING:  Unsupported upgrade request.
WARNING:  No supported WebSocket library detected. Please use "pip install 'uvicorn[standard]'", or install 'websockets' or 'wsproto' manually.
2026-07-09 04:11:41,598 - asyncio - ERROR - Exception in callback _ProactorBasePipeTransport._call_connection_lost()
handle: <Handle _ProactorBasePipeTransport._call_connection_lost()>
Traceback (most recent call last):
  File "C:\Python314\Lib\asyncio\events.py", line 94, in _run
    self._context.run(self._callback, *self._args)
    ~~~~~~~~~~~~~~~~~^^^^^^^^^^^^^^^^^^^^^^^^^^^^^
  File "C:\Python314\Lib\asyncio\proactor_events.py", line 165, in _call_connection_lost
    self._sock.shutdown(socket.SHUT_RDWR)
    ~~~~~~~~~~~~~~~~~~~^^^^^^^^^^^^^^^^^^
ConnectionResetError: [WinError 10054] Eine vorhandene Verbindung wurde vom Remotehost geschlossen
WARNING:  Unsupported upgrade request.
WARNING:  No supported WebSocket library detected. Please use "pip install 'uvicorn[standard]'", or install 'websockets' or 'wsproto' manually.
WARNING:  Unsupported upgrade request.
WARNING:  No supported WebSocket library detected. Please use "pip install 'uvicorn[standard]'", or install 'websockets' or 'wsproto' manually.
WARNING:  Unsupported upgrade request.
WARNING:  No supported WebSocket library detected. Please use "pip install 'uvicorn[standard]'", or install 'websockets' or 'wsproto' manually.
WARNING:  Unsupported upgrade request.
WARNING:  No supported WebSocket library detected. Please use "pip install 'uvicorn[standard]'", or install 'websockets' or 'wsproto' manually.
WARNING:  Unsupported upgrade request.
WARNING:  No supported WebSocket library detected. Please use "pip install 'uvicorn[standard]'", or install 'websockets' or 'wsproto' manually.
WARNING:  Unsupported upgrade request.
WARNING:  No supported WebSocket library detected. Please use "pip install 'uvicorn[standard]'", or install 'websockets' or 'wsproto' manually.
WARNING:  Unsupported upgrade request.
WARNING:  No supported WebSocket library detected. Please use "pip install 'uvicorn[standard]'", or install 'websockets' or 'wsproto' manually.
2026-07-09 04:11:48,811 - asyncio - ERROR - Exception in callback _ProactorBasePipeTransport._call_connection_lost()
handle: <Handle _ProactorBasePipeTransport._call_connection_lost()>
Traceback (most recent call last):
  File "C:\Python314\Lib\asyncio\events.py", line 94, in _run
    self._context.run(self._callback, *self._args)
    ~~~~~~~~~~~~~~~~~^^^^^^^^^^^^^^^^^^^^^^^^^^^^^
  File "C:\Python314\Lib\asyncio\proactor_events.py", line 165, in _call_connection_lost
    self._sock.shutdown(socket.SHUT_RDWR)
    ~~~~~~~~~~~~~~~~~~~^^^^^^^^^^^^^^^^^^
ConnectionResetError: [WinError 10054] Eine vorhandene Verbindung wurde vom Remotehost geschlossen
WARNING:  Unsupported upgrade request.
WARNING:  No supported WebSocket library detected. Please use "pip install 'uvicorn[standard]'", or install 'websockets' or 'wsproto' manually.
WARNING:  Unsupported upgrade request.
WARNING:  No supported WebSocket library detected. Please use "pip install 'uvicorn[standard]'", or install 'websockets' or 'wsproto' manually.
WARNING:  Unsupported upgrade request.
WARNING:  No supported WebSocket library detected. Please use "pip install 'uvicorn[standard]'", or install 'websockets' or 'wsproto' manually.
2026-07-09 04:11:49,238 - asyncio - ERROR - Exception in callback _ProactorBasePipeTransport._call_connection_lost()
handle: <Handle _ProactorBasePipeTransport._call_connection_lost()>
Traceback (most recent call last):
  File "C:\Python314\Lib\asyncio\events.py", line 94, in _run
    self._context.run(self._callback, *self._args)
    ~~~~~~~~~~~~~~~~~^^^^^^^^^^^^^^^^^^^^^^^^^^^^^
  File "C:\Python314\Lib\asyncio\proactor_events.py", line 165, in _call_connection_lost
    self._sock.shutdown(socket.SHUT_RDWR)
    ~~~~~~~~~~~~~~~~~~~^^^^^^^^^^^^^^^^^^
ConnectionResetError: [WinError 10054] Eine vorhandene Verbindung wurde vom Remotehost geschlossen
WARNING:  Unsupported upgrade request.
WARNING:  No supported WebSocket library detected. Please use "pip install 'uvicorn[standard]'", or install 'websockets' or 'wsproto' manually.
2026-07-09 04:11:52,591 - asyncio - ERROR - Exception in callback _ProactorBasePipeTransport._call_connection_lost()
handle: <Handle _ProactorBasePipeTransport._call_connection_lost()>
Traceback (most recent call last):
  File "C:\Python314\Lib\asyncio\events.py", line 94, in _run
    self._context.run(self._callback, *self._args)
    ~~~~~~~~~~~~~~~~~^^^^^^^^^^^^^^^^^^^^^^^^^^^^^
  File "C:\Python314\Lib\asyncio\proactor_events.py", line 165, in _call_connection_lost
    self._sock.shutdown(socket.SHUT_RDWR)
    ~~~~~~~~~~~~~~~~~~~^^^^^^^^^^^^^^^^^^
ConnectionResetError: [WinError 10054] Eine vorhandene Verbindung wurde vom Remotehost geschlossen
WARNING:  Unsupported upgrade request.
WARNING:  No supported WebSocket library detected. Please use "pip install 'uvicorn[standard]'", or install 'websockets' or 'wsproto' manually.
WARNING:  Unsupported upgrade request.
WARNING:  No supported WebSocket library detected. Please use "pip install 'uvicorn[standard]'", or install 'websockets' or 'wsproto' manually.
WARNING:  Unsupported upgrade request.
WARNING:  No supported WebSocket library detected. Please use "pip install 'uvicorn[standard]'", or install 'websockets' or 'wsproto' manually.
WARNING:  Unsupported upgrade request.
WARNING:  No supported WebSocket library detected. Please use "pip install 'uvicorn[standard]'", or install 'websockets' or 'wsproto' manually.
2026-07-09 04:11:56,623 - asyncio - ERROR - Exception in callback _ProactorBasePipeTransport._call_connection_lost()
handle: <Handle _ProactorBasePipeTransport._call_connection_lost()>
Traceback (most recent call last):
  File "C:\Python314\Lib\asyncio\events.py", line 94, in _run
    self._context.run(self._callback, *self._args)
    ~~~~~~~~~~~~~~~~~^^^^^^^^^^^^^^^^^^^^^^^^^^^^^
  File "C:\Python314\Lib\asyncio\proactor_events.py", line 165, in _call_connection_lost
    self._sock.shutdown(socket.SHUT_RDWR)
    ~~~~~~~~~~~~~~~~~~~^^^^^^^^^^^^^^^^^^
ConnectionResetError: [WinError 10054] Eine vorhandene Verbindung wurde vom Remotehost geschlossen
WARNING:  Unsupported upgrade request.
WARNING:  No supported WebSocket library detected. Please use "pip install 'uvicorn[standard]'", or install 'websockets' or 'wsproto' manually.
WARNING:  Unsupported upgrade request.
WARNING:  No supported WebSocket library detected. Please use "pip install 'uvicorn[standard]'", or install 'websockets' or 'wsproto' manually.
WARNING:  Unsupported upgrade request.
WARNING:  No supported WebSocket library detected. Please use "pip install 'uvicorn[standard]'", or install 'websockets' or 'wsproto' manually.
WARNING:  Unsupported upgrade request.
WARNING:  No supported WebSocket library detected. Please use "pip install 'uvicorn[standard]'", or install 'websockets' or 'wsproto' manually.
WARNING:  Unsupported upgrade request.
WARNING:  No supported WebSocket library detected. Please use "pip install 'uvicorn[standard]'", or install 'websockets' or 'wsproto' manually.
WARNING:  Unsupported upgrade request.
WARNING:  No supported WebSocket library detected. Please use "pip install 'uvicorn[standard]'", or install 'websockets' or 'wsproto' manually.
2026-07-09 04:12:01,592 - asyncio - ERROR - Exception in callback _ProactorBasePipeTransport._call_connection_lost()
handle: <Handle _ProactorBasePipeTransport._call_connection_lost()>
Traceback (most recent call last):
  File "C:\Python314\Lib\asyncio\events.py", line 94, in _run
    self._context.run(self._callback, *self._args)
    ~~~~~~~~~~~~~~~~~^^^^^^^^^^^^^^^^^^^^^^^^^^^^^
  File "C:\Python314\Lib\asyncio\proactor_events.py", line 165, in _call_connection_lost
    self._sock.shutdown(socket.SHUT_RDWR)
    ~~~~~~~~~~~~~~~~~~~^^^^^^^^^^^^^^^^^^
ConnectionResetError: [WinError 10054] Eine vorhandene Verbindung wurde vom Remotehost geschlossen
WARNING:  Unsupported upgrade request.
WARNING:  No supported WebSocket library detected. Please use "pip install 'uvicorn[standard]'", or install 'websockets' or 'wsproto' manually.
WARNING:  Unsupported upgrade request.
WARNING:  No supported WebSocket library detected. Please use "pip install 'uvicorn[standard]'", or install 'websockets' or 'wsproto' manually.
WARNING:  Unsupported upgrade request.
WARNING:  No supported WebSocket library detected. Please use "pip install 'uvicorn[standard]'", or install 'websockets' or 'wsproto' manually.
WARNING:  Unsupported upgrade request.
WARNING:  No supported WebSocket library detected. Please use "pip install 'uvicorn[standard]'", or install 'websockets' or 'wsproto' manually.
2026-07-09 04:12:04,684 - asyncio - ERROR - Exception in callback _ProactorBasePipeTransport._call_connection_lost()
handle: <Handle _ProactorBasePipeTransport._call_connection_lost()>
Traceback (most recent call last):
  File "C:\Python314\Lib\asyncio\events.py", line 94, in _run
    self._context.run(self._callback, *self._args)
    ~~~~~~~~~~~~~~~~~^^^^^^^^^^^^^^^^^^^^^^^^^^^^^
  File "C:\Python314\Lib\asyncio\proactor_events.py", line 165, in _call_connection_lost
    self._sock.shutdown(socket.SHUT_RDWR)
    ~~~~~~~~~~~~~~~~~~~^^^^^^^^^^^^^^^^^^
ConnectionResetError: [WinError 10054] Eine vorhandene Verbindung wurde vom Remotehost geschlossen
WARNING:  Unsupported upgrade request.
WARNING:  No supported WebSocket library detected. Please use "pip install 'uvicorn[standard]'", or install 'websockets' or 'wsproto' manually.
2026-07-09 04:12:05,662 - asyncio - ERROR - Exception in callback _ProactorBasePipeTransport._call_connection_lost()
handle: <Handle _ProactorBasePipeTransport._call_connection_lost()>
Traceback (most recent call last):
  File "C:\Python314\Lib\asyncio\events.py", line 94, in _run
    self._context.run(self._callback, *self._args)
    ~~~~~~~~~~~~~~~~~^^^^^^^^^^^^^^^^^^^^^^^^^^^^^
  File "C:\Python314\Lib\asyncio\proactor_events.py", line 165, in _call_connection_lost
    self._sock.shutdown(socket.SHUT_RDWR)
    ~~~~~~~~~~~~~~~~~~~^^^^^^^^^^^^^^^^^^
ConnectionResetError: [WinError 10054] Eine vorhandene Verbindung wurde vom Remotehost geschlossen
WARNING:  Unsupported upgrade request.
WARNING:  No supported WebSocket library detected. Please use "pip install 'uvicorn[standard]'", or install 'websockets' or 'wsproto' manually.
WARNING:  Unsupported upgrade request.
WARNING:  No supported WebSocket library detected. Please use "pip install 'uvicorn[standard]'", or install 'websockets' or 'wsproto' manually.
WARNING:  Unsupported upgrade request.
WARNING:  No supported WebSocket library detected. Please use "pip install 'uvicorn[standard]'", or install 'websockets' or 'wsproto' manually.
2026-07-09 04:12:09,248 - asyncio - ERROR - Exception in callback _ProactorBasePipeTransport._call_connection_lost()
handle: <Handle _ProactorBasePipeTransport._call_connection_lost()>
Traceback (most recent call last):
  File "C:\Python314\Lib\asyncio\events.py", line 94, in _run
    self._context.run(self._callback, *self._args)
    ~~~~~~~~~~~~~~~~~^^^^^^^^^^^^^^^^^^^^^^^^^^^^^
  File "C:\Python314\Lib\asyncio\proactor_events.py", line 165, in _call_connection_lost
    self._sock.shutdown(socket.SHUT_RDWR)
    ~~~~~~~~~~~~~~~~~~~^^^^^^^^^^^^^^^^^^
ConnectionResetError: [WinError 10054] Eine vorhandene Verbindung wurde vom Remotehost geschlossen
WARNING:  Unsupported upgrade request.
WARNING:  No supported WebSocket library detected. Please use "pip install 'uvicorn[standard]'", or install 'websockets' or 'wsproto' manually.
2026-07-09 04:12:09,434 - asyncio - ERROR - Exception in callback _ProactorBasePipeTransport._call_connection_lost()
handle: <Handle _ProactorBasePipeTransport._call_connection_lost()>
Traceback (most recent call last):
  File "C:\Python314\Lib\asyncio\events.py", line 94, in _run
    self._context.run(self._callback, *self._args)
    ~~~~~~~~~~~~~~~~~^^^^^^^^^^^^^^^^^^^^^^^^^^^^^
  File "C:\Python314\Lib\asyncio\proactor_events.py", line 165, in _call_connection_lost
    self._sock.shutdown(socket.SHUT_RDWR)
    ~~~~~~~~~~~~~~~~~~~^^^^^^^^^^^^^^^^^^
ConnectionResetError: [WinError 10054] Eine vorhandene Verbindung wurde vom Remotehost geschlossen
WARNING:  Unsupported upgrade request.
WARNING:  No supported WebSocket library detected. Please use "pip install 'uvicorn[standard]'", or install 'websockets' or 'wsproto' manually.
2026-07-09 04:12:09,971 - asyncio - ERROR - Exception in callback _ProactorBasePipeTransport._call_connection_lost()
handle: <Handle _ProactorBasePipeTransport._call_connection_lost()>
Traceback (most recent call last):
  File "C:\Python314\Lib\asyncio\events.py", line 94, in _run
    self._context.run(self._callback, *self._args)
    ~~~~~~~~~~~~~~~~~^^^^^^^^^^^^^^^^^^^^^^^^^^^^^
  File "C:\Python314\Lib\asyncio\proactor_events.py", line 165, in _call_connection_lost
    self._sock.shutdown(socket.SHUT_RDWR)
    ~~~~~~~~~~~~~~~~~~~^^^^^^^^^^^^^^^^^^
ConnectionResetError: [WinError 10054] Eine vorhandene Verbindung wurde vom Remotehost geschlossen
WARNING:  Unsupported upgrade request.
WARNING:  No supported WebSocket library detected. Please use "pip install 'uvicorn[standard]'", or install 'websockets' or 'wsproto' manually.
2026-07-09 04:12:11,791 - asyncio - ERROR - Exception in callback _ProactorBasePipeTransport._call_connection_lost()
handle: <Handle _ProactorBasePipeTransport._call_connection_lost()>
Traceback (most recent call last):
  File "C:\Python314\Lib\asyncio\events.py", line 94, in _run
    self._context.run(self._callback, *self._args)
    ~~~~~~~~~~~~~~~~~^^^^^^^^^^^^^^^^^^^^^^^^^^^^^
  File "C:\Python314\Lib\asyncio\proactor_events.py", line 165, in _call_connection_lost
    self._sock.shutdown(socket.SHUT_RDWR)
    ~~~~~~~~~~~~~~~~~~~^^^^^^^^^^^^^^^^^^
ConnectionResetError: [WinError 10054] Eine vorhandene Verbindung wurde vom Remotehost geschlossen
WARNING:  Unsupported upgrade request.
WARNING:  No supported WebSocket library detected. Please use "pip install 'uvicorn[standard]'", or install 'websockets' or 'wsproto' manually.
WARNING:  Unsupported upgrade request.
WARNING:  No supported WebSocket library detected. Please use "pip install 'uvicorn[standard]'", or install 'websockets' or 'wsproto' manually.
WARNING:  Unsupported upgrade request.
WARNING:  No supported WebSocket library detected. Please use "pip install 'uvicorn[standard]'", or install 'websockets' or 'wsproto' manually.
2026-07-09 04:12:14,418 - asyncio - ERROR - Exception in callback _ProactorBasePipeTransport._call_connection_lost()
handle: <Handle _ProactorBasePipeTransport._call_connection_lost()>
Traceback (most recent call last):
  File "C:\Python314\Lib\asyncio\events.py", line 94, in _run
    self._context.run(self._callback, *self._args)
    ~~~~~~~~~~~~~~~~~^^^^^^^^^^^^^^^^^^^^^^^^^^^^^
  File "C:\Python314\Lib\asyncio\proactor_events.py", line 165, in _call_connection_lost
    self._sock.shutdown(socket.SHUT_RDWR)
    ~~~~~~~~~~~~~~~~~~~^^^^^^^^^^^^^^^^^^
ConnectionResetError: [WinError 10054] Eine vorhandene Verbindung wurde vom Remotehost geschlossen
WARNING:  Unsupported upgrade request.
WARNING:  No supported WebSocket library detected. Please use "pip install 'uvicorn[standard]'", or install 'websockets' or 'wsproto' manually.
WARNING:  Unsupported upgrade request.
WARNING:  No supported WebSocket library detected. Please use "pip install 'uvicorn[standard]'", or install 'websockets' or 'wsproto' manually.
2026-07-09 04:12:17,966 - asyncio - ERROR - Exception in callback _ProactorBasePipeTransport._call_connection_lost()
handle: <Handle _ProactorBasePipeTransport._call_connection_lost()>
Traceback (most recent call last):
  File "C:\Python314\Lib\asyncio\events.py", line 94, in _run
    self._context.run(self._callback, *self._args)
    ~~~~~~~~~~~~~~~~~^^^^^^^^^^^^^^^^^^^^^^^^^^^^^
  File "C:\Python314\Lib\asyncio\proactor_events.py", line 165, in _call_connection_lost
    self._sock.shutdown(socket.SHUT_RDWR)
    ~~~~~~~~~~~~~~~~~~~^^^^^^^^^^^^^^^^^^
ConnectionResetError: [WinError 10054] Eine vorhandene Verbindung wurde vom Remotehost geschlossen
WARNING:  Unsupported upgrade request.
WARNING:  No supported WebSocket library detected. Please use "pip install 'uvicorn[standard]'", or install 'websockets' or 'wsproto' manually.
WARNING:  Unsupported upgrade request.
WARNING:  No supported WebSocket library detected. Please use "pip install 'uvicorn[standard]'", or install 'websockets' or 'wsproto' manually.
WARNING:  Unsupported upgrade request.
WARNING:  No supported WebSocket library detected. Please use "pip install 'uvicorn[standard]'", or install 'websockets' or 'wsproto' manually.
WARNING:  Unsupported upgrade request.
WARNING:  No supported WebSocket library detected. Please use "pip install 'uvicorn[standard]'", or install 'websockets' or 'wsproto' manually.
WARNING:  Unsupported upgrade request.
WARNING:  No supported WebSocket library detected. Please use "pip install 'uvicorn[standard]'", or install 'websockets' or 'wsproto' manually.
2026-07-09 04:12:19,872 - asyncio - ERROR - Exception in callback _ProactorBasePipeTransport._call_connection_lost()
handle: <Handle _ProactorBasePipeTransport._call_connection_lost()>
Traceback (most recent call last):
  File "C:\Python314\Lib\asyncio\events.py", line 94, in _run
    self._context.run(self._callback, *self._args)
    ~~~~~~~~~~~~~~~~~^^^^^^^^^^^^^^^^^^^^^^^^^^^^^
  File "C:\Python314\Lib\asyncio\proactor_events.py", line 165, in _call_connection_lost
    self._sock.shutdown(socket.SHUT_RDWR)
    ~~~~~~~~~~~~~~~~~~~^^^^^^^^^^^^^^^^^^
ConnectionResetError: [WinError 10054] Eine vorhandene Verbindung wurde vom Remotehost geschlossen
WARNING:  Unsupported upgrade request.
WARNING:  No supported WebSocket library detected. Please use "pip install 'uvicorn[standard]'", or install 'websockets' or 'wsproto' manually.
WARNING:  Unsupported upgrade request.
WARNING:  No supported WebSocket library detected. Please use "pip install 'uvicorn[standard]'", or install 'websockets' or 'wsproto' manually.
WARNING:  Unsupported upgrade request.
WARNING:  No supported WebSocket library detected. Please use "pip install 'uvicorn[standard]'", or install 'websockets' or 'wsproto' manually.
2026-07-09 04:12:25,071 - asyncio - ERROR - Exception in callback _ProactorBasePipeTransport._call_connection_lost()
handle: <Handle _ProactorBasePipeTransport._call_connection_lost()>
Traceback (most recent call last):
  File "C:\Python314\Lib\asyncio\events.py", line 94, in _run
    self._context.run(self._callback, *self._args)
    ~~~~~~~~~~~~~~~~~^^^^^^^^^^^^^^^^^^^^^^^^^^^^^
  File "C:\Python314\Lib\asyncio\proactor_events.py", line 165, in _call_connection_lost
    self._sock.shutdown(socket.SHUT_RDWR)
    ~~~~~~~~~~~~~~~~~~~^^^^^^^^^^^^^^^^^^
ConnectionResetError: [WinError 10054] Eine vorhandene Verbindung wurde vom Remotehost geschlossen
WARNING:  Unsupported upgrade request.
WARNING:  No supported WebSocket library detected. Please use "pip install 'uvicorn[standard]'", or install 'websockets' or 'wsproto' manually.
WARNING:  Unsupported upgrade request.
WARNING:  No supported WebSocket library detected. Please use "pip install 'uvicorn[standard]'", or install 'websockets' or 'wsproto' manually.
WARNING:  Unsupported upgrade request.
WARNING:  No supported WebSocket library detected. Please use "pip install 'uvicorn[standard]'", or install 'websockets' or 'wsproto' manually.
WARNING:  Unsupported upgrade request.
WARNING:  No supported WebSocket library detected. Please use "pip install 'uvicorn[standard]'", or install 'websockets' or 'wsproto' manually.
WARNING:  Unsupported upgrade request.
WARNING:  No supported WebSocket library detected. Please use "pip install 'uvicorn[standard]'", or install 'websockets' or 'wsproto' manually.
WARNING:  Unsupported upgrade request.
WARNING:  No supported WebSocket library detected. Please use "pip install 'uvicorn[standard]'", or install 'websockets' or 'wsproto' manually.
WARNING:  Unsupported upgrade request.
WARNING:  No supported WebSocket library detected. Please use "pip install 'uvicorn[standard]'", or install 'websockets' or 'wsproto' manually.
WARNING:  Unsupported upgrade request.
WARNING:  No supported WebSocket library detected. Please use "pip install 'uvicorn[standard]'", or install 'websockets' or 'wsproto' manually.
WARNING:  Unsupported upgrade request.
WARNING:  No supported WebSocket library detected. Please use "pip install 'uvicorn[standard]'", or install 'websockets' or 'wsproto' manually.
2026-07-09 04:12:33,907 - asyncio - ERROR - Exception in callback _ProactorBasePipeTransport._call_connection_lost()
handle: <Handle _ProactorBasePipeTransport._call_connection_lost()>
Traceback (most recent call last):
  File "C:\Python314\Lib\asyncio\events.py", line 94, in _run
    self._context.run(self._callback, *self._args)
    ~~~~~~~~~~~~~~~~~^^^^^^^^^^^^^^^^^^^^^^^^^^^^^
  File "C:\Python314\Lib\asyncio\proactor_events.py", line 165, in _call_connection_lost
    self._sock.shutdown(socket.SHUT_RDWR)
    ~~~~~~~~~~~~~~~~~~~^^^^^^^^^^^^^^^^^^
ConnectionResetError: [WinError 10054] Eine vorhandene Verbindung wurde vom Remotehost geschlossen
WARNING:  Unsupported upgrade request.
WARNING:  No supported WebSocket library detected. Please use "pip install 'uvicorn[standard]'", or install 'websockets' or 'wsproto' manually.
WARNING:  Unsupported upgrade request.
WARNING:  No supported WebSocket library detected. Please use "pip install 'uvicorn[standard]'", or install 'websockets' or 'wsproto' manually.
WARNING:  Unsupported upgrade request.
WARNING:  No supported WebSocket library detected. Please use "pip install 'uvicorn[standard]'", or install 'websockets' or 'wsproto' manually.
WARNING:  Unsupported upgrade request.
WARNING:  No supported WebSocket library detected. Please use "pip install 'uvicorn[standard]'", or install 'websockets' or 'wsproto' manually.
WARNING:  Unsupported upgrade request.
WARNING:  No supported WebSocket library detected. Please use "pip install 'uvicorn[standard]'", or install 'websockets' or 'wsproto' manually.
WARNING:  Unsupported upgrade request.
WARNING:  No supported WebSocket library detected. Please use "pip install 'uvicorn[standard]'", or install 'websockets' or 'wsproto' manually.
WARNING:  Unsupported upgrade request.
WARNING:  No supported WebSocket library detected. Please use "pip install 'uvicorn[standard]'", or install 'websockets' or 'wsproto' manually.
2026-07-09 04:12:39,954 - asyncio - ERROR - Exception in callback _ProactorBasePipeTransport._call_connection_lost()
handle: <Handle _ProactorBasePipeTransport._call_connection_lost()>
Traceback (most recent call last):
  File "C:\Python314\Lib\asyncio\events.py", line 94, in _run
    self._context.run(self._callback, *self._args)
    ~~~~~~~~~~~~~~~~~^^^^^^^^^^^^^^^^^^^^^^^^^^^^^
  File "C:\Python314\Lib\asyncio\proactor_events.py", line 165, in _call_connection_lost
    self._sock.shutdown(socket.SHUT_RDWR)
    ~~~~~~~~~~~~~~~~~~~^^^^^^^^^^^^^^^^^^
ConnectionResetError: [WinError 10054] Eine vorhandene Verbindung wurde vom Remotehost geschlossen
WARNING:  Unsupported upgrade request.
WARNING:  No supported WebSocket library detected. Please use "pip install 'uvicorn[standard]'", or install 'websockets' or 'wsproto' manually.
WARNING:  Unsupported upgrade request.
WARNING:  No supported WebSocket library detected. Please use "pip install 'uvicorn[standard]'", or install 'websockets' or 'wsproto' manually.
WARNING:  Unsupported upgrade request.
WARNING:  No supported WebSocket library detected. Please use "pip install 'uvicorn[standard]'", or install 'websockets' or 'wsproto' manually.
WARNING:  Unsupported upgrade request.
WARNING:  No supported WebSocket library detected. Please use "pip install 'uvicorn[standard]'", or install 'websockets' or 'wsproto' manually.
WARNING:  Unsupported upgrade request.
WARNING:  No supported WebSocket library detected. Please use "pip install 'uvicorn[standard]'", or install 'websockets' or 'wsproto' manually.
2026-07-09 04:12:44,663 - asyncio - ERROR - Exception in callback _ProactorBasePipeTransport._call_connection_lost()
handle: <Handle _ProactorBasePipeTransport._call_connection_lost()>
Traceback (most recent call last):
  File "C:\Python314\Lib\asyncio\events.py", line 94, in _run
    self._context.run(self._callback, *self._args)
    ~~~~~~~~~~~~~~~~~^^^^^^^^^^^^^^^^^^^^^^^^^^^^^
  File "C:\Python314\Lib\asyncio\proactor_events.py", line 165, in _call_connection_lost
    self._sock.shutdown(socket.SHUT_RDWR)
    ~~~~~~~~~~~~~~~~~~~^^^^^^^^^^^^^^^^^^
ConnectionResetError: [WinError 10054] Eine vorhandene Verbindung wurde vom Remotehost geschlossen
WARNING:  Unsupported upgrade request.
WARNING:  No supported WebSocket library detected. Please use "pip install 'uvicorn[standard]'", or install 'websockets' or 'wsproto' manually.
WARNING:  Unsupported upgrade request.
WARNING:  No supported WebSocket library detected. Please use "pip install 'uvicorn[standard]'", or install 'websockets' or 'wsproto' manually.
WARNING:  Unsupported upgrade request.
WARNING:  No supported WebSocket library detected. Please use "pip install 'uvicorn[standard]'", or install 'websockets' or 'wsproto' manually.
WARNING:  Unsupported upgrade request.
WARNING:  No supported WebSocket library detected. Please use "pip install 'uvicorn[standard]'", or install 'websockets' or 'wsproto' manually.
2026-07-09 04:12:47,886 - asyncio - ERROR - Exception in callback _ProactorBasePipeTransport._call_connection_lost()
handle: <Handle _ProactorBasePipeTransport._call_connection_lost()>
Traceback (most recent call last):
  File "C:\Python314\Lib\asyncio\events.py", line 94, in _run
    self._context.run(self._callback, *self._args)
    ~~~~~~~~~~~~~~~~~^^^^^^^^^^^^^^^^^^^^^^^^^^^^^
  File "C:\Python314\Lib\asyncio\proactor_events.py", line 165, in _call_connection_lost
    self._sock.shutdown(socket.SHUT_RDWR)
    ~~~~~~~~~~~~~~~~~~~^^^^^^^^^^^^^^^^^^
ConnectionResetError: [WinError 10054] Eine vorhandene Verbindung wurde vom Remotehost geschlossen
WARNING:  Unsupported upgrade request.
WARNING:  No supported WebSocket library detected. Please use "pip install 'uvicorn[standard]'", or install 'websockets' or 'wsproto' manually.
WARNING:  Unsupported upgrade request.
WARNING:  No supported WebSocket library detected. Please use "pip install 'uvicorn[standard]'", or install 'websockets' or 'wsproto' manually.
WARNING:  Unsupported upgrade request.
WARNING:  No supported WebSocket library detected. Please use "pip install 'uvicorn[standard]'", or install 'websockets' or 'wsproto' manually.
WARNING:  Unsupported upgrade request.
WARNING:  No supported WebSocket library detected. Please use "pip install 'uvicorn[standard]'", or install 'websockets' or 'wsproto' manually.
2026-07-09 04:12:54,084 - asyncio - ERROR - Exception in callback _ProactorBasePipeTransport._call_connection_lost()
handle: <Handle _ProactorBasePipeTransport._call_connection_lost()>
Traceback (most recent call last):
  File "C:\Python314\Lib\asyncio\events.py", line 94, in _run
    self._context.run(self._callback, *self._args)
    ~~~~~~~~~~~~~~~~~^^^^^^^^^^^^^^^^^^^^^^^^^^^^^
  File "C:\Python314\Lib\asyncio\proactor_events.py", line 165, in _call_connection_lost
    self._sock.shutdown(socket.SHUT_RDWR)
    ~~~~~~~~~~~~~~~~~~~^^^^^^^^^^^^^^^^^^
ConnectionResetError: [WinError 10054] Eine vorhandene Verbindung wurde vom Remotehost geschlossen
WARNING:  Unsupported upgrade request.
WARNING:  No supported WebSocket library detected. Please use "pip install 'uvicorn[standard]'", or install 'websockets' or 'wsproto' manually.
2026-07-09 04:12:54,280 - asyncio - ERROR - Exception in callback _ProactorBasePipeTransport._call_connection_lost()
handle: <Handle _ProactorBasePipeTransport._call_connection_lost()>
Traceback (most recent call last):
  File "C:\Python314\Lib\asyncio\events.py", line 94, in _run
    self._context.run(self._callback, *self._args)
    ~~~~~~~~~~~~~~~~~^^^^^^^^^^^^^^^^^^^^^^^^^^^^^
  File "C:\Python314\Lib\asyncio\proactor_events.py", line 165, in _call_connection_lost
    self._sock.shutdown(socket.SHUT_RDWR)
    ~~~~~~~~~~~~~~~~~~~^^^^^^^^^^^^^^^^^^
ConnectionResetError: [WinError 10054] Eine vorhandene Verbindung wurde vom Remotehost geschlossen
WARNING:  Unsupported upgrade request.
WARNING:  No supported WebSocket library detected. Please use "pip install 'uvicorn[standard]'", or install 'websockets' or 'wsproto' manually.
WARNING:  Unsupported upgrade request.
WARNING:  No supported WebSocket library detected. Please use "pip install 'uvicorn[standard]'", or install 'websockets' or 'wsproto' manually.
WARNING:  Unsupported upgrade request.
WARNING:  No supported WebSocket library detected. Please use "pip install 'uvicorn[standard]'", or install 'websockets' or 'wsproto' manually.
2026-07-09 04:12:56,831 - asyncio - ERROR - Exception in callback _ProactorBasePipeTransport._call_connection_lost()
handle: <Handle _ProactorBasePipeTransport._call_connection_lost()>
Traceback (most recent call last):
  File "C:\Python314\Lib\asyncio\events.py", line 94, in _run
    self._context.run(self._callback, *self._args)
    ~~~~~~~~~~~~~~~~~^^^^^^^^^^^^^^^^^^^^^^^^^^^^^
  File "C:\Python314\Lib\asyncio\proactor_events.py", line 165, in _call_connection_lost
    self._sock.shutdown(socket.SHUT_RDWR)
    ~~~~~~~~~~~~~~~~~~~^^^^^^^^^^^^^^^^^^
ConnectionResetError: [WinError 10054] Eine vorhandene Verbindung wurde vom Remotehost geschlossen
WARNING:  Unsupported upgrade request.
WARNING:  No supported WebSocket library detected. Please use "pip install 'uvicorn[standard]'", or install 'websockets' or 'wsproto' manually.
WARNING:  Unsupported upgrade request.
WARNING:  No supported WebSocket library detected. Please use "pip install 'uvicorn[standard]'", or install 'websockets' or 'wsproto' manually.
WARNING:  Unsupported upgrade request.
WARNING:  No supported WebSocket library detected. Please use "pip install 'uvicorn[standard]'", or install 'websockets' or 'wsproto' manually.
WARNING:  Unsupported upgrade request.
WARNING:  No supported WebSocket library detected. Please use "pip install 'uvicorn[standard]'", or install 'websockets' or 'wsproto' manually.
WARNING:  Unsupported upgrade request.
WARNING:  No supported WebSocket library detected. Please use "pip install 'uvicorn[standard]'", or install 'websockets' or 'wsproto' manually.
WARNING:  Unsupported upgrade request.
WARNING:  No supported WebSocket library detected. Please use "pip install 'uvicorn[standard]'", or install 'websockets' or 'wsproto' manually.
2026-07-09 04:13:01,858 - asyncio - ERROR - Exception in callback _ProactorBasePipeTransport._call_connection_lost()
handle: <Handle _ProactorBasePipeTransport._call_connection_lost()>
Traceback (most recent call last):
  File "C:\Python314\Lib\asyncio\events.py", line 94, in _run
    self._context.run(self._callback, *self._args)
    ~~~~~~~~~~~~~~~~~^^^^^^^^^^^^^^^^^^^^^^^^^^^^^
  File "C:\Python314\Lib\asyncio\proactor_events.py", line 165, in _call_connection_lost
    self._sock.shutdown(socket.SHUT_RDWR)
    ~~~~~~~~~~~~~~~~~~~^^^^^^^^^^^^^^^^^^
ConnectionResetError: [WinError 10054] Eine vorhandene Verbindung wurde vom Remotehost geschlossen
WARNING:  Unsupported upgrade request.
WARNING:  No supported WebSocket library detected. Please use "pip install 'uvicorn[standard]'", or install 'websockets' or 'wsproto' manually.
WARNING:  Unsupported upgrade request.
WARNING:  No supported WebSocket library detected. Please use "pip install 'uvicorn[standard]'", or install 'websockets' or 'wsproto' manually.
2026-07-09 04:13:05,456 - asyncio - ERROR - Exception in callback _ProactorBasePipeTransport._call_connection_lost()
handle: <Handle _ProactorBasePipeTransport._call_connection_lost()>
Traceback (most recent call last):
  File "C:\Python314\Lib\asyncio\events.py", line 94, in _run
    self._context.run(self._callback, *self._args)
    ~~~~~~~~~~~~~~~~~^^^^^^^^^^^^^^^^^^^^^^^^^^^^^
  File "C:\Python314\Lib\asyncio\proactor_events.py", line 165, in _call_connection_lost
    self._sock.shutdown(socket.SHUT_RDWR)
    ~~~~~~~~~~~~~~~~~~~^^^^^^^^^^^^^^^^^^
ConnectionResetError: [WinError 10054] Eine vorhandene Verbindung wurde vom Remotehost geschlossen
WARNING:  Unsupported upgrade request.
WARNING:  No supported WebSocket library detected. Please use "pip install 'uvicorn[standard]'", or install 'websockets' or 'wsproto' manually.
2026-07-09 04:13:05,853 - asyncio - ERROR - Exception in callback _ProactorBasePipeTransport._call_connection_lost()
handle: <Handle _ProactorBasePipeTransport._call_connection_lost()>
Traceback (most recent call last):
  File "C:\Python314\Lib\asyncio\events.py", line 94, in _run
    self._context.run(self._callback, *self._args)
    ~~~~~~~~~~~~~~~~~^^^^^^^^^^^^^^^^^^^^^^^^^^^^^
  File "C:\Python314\Lib\asyncio\proactor_events.py", line 165, in _call_connection_lost
    self._sock.shutdown(socket.SHUT_RDWR)
    ~~~~~~~~~~~~~~~~~~~^^^^^^^^^^^^^^^^^^
ConnectionResetError: [WinError 10054] Eine vorhandene Verbindung wurde vom Remotehost geschlossen
WARNING:  Unsupported upgrade request.
WARNING:  No supported WebSocket library detected. Please use "pip install 'uvicorn[standard]'", or install 'websockets' or 'wsproto' manually.
2026-07-09 04:13:06,147 - asyncio - ERROR - Exception in callback _ProactorBasePipeTransport._call_connection_lost()
handle: <Handle _ProactorBasePipeTransport._call_connection_lost()>
Traceback (most recent call last):
  File "C:\Python314\Lib\asyncio\events.py", line 94, in _run
    self._context.run(self._callback, *self._args)
    ~~~~~~~~~~~~~~~~~^^^^^^^^^^^^^^^^^^^^^^^^^^^^^
  File "C:\Python314\Lib\asyncio\proactor_events.py", line 165, in _call_connection_lost
    self._sock.shutdown(socket.SHUT_RDWR)
    ~~~~~~~~~~~~~~~~~~~^^^^^^^^^^^^^^^^^^
ConnectionResetError: [WinError 10054] Eine vorhandene Verbindung wurde vom Remotehost geschlossen
WARNING:  Unsupported upgrade request.
WARNING:  No supported WebSocket library detected. Please use "pip install 'uvicorn[standard]'", or install 'websockets' or 'wsproto' manually.
2026-07-09 04:13:08,271 - asyncio - ERROR - Exception in callback _ProactorBasePipeTransport._call_connection_lost()
handle: <Handle _ProactorBasePipeTransport._call_connection_lost()>
Traceback (most recent call last):
  File "C:\Python314\Lib\asyncio\events.py", line 94, in _run
    self._context.run(self._callback, *self._args)
    ~~~~~~~~~~~~~~~~~^^^^^^^^^^^^^^^^^^^^^^^^^^^^^
  File "C:\Python314\Lib\asyncio\proactor_events.py", line 165, in _call_connection_lost
    self._sock.shutdown(socket.SHUT_RDWR)
    ~~~~~~~~~~~~~~~~~~~^^^^^^^^^^^^^^^^^^
ConnectionResetError: [WinError 10054] Eine vorhandene Verbindung wurde vom Remotehost geschlossen
WARNING:  Unsupported upgrade request.
WARNING:  No supported WebSocket library detected. Please use "pip install 'uvicorn[standard]'", or install 'websockets' or 'wsproto' manually.
2026-07-09 04:13:08,576 - asyncio - ERROR - Exception in callback _ProactorBasePipeTransport._call_connection_lost()
handle: <Handle _ProactorBasePipeTransport._call_connection_lost()>
Traceback (most recent call last):
  File "C:\Python314\Lib\asyncio\events.py", line 94, in _run
    self._context.run(self._callback, *self._args)
    ~~~~~~~~~~~~~~~~~^^^^^^^^^^^^^^^^^^^^^^^^^^^^^
  File "C:\Python314\Lib\asyncio\proactor_events.py", line 165, in _call_connection_lost
    self._sock.shutdown(socket.SHUT_RDWR)
    ~~~~~~~~~~~~~~~~~~~^^^^^^^^^^^^^^^^^^
ConnectionResetError: [WinError 10054] Eine vorhandene Verbindung wurde vom Remotehost geschlossen
WARNING:  Unsupported upgrade request.
WARNING:  No supported WebSocket library detected. Please use "pip install 'uvicorn[standard]'", or install 'websockets' or 'wsproto' manually.
WARNING:  Unsupported upgrade request.
WARNING:  No supported WebSocket library detected. Please use "pip install 'uvicorn[standard]'", or install 'websockets' or 'wsproto' manually.
WARNING:  Unsupported upgrade request.
WARNING:  No supported WebSocket library detected. Please use "pip install 'uvicorn[standard]'", or install 'websockets' or 'wsproto' manually.
2026-07-09 04:13:12,929 - asyncio - ERROR - Exception in callback _ProactorBasePipeTransport._call_connection_lost()
handle: <Handle _ProactorBasePipeTransport._call_connection_lost()>
Traceback (most recent call last):
  File "C:\Python314\Lib\asyncio\events.py", line 94, in _run
    self._context.run(self._callback, *self._args)
    ~~~~~~~~~~~~~~~~~^^^^^^^^^^^^^^^^^^^^^^^^^^^^^
  File "C:\Python314\Lib\asyncio\proactor_events.py", line 165, in _call_connection_lost
    self._sock.shutdown(socket.SHUT_RDWR)
    ~~~~~~~~~~~~~~~~~~~^^^^^^^^^^^^^^^^^^
ConnectionResetError: [WinError 10054] Eine vorhandene Verbindung wurde vom Remotehost geschlossen
WARNING:  Unsupported upgrade request.
WARNING:  No supported WebSocket library detected. Please use "pip install 'uvicorn[standard]'", or install 'websockets' or 'wsproto' manually.
2026-07-09 04:13:12,980 - asyncio - ERROR - Exception in callback _ProactorBasePipeTransport._call_connection_lost()
handle: <Handle _ProactorBasePipeTransport._call_connection_lost()>
Traceback (most recent call last):
  File "C:\Python314\Lib\asyncio\events.py", line 94, in _run
    self._context.run(self._callback, *self._args)
    ~~~~~~~~~~~~~~~~~^^^^^^^^^^^^^^^^^^^^^^^^^^^^^
  File "C:\Python314\Lib\asyncio\proactor_events.py", line 165, in _call_connection_lost
    self._sock.shutdown(socket.SHUT_RDWR)
    ~~~~~~~~~~~~~~~~~~~^^^^^^^^^^^^^^^^^^
ConnectionResetError: [WinError 10054] Eine vorhandene Verbindung wurde vom Remotehost geschlossen
WARNING:  Unsupported upgrade request.
WARNING:  No supported WebSocket library detected. Please use "pip install 'uvicorn[standard]'", or install 'websockets' or 'wsproto' manually.
2026-07-09 04:13:14,396 - asyncio - ERROR - Exception in callback _ProactorBasePipeTransport._call_connection_lost()
handle: <Handle _ProactorBasePipeTransport._call_connection_lost()>
Traceback (most recent call last):
  File "C:\Python314\Lib\asyncio\events.py", line 94, in _run
    self._context.run(self._callback, *self._args)
    ~~~~~~~~~~~~~~~~~^^^^^^^^^^^^^^^^^^^^^^^^^^^^^
  File "C:\Python314\Lib\asyncio\proactor_events.py", line 165, in _call_connection_lost
    self._sock.shutdown(socket.SHUT_RDWR)
    ~~~~~~~~~~~~~~~~~~~^^^^^^^^^^^^^^^^^^
ConnectionResetError: [WinError 10054] Eine vorhandene Verbindung wurde vom Remotehost geschlossen
WARNING:  Unsupported upgrade request.
WARNING:  No supported WebSocket library detected. Please use "pip install 'uvicorn[standard]'", or install 'websockets' or 'wsproto' manually.
WARNING:  Unsupported upgrade request.
WARNING:  No supported WebSocket library detected. Please use "pip install 'uvicorn[standard]'", or install 'websockets' or 'wsproto' manually.
WARNING:  Unsupported upgrade request.
WARNING:  No supported WebSocket library detected. Please use "pip install 'uvicorn[standard]'", or install 'websockets' or 'wsproto' manually.
2026-07-09 04:13:17,226 - asyncio - ERROR - Exception in callback _ProactorBasePipeTransport._call_connection_lost()
handle: <Handle _ProactorBasePipeTransport._call_connection_lost()>
Traceback (most recent call last):
  File "C:\Python314\Lib\asyncio\events.py", line 94, in _run
    self._context.run(self._callback, *self._args)
    ~~~~~~~~~~~~~~~~~^^^^^^^^^^^^^^^^^^^^^^^^^^^^^
  File "C:\Python314\Lib\asyncio\proactor_events.py", line 165, in _call_connection_lost
    self._sock.shutdown(socket.SHUT_RDWR)
    ~~~~~~~~~~~~~~~~~~~^^^^^^^^^^^^^^^^^^
ConnectionResetError: [WinError 10054] Eine vorhandene Verbindung wurde vom Remotehost geschlossen
WARNING:  Unsupported upgrade request.
WARNING:  No supported WebSocket library detected. Please use "pip install 'uvicorn[standard]'", or install 'websockets' or 'wsproto' manually.
2026-07-09 04:13:18,616 - asyncio - ERROR - Exception in callback _ProactorBasePipeTransport._call_connection_lost()
handle: <Handle _ProactorBasePipeTransport._call_connection_lost()>
Traceback (most recent call last):
  File "C:\Python314\Lib\asyncio\events.py", line 94, in _run
    self._context.run(self._callback, *self._args)
    ~~~~~~~~~~~~~~~~~^^^^^^^^^^^^^^^^^^^^^^^^^^^^^
  File "C:\Python314\Lib\asyncio\proactor_events.py", line 165, in _call_connection_lost
    self._sock.shutdown(socket.SHUT_RDWR)
    ~~~~~~~~~~~~~~~~~~~^^^^^^^^^^^^^^^^^^
ConnectionResetError: [WinError 10054] Eine vorhandene Verbindung wurde vom Remotehost geschlossen
WARNING:  Unsupported upgrade request.
WARNING:  No supported WebSocket library detected. Please use "pip install 'uvicorn[standard]'", or install 'websockets' or 'wsproto' manually.
2026-07-09 04:13:20,742 - asyncio - ERROR - Exception in callback _ProactorBasePipeTransport._call_connection_lost()
handle: <Handle _ProactorBasePipeTransport._call_connection_lost()>
Traceback (most recent call last):
  File "C:\Python314\Lib\asyncio\events.py", line 94, in _run
    self._context.run(self._callback, *self._args)
    ~~~~~~~~~~~~~~~~~^^^^^^^^^^^^^^^^^^^^^^^^^^^^^
  File "C:\Python314\Lib\asyncio\proactor_events.py", line 165, in _call_connection_lost
    self._sock.shutdown(socket.SHUT_RDWR)
    ~~~~~~~~~~~~~~~~~~~^^^^^^^^^^^^^^^^^^
ConnectionResetError: [WinError 10054] Eine vorhandene Verbindung wurde vom Remotehost geschlossen
WARNING:  Unsupported upgrade request.
WARNING:  No supported WebSocket library detected. Please use "pip install 'uvicorn[standard]'", or install 'websockets' or 'wsproto' manually.
2026-07-09 04:13:21,197 - asyncio - ERROR - Exception in callback _ProactorBasePipeTransport._call_connection_lost()
handle: <Handle _ProactorBasePipeTransport._call_connection_lost()>
Traceback (most recent call last):
  File "C:\Python314\Lib\asyncio\events.py", line 94, in _run
    self._context.run(self._callback, *self._args)
    ~~~~~~~~~~~~~~~~~^^^^^^^^^^^^^^^^^^^^^^^^^^^^^
  File "C:\Python314\Lib\asyncio\proactor_events.py", line 165, in _call_connection_lost
    self._sock.shutdown(socket.SHUT_RDWR)
    ~~~~~~~~~~~~~~~~~~~^^^^^^^^^^^^^^^^^^
ConnectionResetError: [WinError 10054] Eine vorhandene Verbindung wurde vom Remotehost geschlossen
WARNING:  Unsupported upgrade request.
WARNING:  No supported WebSocket library detected. Please use "pip install 'uvicorn[standard]'", or install 'websockets' or 'wsproto' manually.
WARNING:  Unsupported upgrade request.
WARNING:  No supported WebSocket library detected. Please use "pip install 'uvicorn[standard]'", or install 'websockets' or 'wsproto' manually.
2026-07-09 04:13:21,669 - asyncio - ERROR - Exception in callback _ProactorBasePipeTransport._call_connection_lost()
handle: <Handle _ProactorBasePipeTransport._call_connection_lost()>
Traceback (most recent call last):
  File "C:\Python314\Lib\asyncio\events.py", line 94, in _run
    self._context.run(self._callback, *self._args)
    ~~~~~~~~~~~~~~~~~^^^^^^^^^^^^^^^^^^^^^^^^^^^^^
  File "C:\Python314\Lib\asyncio\proactor_events.py", line 165, in _call_connection_lost
    self._sock.shutdown(socket.SHUT_RDWR)
    ~~~~~~~~~~~~~~~~~~~^^^^^^^^^^^^^^^^^^
ConnectionResetError: [WinError 10054] Eine vorhandene Verbindung wurde vom Remotehost geschlossen
WARNING:  Unsupported upgrade request.
WARNING:  No supported WebSocket library detected. Please use "pip install 'uvicorn[standard]'", or install 'websockets' or 'wsproto' manually.
2026-07-09 04:13:23,099 - asyncio - ERROR - Exception in callback _ProactorBasePipeTransport._call_connection_lost()
handle: <Handle _ProactorBasePipeTransport._call_connection_lost()>
Traceback (most recent call last):
  File "C:\Python314\Lib\asyncio\events.py", line 94, in _run
    self._context.run(self._callback, *self._args)
    ~~~~~~~~~~~~~~~~~^^^^^^^^^^^^^^^^^^^^^^^^^^^^^
  File "C:\Python314\Lib\asyncio\proactor_events.py", line 165, in _call_connection_lost
    self._sock.shutdown(socket.SHUT_RDWR)
    ~~~~~~~~~~~~~~~~~~~^^^^^^^^^^^^^^^^^^
ConnectionResetError: [WinError 10054] Eine vorhandene Verbindung wurde vom Remotehost geschlossen
WARNING:  Unsupported upgrade request.
WARNING:  No supported WebSocket library detected. Please use "pip install 'uvicorn[standard]'", or install 'websockets' or 'wsproto' manually.
2026-07-09 04:13:25,645 - asyncio - ERROR - Exception in callback _ProactorBasePipeTransport._call_connection_lost()
handle: <Handle _ProactorBasePipeTransport._call_connection_lost()>
Traceback (most recent call last):
  File "C:\Python314\Lib\asyncio\events.py", line 94, in _run
    self._context.run(self._callback, *self._args)
    ~~~~~~~~~~~~~~~~~^^^^^^^^^^^^^^^^^^^^^^^^^^^^^
  File "C:\Python314\Lib\asyncio\proactor_events.py", line 165, in _call_connection_lost
    self._sock.shutdown(socket.SHUT_RDWR)
    ~~~~~~~~~~~~~~~~~~~^^^^^^^^^^^^^^^^^^
ConnectionResetError: [WinError 10054] Eine vorhandene Verbindung wurde vom Remotehost geschlossen
WARNING:  Unsupported upgrade request.
WARNING:  No supported WebSocket library detected. Please use "pip install 'uvicorn[standard]'", or install 'websockets' or 'wsproto' manually.
WARNING:  Unsupported upgrade request.
WARNING:  No supported WebSocket library detected. Please use "pip install 'uvicorn[standard]'", or install 'websockets' or 'wsproto' manually.
WARNING:  Unsupported upgrade request.
WARNING:  No supported WebSocket library detected. Please use "pip install 'uvicorn[standard]'", or install 'websockets' or 'wsproto' manually.
WARNING:  Unsupported upgrade request.
WARNING:  No supported WebSocket library detected. Please use "pip install 'uvicorn[standard]'", or install 'websockets' or 'wsproto' manually.
WARNING:  Unsupported upgrade request.
WARNING:  No supported WebSocket library detected. Please use "pip install 'uvicorn[standard]'", or install 'websockets' or 'wsproto' manually.
2026-07-09 04:13:29,969 - asyncio - ERROR - Exception in callback _ProactorBasePipeTransport._call_connection_lost()
handle: <Handle _ProactorBasePipeTransport._call_connection_lost()>
Traceback (most recent call last):
  File "C:\Python314\Lib\asyncio\events.py", line 94, in _run
    self._context.run(self._callback, *self._args)
    ~~~~~~~~~~~~~~~~~^^^^^^^^^^^^^^^^^^^^^^^^^^^^^
  File "C:\Python314\Lib\asyncio\proactor_events.py", line 165, in _call_connection_lost
    self._sock.shutdown(socket.SHUT_RDWR)
    ~~~~~~~~~~~~~~~~~~~^^^^^^^^^^^^^^^^^^
ConnectionResetError: [WinError 10054] Eine vorhandene Verbindung wurde vom Remotehost geschlossen
WARNING:  Unsupported upgrade request.
WARNING:  No supported WebSocket library detected. Please use "pip install 'uvicorn[standard]'", or install 'websockets' or 'wsproto' manually.
2026-07-09 04:13:31,221 - asyncio - ERROR - Exception in callback _ProactorBasePipeTransport._call_connection_lost()
handle: <Handle _ProactorBasePipeTransport._call_connection_lost()>
Traceback (most recent call last):
  File "C:\Python314\Lib\asyncio\events.py", line 94, in _run
    self._context.run(self._callback, *self._args)
    ~~~~~~~~~~~~~~~~~^^^^^^^^^^^^^^^^^^^^^^^^^^^^^
  File "C:\Python314\Lib\asyncio\proactor_events.py", line 165, in _call_connection_lost
    self._sock.shutdown(socket.SHUT_RDWR)
    ~~~~~~~~~~~~~~~~~~~^^^^^^^^^^^^^^^^^^
ConnectionResetError: [WinError 10054] Eine vorhandene Verbindung wurde vom Remotehost geschlossen
WARNING:  Unsupported upgrade request.
WARNING:  No supported WebSocket library detected. Please use "pip install 'uvicorn[standard]'", or install 'websockets' or 'wsproto' manually.
WARNING:  Unsupported upgrade request.
WARNING:  No supported WebSocket library detected. Please use "pip install 'uvicorn[standard]'", or install 'websockets' or 'wsproto' manually.
2026-07-09 04:13:33,289 - asyncio - ERROR - Exception in callback _ProactorBasePipeTransport._call_connection_lost()
handle: <Handle _ProactorBasePipeTransport._call_connection_lost()>
Traceback (most recent call last):
  File "C:\Python314\Lib\asyncio\events.py", line 94, in _run
    self._context.run(self._callback, *self._args)
    ~~~~~~~~~~~~~~~~~^^^^^^^^^^^^^^^^^^^^^^^^^^^^^
  File "C:\Python314\Lib\asyncio\proactor_events.py", line 165, in _call_connection_lost
    self._sock.shutdown(socket.SHUT_RDWR)
    ~~~~~~~~~~~~~~~~~~~^^^^^^^^^^^^^^^^^^
ConnectionResetError: [WinError 10054] Eine vorhandene Verbindung wurde vom Remotehost geschlossen
WARNING:  Unsupported upgrade request.
WARNING:  No supported WebSocket library detected. Please use "pip install 'uvicorn[standard]'", or install 'websockets' or 'wsproto' manually.
2026-07-09 04:13:34,555 - asyncio - ERROR - Exception in callback _ProactorBasePipeTransport._call_connection_lost()
handle: <Handle _ProactorBasePipeTransport._call_connection_lost()>
Traceback (most recent call last):
  File "C:\Python314\Lib\asyncio\events.py", line 94, in _run
    self._context.run(self._callback, *self._args)
    ~~~~~~~~~~~~~~~~~^^^^^^^^^^^^^^^^^^^^^^^^^^^^^
  File "C:\Python314\Lib\asyncio\proactor_events.py", line 165, in _call_connection_lost
    self._sock.shutdown(socket.SHUT_RDWR)
    ~~~~~~~~~~~~~~~~~~~^^^^^^^^^^^^^^^^^^
ConnectionResetError: [WinError 10054] Eine vorhandene Verbindung wurde vom Remotehost geschlossen
WARNING:  Unsupported upgrade request.
WARNING:  No supported WebSocket library detected. Please use "pip install 'uvicorn[standard]'", or install 'websockets' or 'wsproto' manually.
WARNING:  Unsupported upgrade request.
WARNING:  No supported WebSocket library detected. Please use "pip install 'uvicorn[standard]'", or install 'websockets' or 'wsproto' manually.
WARNING:  Unsupported upgrade request.
WARNING:  No supported WebSocket library detected. Please use "pip install 'uvicorn[standard]'", or install 'websockets' or 'wsproto' manually.
WARNING:  Unsupported upgrade request.
WARNING:  No supported WebSocket library detected. Please use "pip install 'uvicorn[standard]'", or install 'websockets' or 'wsproto' manually.
WARNING:  Unsupported upgrade request.
WARNING:  No supported WebSocket library detected. Please use "pip install 'uvicorn[standard]'", or install 'websockets' or 'wsproto' manually.
WARNING:  Unsupported upgrade request.
WARNING:  No supported WebSocket library detected. Please use "pip install 'uvicorn[standard]'", or install 'websockets' or 'wsproto' manually.
WARNING:  Unsupported upgrade request.
WARNING:  No supported WebSocket library detected. Please use "pip install 'uvicorn[standard]'", or install 'websockets' or 'wsproto' manually.
WARNING:  Unsupported upgrade request.
WARNING:  No supported WebSocket library detected. Please use "pip install 'uvicorn[standard]'", or install 'websockets' or 'wsproto' manually.
2026-07-09 04:13:42,248 - asyncio - ERROR - Exception in callback _ProactorBasePipeTransport._call_connection_lost()
handle: <Handle _ProactorBasePipeTransport._call_connection_lost()>
Traceback (most recent call last):
  File "C:\Python314\Lib\asyncio\events.py", line 94, in _run
    self._context.run(self._callback, *self._args)
    ~~~~~~~~~~~~~~~~~^^^^^^^^^^^^^^^^^^^^^^^^^^^^^
  File "C:\Python314\Lib\asyncio\proactor_events.py", line 165, in _call_connection_lost
    self._sock.shutdown(socket.SHUT_RDWR)
    ~~~~~~~~~~~~~~~~~~~^^^^^^^^^^^^^^^^^^
ConnectionResetError: [WinError 10054] Eine vorhandene Verbindung wurde vom Remotehost geschlossen
WARNING:  Unsupported upgrade request.
WARNING:  No supported WebSocket library detected. Please use "pip install 'uvicorn[standard]'", or install 'websockets' or 'wsproto' manually.
WARNING:  Unsupported upgrade request.
WARNING:  No supported WebSocket library detected. Please use "pip install 'uvicorn[standard]'", or install 'websockets' or 'wsproto' manually.
2026-07-09 04:13:44,062 - asyncio - ERROR - Exception in callback _ProactorBasePipeTransport._call_connection_lost()
handle: <Handle _ProactorBasePipeTransport._call_connection_lost()>
Traceback (most recent call last):
  File "C:\Python314\Lib\asyncio\events.py", line 94, in _run
    self._context.run(self._callback, *self._args)
    ~~~~~~~~~~~~~~~~~^^^^^^^^^^^^^^^^^^^^^^^^^^^^^
  File "C:\Python314\Lib\asyncio\proactor_events.py", line 165, in _call_connection_lost
    self._sock.shutdown(socket.SHUT_RDWR)
    ~~~~~~~~~~~~~~~~~~~^^^^^^^^^^^^^^^^^^
ConnectionResetError: [WinError 10054] Eine vorhandene Verbindung wurde vom Remotehost geschlossen
WARNING:  Unsupported upgrade request.
WARNING:  No supported WebSocket library detected. Please use "pip install 'uvicorn[standard]'", or install 'websockets' or 'wsproto' manually.
2026-07-09 04:13:45,313 - asyncio - ERROR - Exception in callback _ProactorBasePipeTransport._call_connection_lost()
handle: <Handle _ProactorBasePipeTransport._call_connection_lost()>
Traceback (most recent call last):
  File "C:\Python314\Lib\asyncio\events.py", line 94, in _run
    self._context.run(self._callback, *self._args)
    ~~~~~~~~~~~~~~~~~^^^^^^^^^^^^^^^^^^^^^^^^^^^^^
  File "C:\Python314\Lib\asyncio\proactor_events.py", line 165, in _call_connection_lost
    self._sock.shutdown(socket.SHUT_RDWR)
    ~~~~~~~~~~~~~~~~~~~^^^^^^^^^^^^^^^^^^
ConnectionResetError: [WinError 10054] Eine vorhandene Verbindung wurde vom Remotehost geschlossen
WARNING:  Unsupported upgrade request.
WARNING:  No supported WebSocket library detected. Please use "pip install 'uvicorn[standard]'", or install 'websockets' or 'wsproto' manually.
WARNING:  Unsupported upgrade request.
WARNING:  No supported WebSocket library detected. Please use "pip install 'uvicorn[standard]'", or install 'websockets' or 'wsproto' manually.
2026-07-09 04:13:46,246 - asyncio - ERROR - Exception in callback _ProactorBasePipeTransport._call_connection_lost()
handle: <Handle _ProactorBasePipeTransport._call_connection_lost()>
Traceback (most recent call last):
  File "C:\Python314\Lib\asyncio\events.py", line 94, in _run
    self._context.run(self._callback, *self._args)
    ~~~~~~~~~~~~~~~~~^^^^^^^^^^^^^^^^^^^^^^^^^^^^^
  File "C:\Python314\Lib\asyncio\proactor_events.py", line 165, in _call_connection_lost
    self._sock.shutdown(socket.SHUT_RDWR)
    ~~~~~~~~~~~~~~~~~~~^^^^^^^^^^^^^^^^^^
ConnectionResetError: [WinError 10054] Eine vorhandene Verbindung wurde vom Remotehost geschlossen
WARNING:  Unsupported upgrade request.
WARNING:  No supported WebSocket library detected. Please use "pip install 'uvicorn[standard]'", or install 'websockets' or 'wsproto' manually.
WARNING:  Unsupported upgrade request.
WARNING:  No supported WebSocket library detected. Please use "pip install 'uvicorn[standard]'", or install 'websockets' or 'wsproto' manually.
WARNING:  Unsupported upgrade request.
WARNING:  No supported WebSocket library detected. Please use "pip install 'uvicorn[standard]'", or install 'websockets' or 'wsproto' manually.
WARNING:  Unsupported upgrade request.
WARNING:  No supported WebSocket library detected. Please use "pip install 'uvicorn[standard]'", or install 'websockets' or 'wsproto' manually.
WARNING:  Unsupported upgrade request.
WARNING:  No supported WebSocket library detected. Please use "pip install 'uvicorn[standard]'", or install 'websockets' or 'wsproto' manually.
WARNING:  Unsupported upgrade request.
WARNING:  No supported WebSocket library detected. Please use "pip install 'uvicorn[standard]'", or install 'websockets' or 'wsproto' manually.
WARNING:  Unsupported upgrade request.
WARNING:  No supported WebSocket library detected. Please use "pip install 'uvicorn[standard]'", or install 'websockets' or 'wsproto' manually.
2026-07-09 04:13:52,150 - asyncio - ERROR - Exception in callback _ProactorBasePipeTransport._call_connection_lost()
handle: <Handle _ProactorBasePipeTransport._call_connection_lost()>
Traceback (most recent call last):
  File "C:\Python314\Lib\asyncio\events.py", line 94, in _run
    self._context.run(self._callback, *self._args)
    ~~~~~~~~~~~~~~~~~^^^^^^^^^^^^^^^^^^^^^^^^^^^^^
  File "C:\Python314\Lib\asyncio\proactor_events.py", line 165, in _call_connection_lost
    self._sock.shutdown(socket.SHUT_RDWR)
    ~~~~~~~~~~~~~~~~~~~^^^^^^^^^^^^^^^^^^
ConnectionResetError: [WinError 10054] Eine vorhandene Verbindung wurde vom Remotehost geschlossen
WARNING:  Unsupported upgrade request.
WARNING:  No supported WebSocket library detected. Please use "pip install 'uvicorn[standard]'", or install 'websockets' or 'wsproto' manually.
WARNING:  Unsupported upgrade request.
WARNING:  No supported WebSocket library detected. Please use "pip install 'uvicorn[standard]'", or install 'websockets' or 'wsproto' manually.
2026-07-09 04:13:53,244 - asyncio - ERROR - Exception in callback _ProactorBasePipeTransport._call_connection_lost()
handle: <Handle _ProactorBasePipeTransport._call_connection_lost()>
Traceback (most recent call last):
  File "C:\Python314\Lib\asyncio\events.py", line 94, in _run
    self._context.run(self._callback, *self._args)
    ~~~~~~~~~~~~~~~~~^^^^^^^^^^^^^^^^^^^^^^^^^^^^^
  File "C:\Python314\Lib\asyncio\proactor_events.py", line 165, in _call_connection_lost
    self._sock.shutdown(socket.SHUT_RDWR)
    ~~~~~~~~~~~~~~~~~~~^^^^^^^^^^^^^^^^^^
ConnectionResetError: [WinError 10054] Eine vorhandene Verbindung wurde vom Remotehost geschlossen
WARNING:  Unsupported upgrade request.
WARNING:  No supported WebSocket library detected. Please use "pip install 'uvicorn[standard]'", or install 'websockets' or 'wsproto' manually.
WARNING:  Unsupported upgrade request.
WARNING:  No supported WebSocket library detected. Please use "pip install 'uvicorn[standard]'", or install 'websockets' or 'wsproto' manually.
WARNING:  Unsupported upgrade request.
WARNING:  No supported WebSocket library detected. Please use "pip install 'uvicorn[standard]'", or install 'websockets' or 'wsproto' manually.
2026-07-09 04:13:56,237 - asyncio - ERROR - Exception in callback _ProactorBasePipeTransport._call_connection_lost()
handle: <Handle _ProactorBasePipeTransport._call_connection_lost()>
Traceback (most recent call last):
  File "C:\Python314\Lib\asyncio\events.py", line 94, in _run
    self._context.run(self._callback, *self._args)
    ~~~~~~~~~~~~~~~~~^^^^^^^^^^^^^^^^^^^^^^^^^^^^^
  File "C:\Python314\Lib\asyncio\proactor_events.py", line 165, in _call_connection_lost
    self._sock.shutdown(socket.SHUT_RDWR)
    ~~~~~~~~~~~~~~~~~~~^^^^^^^^^^^^^^^^^^
ConnectionResetError: [WinError 10054] Eine vorhandene Verbindung wurde vom Remotehost geschlossen
WARNING:  Unsupported upgrade request.
WARNING:  No supported WebSocket library detected. Please use "pip install 'uvicorn[standard]'", or install 'websockets' or 'wsproto' manually.
2026-07-09 04:13:56,249 - asyncio - ERROR - Exception in callback _ProactorBasePipeTransport._call_connection_lost()
handle: <Handle _ProactorBasePipeTransport._call_connection_lost()>
Traceback (most recent call last):
  File "C:\Python314\Lib\asyncio\events.py", line 94, in _run
    self._context.run(self._callback, *self._args)
    ~~~~~~~~~~~~~~~~~^^^^^^^^^^^^^^^^^^^^^^^^^^^^^
  File "C:\Python314\Lib\asyncio\proactor_events.py", line 165, in _call_connection_lost
    self._sock.shutdown(socket.SHUT_RDWR)
    ~~~~~~~~~~~~~~~~~~~^^^^^^^^^^^^^^^^^^
ConnectionResetError: [WinError 10054] Eine vorhandene Verbindung wurde vom Remotehost geschlossen
WARNING:  Unsupported upgrade request.
WARNING:  No supported WebSocket library detected. Please use "pip install 'uvicorn[standard]'", or install 'websockets' or 'wsproto' manually.
2026-07-09 04:13:57,251 - asyncio - ERROR - Exception in callback _ProactorBasePipeTransport._call_connection_lost()
handle: <Handle _ProactorBasePipeTransport._call_connection_lost()>
Traceback (most recent call last):
  File "C:\Python314\Lib\asyncio\events.py", line 94, in _run
    self._context.run(self._callback, *self._args)
    ~~~~~~~~~~~~~~~~~^^^^^^^^^^^^^^^^^^^^^^^^^^^^^
  File "C:\Python314\Lib\asyncio\proactor_events.py", line 165, in _call_connection_lost
    self._sock.shutdown(socket.SHUT_RDWR)
    ~~~~~~~~~~~~~~~~~~~^^^^^^^^^^^^^^^^^^
ConnectionResetError: [WinError 10054] Eine vorhandene Verbindung wurde vom Remotehost geschlossen
WARNING:  Unsupported upgrade request.
WARNING:  No supported WebSocket library detected. Please use "pip install 'uvicorn[standard]'", or install 'websockets' or 'wsproto' manually.
2026-07-09 04:13:58,058 - asyncio - ERROR - Exception in callback _ProactorBasePipeTransport._call_connection_lost()
handle: <Handle _ProactorBasePipeTransport._call_connection_lost()>
Traceback (most recent call last):
  File "C:\Python314\Lib\asyncio\events.py", line 94, in _run
    self._context.run(self._callback, *self._args)
    ~~~~~~~~~~~~~~~~~^^^^^^^^^^^^^^^^^^^^^^^^^^^^^
  File "C:\Python314\Lib\asyncio\proactor_events.py", line 165, in _call_connection_lost
    self._sock.shutdown(socket.SHUT_RDWR)
    ~~~~~~~~~~~~~~~~~~~^^^^^^^^^^^^^^^^^^
ConnectionResetError: [WinError 10054] Eine vorhandene Verbindung wurde vom Remotehost geschlossen
WARNING:  Unsupported upgrade request.
WARNING:  No supported WebSocket library detected. Please use "pip install 'uvicorn[standard]'", or install 'websockets' or 'wsproto' manually.
WARNING:  Unsupported upgrade request.
WARNING:  No supported WebSocket library detected. Please use "pip install 'uvicorn[standard]'", or install 'websockets' or 'wsproto' manually.
2026-07-09 04:14:00,241 - asyncio - ERROR - Exception in callback _ProactorBasePipeTransport._call_connection_lost()
handle: <Handle _ProactorBasePipeTransport._call_connection_lost()>
Traceback (most recent call last):
  File "C:\Python314\Lib\asyncio\events.py", line 94, in _run
    self._context.run(self._callback, *self._args)
    ~~~~~~~~~~~~~~~~~^^^^^^^^^^^^^^^^^^^^^^^^^^^^^
  File "C:\Python314\Lib\asyncio\proactor_events.py", line 165, in _call_connection_lost
    self._sock.shutdown(socket.SHUT_RDWR)
    ~~~~~~~~~~~~~~~~~~~^^^^^^^^^^^^^^^^^^
ConnectionResetError: [WinError 10054] Eine vorhandene Verbindung wurde vom Remotehost geschlossen
WARNING:  Unsupported upgrade request.
WARNING:  No supported WebSocket library detected. Please use "pip install 'uvicorn[standard]'", or install 'websockets' or 'wsproto' manually.
WARNING:  Unsupported upgrade request.
WARNING:  No supported WebSocket library detected. Please use "pip install 'uvicorn[standard]'", or install 'websockets' or 'wsproto' manually.
WARNING:  Unsupported upgrade request.
WARNING:  No supported WebSocket library detected. Please use "pip install 'uvicorn[standard]'", or install 'websockets' or 'wsproto' manually.
WARNING:  Unsupported upgrade request.
WARNING:  No supported WebSocket library detected. Please use "pip install 'uvicorn[standard]'", or install 'websockets' or 'wsproto' manually.
WARNING:  Unsupported upgrade request.
WARNING:  No supported WebSocket library detected. Please use "pip install 'uvicorn[standard]'", or install 'websockets' or 'wsproto' manually.
WARNING:  Unsupported upgrade request.
WARNING:  No supported WebSocket library detected. Please use "pip install 'uvicorn[standard]'", or install 'websockets' or 'wsproto' manually.
2026-07-09 04:14:05,238 - asyncio - ERROR - Exception in callback _ProactorBasePipeTransport._call_connection_lost()
handle: <Handle _ProactorBasePipeTransport._call_connection_lost()>
Traceback (most recent call last):
  File "C:\Python314\Lib\asyncio\events.py", line 94, in _run
    self._context.run(self._callback, *self._args)
    ~~~~~~~~~~~~~~~~~^^^^^^^^^^^^^^^^^^^^^^^^^^^^^
  File "C:\Python314\Lib\asyncio\proactor_events.py", line 165, in _call_connection_lost
    self._sock.shutdown(socket.SHUT_RDWR)
    ~~~~~~~~~~~~~~~~~~~^^^^^^^^^^^^^^^^^^
ConnectionResetError: [WinError 10054] Eine vorhandene Verbindung wurde vom Remotehost geschlossen
WARNING:  Unsupported upgrade request.
WARNING:  No supported WebSocket library detected. Please use "pip install 'uvicorn[standard]'", or install 'websockets' or 'wsproto' manually.
WARNING:  Unsupported upgrade request.
WARNING:  No supported WebSocket library detected. Please use "pip install 'uvicorn[standard]'", or install 'websockets' or 'wsproto' manually.
WARNING:  Unsupported upgrade request.
WARNING:  No supported WebSocket library detected. Please use "pip install 'uvicorn[standard]'", or install 'websockets' or 'wsproto' manually.
2026-07-09 04:14:06,240 - asyncio - ERROR - Exception in callback _ProactorBasePipeTransport._call_connection_lost()
handle: <Handle _ProactorBasePipeTransport._call_connection_lost()>
Traceback (most recent call last):
  File "C:\Python314\Lib\asyncio\events.py", line 94, in _run
    self._context.run(self._callback, *self._args)
    ~~~~~~~~~~~~~~~~~^^^^^^^^^^^^^^^^^^^^^^^^^^^^^
  File "C:\Python314\Lib\asyncio\proactor_events.py", line 165, in _call_connection_lost
    self._sock.shutdown(socket.SHUT_RDWR)
    ~~~~~~~~~~~~~~~~~~~^^^^^^^^^^^^^^^^^^
ConnectionResetError: [WinError 10054] Eine vorhandene Verbindung wurde vom Remotehost geschlossen
WARNING:  Unsupported upgrade request.
WARNING:  No supported WebSocket library detected. Please use "pip install 'uvicorn[standard]'", or install 'websockets' or 'wsproto' manually.
WARNING:  Unsupported upgrade request.
WARNING:  No supported WebSocket library detected. Please use "pip install 'uvicorn[standard]'", or install 'websockets' or 'wsproto' manually.
WARNING:  Unsupported upgrade request.
WARNING:  No supported WebSocket library detected. Please use "pip install 'uvicorn[standard]'", or install 'websockets' or 'wsproto' manually.
2026-07-09 04:14:10,238 - asyncio - ERROR - Exception in callback _ProactorBasePipeTransport._call_connection_lost()
handle: <Handle _ProactorBasePipeTransport._call_connection_lost()>
Traceback (most recent call last):
  File "C:\Python314\Lib\asyncio\events.py", line 94, in _run
    self._context.run(self._callback, *self._args)
    ~~~~~~~~~~~~~~~~~^^^^^^^^^^^^^^^^^^^^^^^^^^^^^
  File "C:\Python314\Lib\asyncio\proactor_events.py", line 165, in _call_connection_lost
    self._sock.shutdown(socket.SHUT_RDWR)
    ~~~~~~~~~~~~~~~~~~~^^^^^^^^^^^^^^^^^^
ConnectionResetError: [WinError 10054] Eine vorhandene Verbindung wurde vom Remotehost geschlossen
WARNING:  Unsupported upgrade request.
WARNING:  No supported WebSocket library detected. Please use "pip install 'uvicorn[standard]'", or install 'websockets' or 'wsproto' manually.
2026-07-09 04:14:11,235 - asyncio - ERROR - Exception in callback _ProactorBasePipeTransport._call_connection_lost()
handle: <Handle _ProactorBasePipeTransport._call_connection_lost()>
Traceback (most recent call last):
  File "C:\Python314\Lib\asyncio\events.py", line 94, in _run
    self._context.run(self._callback, *self._args)
    ~~~~~~~~~~~~~~~~~^^^^^^^^^^^^^^^^^^^^^^^^^^^^^
  File "C:\Python314\Lib\asyncio\proactor_events.py", line 165, in _call_connection_lost
    self._sock.shutdown(socket.SHUT_RDWR)
    ~~~~~~~~~~~~~~~~~~~^^^^^^^^^^^^^^^^^^
ConnectionResetError: [WinError 10054] Eine vorhandene Verbindung wurde vom Remotehost geschlossen
WARNING:  Unsupported upgrade request.
WARNING:  No supported WebSocket library detected. Please use "pip install 'uvicorn[standard]'", or install 'websockets' or 'wsproto' manually.
WARNING:  Unsupported upgrade request.
WARNING:  No supported WebSocket library detected. Please use "pip install 'uvicorn[standard]'", or install 'websockets' or 'wsproto' manually.
WARNING:  Unsupported upgrade request.
WARNING:  No supported WebSocket library detected. Please use "pip install 'uvicorn[standard]'", or install 'websockets' or 'wsproto' manually.
2026-07-09 04:14:12,262 - asyncio - ERROR - Exception in callback _ProactorBasePipeTransport._call_connection_lost()
handle: <Handle _ProactorBasePipeTransport._call_connection_lost()>
Traceback (most recent call last):
  File "C:\Python314\Lib\asyncio\events.py", line 94, in _run
    self._context.run(self._callback, *self._args)
    ~~~~~~~~~~~~~~~~~^^^^^^^^^^^^^^^^^^^^^^^^^^^^^
  File "C:\Python314\Lib\asyncio\proactor_events.py", line 165, in _call_connection_lost
    self._sock.shutdown(socket.SHUT_RDWR)
    ~~~~~~~~~~~~~~~~~~~^^^^^^^^^^^^^^^^^^
ConnectionResetError: [WinError 10054] Eine vorhandene Verbindung wurde vom Remotehost geschlossen
WARNING:  Unsupported upgrade request.
WARNING:  No supported WebSocket library detected. Please use "pip install 'uvicorn[standard]'", or install 'websockets' or 'wsproto' manually.
2026-07-09 04:14:12,565 - asyncio - ERROR - Exception in callback _ProactorBasePipeTransport._call_connection_lost()
handle: <Handle _ProactorBasePipeTransport._call_connection_lost()>
Traceback (most recent call last):
  File "C:\Python314\Lib\asyncio\events.py", line 94, in _run
    self._context.run(self._callback, *self._args)
    ~~~~~~~~~~~~~~~~~^^^^^^^^^^^^^^^^^^^^^^^^^^^^^
  File "C:\Python314\Lib\asyncio\proactor_events.py", line 165, in _call_connection_lost
    self._sock.shutdown(socket.SHUT_RDWR)
    ~~~~~~~~~~~~~~~~~~~^^^^^^^^^^^^^^^^^^
ConnectionResetError: [WinError 10054] Eine vorhandene Verbindung wurde vom Remotehost geschlossen
WARNING:  Unsupported upgrade request.
WARNING:  No supported WebSocket library detected. Please use "pip install 'uvicorn[standard]'", or install 'websockets' or 'wsproto' manually.
2026-07-09 04:14:13,262 - asyncio - ERROR - Exception in callback _ProactorBasePipeTransport._call_connection_lost()
handle: <Handle _ProactorBasePipeTransport._call_connection_lost()>
Traceback (most recent call last):
  File "C:\Python314\Lib\asyncio\events.py", line 94, in _run
    self._context.run(self._callback, *self._args)
    ~~~~~~~~~~~~~~~~~^^^^^^^^^^^^^^^^^^^^^^^^^^^^^
  File "C:\Python314\Lib\asyncio\proactor_events.py", line 165, in _call_connection_lost
    self._sock.shutdown(socket.SHUT_RDWR)
    ~~~~~~~~~~~~~~~~~~~^^^^^^^^^^^^^^^^^^
ConnectionResetError: [WinError 10054] Eine vorhandene Verbindung wurde vom Remotehost geschlossen
WARNING:  Unsupported upgrade request.
WARNING:  No supported WebSocket library detected. Please use "pip install 'uvicorn[standard]'", or install 'websockets' or 'wsproto' manually.
WARNING:  Unsupported upgrade request.
WARNING:  No supported WebSocket library detected. Please use "pip install 'uvicorn[standard]'", or install 'websockets' or 'wsproto' manually.
WARNING:  Unsupported upgrade request.
WARNING:  No supported WebSocket library detected. Please use "pip install 'uvicorn[standard]'", or install 'websockets' or 'wsproto' manually.
WARNING:  Unsupported upgrade request.
WARNING:  No supported WebSocket library detected. Please use "pip install 'uvicorn[standard]'", or install 'websockets' or 'wsproto' manually.
WARNING:  Unsupported upgrade request.
WARNING:  No supported WebSocket library detected. Please use "pip install 'uvicorn[standard]'", or install 'websockets' or 'wsproto' manually.
WARNING:  Unsupported upgrade request.
WARNING:  No supported WebSocket library detected. Please use "pip install 'uvicorn[standard]'", or install 'websockets' or 'wsproto' manually.
WARNING:  Unsupported upgrade request.
WARNING:  No supported WebSocket library detected. Please use "pip install 'uvicorn[standard]'", or install 'websockets' or 'wsproto' manually.
2026-07-09 04:14:20,250 - asyncio - ERROR - Exception in callback _ProactorBasePipeTransport._call_connection_lost()
handle: <Handle _ProactorBasePipeTransport._call_connection_lost()>
Traceback (most recent call last):
  File "C:\Python314\Lib\asyncio\events.py", line 94, in _run
    self._context.run(self._callback, *self._args)
    ~~~~~~~~~~~~~~~~~^^^^^^^^^^^^^^^^^^^^^^^^^^^^^
  File "C:\Python314\Lib\asyncio\proactor_events.py", line 165, in _call_connection_lost
    self._sock.shutdown(socket.SHUT_RDWR)
    ~~~~~~~~~~~~~~~~~~~^^^^^^^^^^^^^^^^^^
ConnectionResetError: [WinError 10054] Eine vorhandene Verbindung wurde vom Remotehost geschlossen
WARNING:  Unsupported upgrade request.
WARNING:  No supported WebSocket library detected. Please use "pip install 'uvicorn[standard]'", or install 'websockets' or 'wsproto' manually.
2026-07-09 04:14:20,266 - asyncio - ERROR - Exception in callback _ProactorBasePipeTransport._call_connection_lost()
handle: <Handle _ProactorBasePipeTransport._call_connection_lost()>
Traceback (most recent call last):
  File "C:\Python314\Lib\asyncio\events.py", line 94, in _run
    self._context.run(self._callback, *self._args)
    ~~~~~~~~~~~~~~~~~^^^^^^^^^^^^^^^^^^^^^^^^^^^^^
  File "C:\Python314\Lib\asyncio\proactor_events.py", line 165, in _call_connection_lost
    self._sock.shutdown(socket.SHUT_RDWR)
    ~~~~~~~~~~~~~~~~~~~^^^^^^^^^^^^^^^^^^
ConnectionResetError: [WinError 10054] Eine vorhandene Verbindung wurde vom Remotehost geschlossen
WARNING:  Unsupported upgrade request.
WARNING:  No supported WebSocket library detected. Please use "pip install 'uvicorn[standard]'", or install 'websockets' or 'wsproto' manually.
2026-07-09 04:14:21,249 - asyncio - ERROR - Exception in callback _ProactorBasePipeTransport._call_connection_lost()
handle: <Handle _ProactorBasePipeTransport._call_connection_lost()>
Traceback (most recent call last):
  File "C:\Python314\Lib\asyncio\events.py", line 94, in _run
    self._context.run(self._callback, *self._args)
    ~~~~~~~~~~~~~~~~~^^^^^^^^^^^^^^^^^^^^^^^^^^^^^
  File "C:\Python314\Lib\asyncio\proactor_events.py", line 165, in _call_connection_lost
    self._sock.shutdown(socket.SHUT_RDWR)
    ~~~~~~~~~~~~~~~~~~~^^^^^^^^^^^^^^^^^^
ConnectionResetError: [WinError 10054] Eine vorhandene Verbindung wurde vom Remotehost geschlossen
WARNING:  Unsupported upgrade request.
WARNING:  No supported WebSocket library detected. Please use "pip install 'uvicorn[standard]'", or install 'websockets' or 'wsproto' manually.
2026-07-09 04:14:21,265 - asyncio - ERROR - Exception in callback _ProactorBasePipeTransport._call_connection_lost()
handle: <Handle _ProactorBasePipeTransport._call_connection_lost()>
Traceback (most recent call last):
  File "C:\Python314\Lib\asyncio\events.py", line 94, in _run
    self._context.run(self._callback, *self._args)
    ~~~~~~~~~~~~~~~~~^^^^^^^^^^^^^^^^^^^^^^^^^^^^^
  File "C:\Python314\Lib\asyncio\proactor_events.py", line 165, in _call_connection_lost
    self._sock.shutdown(socket.SHUT_RDWR)
    ~~~~~~~~~~~~~~~~~~~^^^^^^^^^^^^^^^^^^
ConnectionResetError: [WinError 10054] Eine vorhandene Verbindung wurde vom Remotehost geschlossen
WARNING:  Unsupported upgrade request.
WARNING:  No supported WebSocket library detected. Please use "pip install 'uvicorn[standard]'", or install 'websockets' or 'wsproto' manually.
WARNING:  Unsupported upgrade request.
WARNING:  No supported WebSocket library detected. Please use "pip install 'uvicorn[standard]'", or install 'websockets' or 'wsproto' manually.
WARNING:  Unsupported upgrade request.
WARNING:  No supported WebSocket library detected. Please use "pip install 'uvicorn[standard]'", or install 'websockets' or 'wsproto' manually.
2026-07-09 04:14:25,257 - asyncio - ERROR - Exception in callback _ProactorBasePipeTransport._call_connection_lost()
handle: <Handle _ProactorBasePipeTransport._call_connection_lost()>
Traceback (most recent call last):
  File "C:\Python314\Lib\asyncio\events.py", line 94, in _run
    self._context.run(self._callback, *self._args)
    ~~~~~~~~~~~~~~~~~^^^^^^^^^^^^^^^^^^^^^^^^^^^^^
  File "C:\Python314\Lib\asyncio\proactor_events.py", line 165, in _call_connection_lost
    self._sock.shutdown(socket.SHUT_RDWR)
    ~~~~~~~~~~~~~~~~~~~^^^^^^^^^^^^^^^^^^
ConnectionResetError: [WinError 10054] Eine vorhandene Verbindung wurde vom Remotehost geschlossen
WARNING:  Unsupported upgrade request.
WARNING:  No supported WebSocket library detected. Please use "pip install 'uvicorn[standard]'", or install 'websockets' or 'wsproto' manually.
WARNING:  Unsupported upgrade request.
WARNING:  No supported WebSocket library detected. Please use "pip install 'uvicorn[standard]'", or install 'websockets' or 'wsproto' manually.
2026-07-09 04:14:26,273 - asyncio - ERROR - Exception in callback _ProactorBasePipeTransport._call_connection_lost()
handle: <Handle _ProactorBasePipeTransport._call_connection_lost()>
Traceback (most recent call last):
  File "C:\Python314\Lib\asyncio\events.py", line 94, in _run
    self._context.run(self._callback, *self._args)
    ~~~~~~~~~~~~~~~~~^^^^^^^^^^^^^^^^^^^^^^^^^^^^^
  File "C:\Python314\Lib\asyncio\proactor_events.py", line 165, in _call_connection_lost
    self._sock.shutdown(socket.SHUT_RDWR)
    ~~~~~~~~~~~~~~~~~~~^^^^^^^^^^^^^^^^^^
ConnectionResetError: [WinError 10054] Eine vorhandene Verbindung wurde vom Remotehost geschlossen
WARNING:  Unsupported upgrade request.
WARNING:  No supported WebSocket library detected. Please use "pip install 'uvicorn[standard]'", or install 'websockets' or 'wsproto' manually.
2026-07-09 04:14:27,252 - asyncio - ERROR - Exception in callback _ProactorBasePipeTransport._call_connection_lost()
handle: <Handle _ProactorBasePipeTransport._call_connection_lost()>
Traceback (most recent call last):
  File "C:\Python314\Lib\asyncio\events.py", line 94, in _run
    self._context.run(self._callback, *self._args)
    ~~~~~~~~~~~~~~~~~^^^^^^^^^^^^^^^^^^^^^^^^^^^^^
  File "C:\Python314\Lib\asyncio\proactor_events.py", line 165, in _call_connection_lost
    self._sock.shutdown(socket.SHUT_RDWR)
    ~~~~~~~~~~~~~~~~~~~^^^^^^^^^^^^^^^^^^
ConnectionResetError: [WinError 10054] Eine vorhandene Verbindung wurde vom Remotehost geschlossen
WARNING:  Unsupported upgrade request.
WARNING:  No supported WebSocket library detected. Please use "pip install 'uvicorn[standard]'", or install 'websockets' or 'wsproto' manually.
WARNING:  Unsupported upgrade request.
WARNING:  No supported WebSocket library detected. Please use "pip install 'uvicorn[standard]'", or install 'websockets' or 'wsproto' manually.
2026-07-09 04:14:27,886 - asyncio - ERROR - Exception in callback _ProactorBasePipeTransport._call_connection_lost()
handle: <Handle _ProactorBasePipeTransport._call_connection_lost()>
Traceback (most recent call last):
  File "C:\Python314\Lib\asyncio\events.py", line 94, in _run
    self._context.run(self._callback, *self._args)
    ~~~~~~~~~~~~~~~~~^^^^^^^^^^^^^^^^^^^^^^^^^^^^^
  File "C:\Python314\Lib\asyncio\proactor_events.py", line 165, in _call_connection_lost
    self._sock.shutdown(socket.SHUT_RDWR)
    ~~~~~~~~~~~~~~~~~~~^^^^^^^^^^^^^^^^^^
ConnectionResetError: [WinError 10054] Eine vorhandene Verbindung wurde vom Remotehost geschlossen
WARNING:  Unsupported upgrade request.
WARNING:  No supported WebSocket library detected. Please use "pip install 'uvicorn[standard]'", or install 'websockets' or 'wsproto' manually.
2026-07-09 04:14:28,252 - asyncio - ERROR - Exception in callback _ProactorBasePipeTransport._call_connection_lost()
handle: <Handle _ProactorBasePipeTransport._call_connection_lost()>
Traceback (most recent call last):
  File "C:\Python314\Lib\asyncio\events.py", line 94, in _run
    self._context.run(self._callback, *self._args)
    ~~~~~~~~~~~~~~~~~^^^^^^^^^^^^^^^^^^^^^^^^^^^^^
  File "C:\Python314\Lib\asyncio\proactor_events.py", line 165, in _call_connection_lost
    self._sock.shutdown(socket.SHUT_RDWR)
    ~~~~~~~~~~~~~~~~~~~^^^^^^^^^^^^^^^^^^
ConnectionResetError: [WinError 10054] Eine vorhandene Verbindung wurde vom Remotehost geschlossen
WARNING:  Unsupported upgrade request.
WARNING:  No supported WebSocket library detected. Please use "pip install 'uvicorn[standard]'", or install 'websockets' or 'wsproto' manually.
WARNING:  Unsupported upgrade request.
WARNING:  No supported WebSocket library detected. Please use "pip install 'uvicorn[standard]'", or install 'websockets' or 'wsproto' manually.
WARNING:  Unsupported upgrade request.
WARNING:  No supported WebSocket library detected. Please use "pip install 'uvicorn[standard]'", or install 'websockets' or 'wsproto' manually.
WARNING:  Unsupported upgrade request.
WARNING:  No supported WebSocket library detected. Please use "pip install 'uvicorn[standard]'", or install 'websockets' or 'wsproto' manually.
WARNING:  Unsupported upgrade request.
WARNING:  No supported WebSocket library detected. Please use "pip install 'uvicorn[standard]'", or install 'websockets' or 'wsproto' manually.
WARNING:  Unsupported upgrade request.
WARNING:  No supported WebSocket library detected. Please use "pip install 'uvicorn[standard]'", or install 'websockets' or 'wsproto' manually.
WARNING:  Unsupported upgrade request.
WARNING:  No supported WebSocket library detected. Please use "pip install 'uvicorn[standard]'", or install 'websockets' or 'wsproto' manually.
WARNING:  Unsupported upgrade request.
WARNING:  No supported WebSocket library detected. Please use "pip install 'uvicorn[standard]'", or install 'websockets' or 'wsproto' manually.
2026-07-09 04:14:36,088 - asyncio - ERROR - Exception in callback _ProactorBasePipeTransport._call_connection_lost()
handle: <Handle _ProactorBasePipeTransport._call_connection_lost()>
Traceback (most recent call last):
  File "C:\Python314\Lib\asyncio\events.py", line 94, in _run
    self._context.run(self._callback, *self._args)
    ~~~~~~~~~~~~~~~~~^^^^^^^^^^^^^^^^^^^^^^^^^^^^^
  File "C:\Python314\Lib\asyncio\proactor_events.py", line 165, in _call_connection_lost
    self._sock.shutdown(socket.SHUT_RDWR)
    ~~~~~~~~~~~~~~~~~~~^^^^^^^^^^^^^^^^^^
ConnectionResetError: [WinError 10054] Eine vorhandene Verbindung wurde vom Remotehost geschlossen
WARNING:  Unsupported upgrade request.
WARNING:  No supported WebSocket library detected. Please use "pip install 'uvicorn[standard]'", or install 'websockets' or 'wsproto' manually.
2026-07-09 04:14:36,294 - asyncio - ERROR - Exception in callback _ProactorBasePipeTransport._call_connection_lost()
handle: <Handle _ProactorBasePipeTransport._call_connection_lost()>
Traceback (most recent call last):
  File "C:\Python314\Lib\asyncio\events.py", line 94, in _run
    self._context.run(self._callback, *self._args)
    ~~~~~~~~~~~~~~~~~^^^^^^^^^^^^^^^^^^^^^^^^^^^^^
  File "C:\Python314\Lib\asyncio\proactor_events.py", line 165, in _call_connection_lost
    self._sock.shutdown(socket.SHUT_RDWR)
    ~~~~~~~~~~~~~~~~~~~^^^^^^^^^^^^^^^^^^
ConnectionResetError: [WinError 10054] Eine vorhandene Verbindung wurde vom Remotehost geschlossen
WARNING:  Unsupported upgrade request.
WARNING:  No supported WebSocket library detected. Please use "pip install 'uvicorn[standard]'", or install 'websockets' or 'wsproto' manually.
2026-07-09 04:14:36,407 - asyncio - ERROR - Exception in callback _ProactorBasePipeTransport._call_connection_lost()
handle: <Handle _ProactorBasePipeTransport._call_connection_lost()>
Traceback (most recent call last):
  File "C:\Python314\Lib\asyncio\events.py", line 94, in _run
    self._context.run(self._callback, *self._args)
    ~~~~~~~~~~~~~~~~~^^^^^^^^^^^^^^^^^^^^^^^^^^^^^
  File "C:\Python314\Lib\asyncio\proactor_events.py", line 165, in _call_connection_lost
    self._sock.shutdown(socket.SHUT_RDWR)
    ~~~~~~~~~~~~~~~~~~~^^^^^^^^^^^^^^^^^^
ConnectionResetError: [WinError 10054] Eine vorhandene Verbindung wurde vom Remotehost geschlossen
WARNING:  Unsupported upgrade request.
WARNING:  No supported WebSocket library detected. Please use "pip install 'uvicorn[standard]'", or install 'websockets' or 'wsproto' manually.
WARNING:  Unsupported upgrade request.
WARNING:  No supported WebSocket library detected. Please use "pip install 'uvicorn[standard]'", or install 'websockets' or 'wsproto' manually.
2026-07-09 04:14:38,335 - asyncio - ERROR - Exception in callback _ProactorBasePipeTransport._call_connection_lost()
handle: <Handle _ProactorBasePipeTransport._call_connection_lost()>
Traceback (most recent call last):
  File "C:\Python314\Lib\asyncio\events.py", line 94, in _run
    self._context.run(self._callback, *self._args)
    ~~~~~~~~~~~~~~~~~^^^^^^^^^^^^^^^^^^^^^^^^^^^^^
  File "C:\Python314\Lib\asyncio\proactor_events.py", line 165, in _call_connection_lost
    self._sock.shutdown(socket.SHUT_RDWR)
    ~~~~~~~~~~~~~~~~~~~^^^^^^^^^^^^^^^^^^
ConnectionResetError: [WinError 10054] Eine vorhandene Verbindung wurde vom Remotehost geschlossen
WARNING:  Unsupported upgrade request.
WARNING:  No supported WebSocket library detected. Please use "pip install 'uvicorn[standard]'", or install 'websockets' or 'wsproto' manually.
WARNING:  Unsupported upgrade request.
WARNING:  No supported WebSocket library detected. Please use "pip install 'uvicorn[standard]'", or install 'websockets' or 'wsproto' manually.
2026-07-09 04:14:41,316 - asyncio - ERROR - Exception in callback _ProactorBasePipeTransport._call_connection_lost()
handle: <Handle _ProactorBasePipeTransport._call_connection_lost()>
Traceback (most recent call last):
  File "C:\Python314\Lib\asyncio\events.py", line 94, in _run
    self._context.run(self._callback, *self._args)
    ~~~~~~~~~~~~~~~~~^^^^^^^^^^^^^^^^^^^^^^^^^^^^^
  File "C:\Python314\Lib\asyncio\proactor_events.py", line 165, in _call_connection_lost
    self._sock.shutdown(socket.SHUT_RDWR)
    ~~~~~~~~~~~~~~~~~~~^^^^^^^^^^^^^^^^^^
ConnectionResetError: [WinError 10054] Eine vorhandene Verbindung wurde vom Remotehost geschlossen
WARNING:  Unsupported upgrade request.
WARNING:  No supported WebSocket library detected. Please use "pip install 'uvicorn[standard]'", or install 'websockets' or 'wsproto' manually.
WARNING:  Unsupported upgrade request.
WARNING:  No supported WebSocket library detected. Please use "pip install 'uvicorn[standard]'", or install 'websockets' or 'wsproto' manually.
2026-07-09 04:14:42,373 - asyncio - ERROR - Exception in callback _ProactorBasePipeTransport._call_connection_lost()
handle: <Handle _ProactorBasePipeTransport._call_connection_lost()>
Traceback (most recent call last):
  File "C:\Python314\Lib\asyncio\events.py", line 94, in _run
    self._context.run(self._callback, *self._args)
    ~~~~~~~~~~~~~~~~~^^^^^^^^^^^^^^^^^^^^^^^^^^^^^
  File "C:\Python314\Lib\asyncio\proactor_events.py", line 165, in _call_connection_lost
    self._sock.shutdown(socket.SHUT_RDWR)
    ~~~~~~~~~~~~~~~~~~~^^^^^^^^^^^^^^^^^^
ConnectionResetError: [WinError 10054] Eine vorhandene Verbindung wurde vom Remotehost geschlossen
WARNING:  Unsupported upgrade request.
WARNING:  No supported WebSocket library detected. Please use "pip install 'uvicorn[standard]'", or install 'websockets' or 'wsproto' manually.
2026-07-09 04:14:43,387 - asyncio - ERROR - Exception in callback _ProactorBasePipeTransport._call_connection_lost()
handle: <Handle _ProactorBasePipeTransport._call_connection_lost()>
Traceback (most recent call last):
  File "C:\Python314\Lib\asyncio\events.py", line 94, in _run
    self._context.run(self._callback, *self._args)
    ~~~~~~~~~~~~~~~~~^^^^^^^^^^^^^^^^^^^^^^^^^^^^^
  File "C:\Python314\Lib\asyncio\proactor_events.py", line 165, in _call_connection_lost
    self._sock.shutdown(socket.SHUT_RDWR)
    ~~~~~~~~~~~~~~~~~~~^^^^^^^^^^^^^^^^^^
ConnectionResetError: [WinError 10054] Eine vorhandene Verbindung wurde vom Remotehost geschlossen
WARNING:  Unsupported upgrade request.
WARNING:  No supported WebSocket library detected. Please use "pip install 'uvicorn[standard]'", or install 'websockets' or 'wsproto' manually.
2026-07-09 04:14:44,213 - asyncio - ERROR - Exception in callback _ProactorBasePipeTransport._call_connection_lost()
handle: <Handle _ProactorBasePipeTransport._call_connection_lost()>
Traceback (most recent call last):
  File "C:\Python314\Lib\asyncio\events.py", line 94, in _run
    self._context.run(self._callback, *self._args)
    ~~~~~~~~~~~~~~~~~^^^^^^^^^^^^^^^^^^^^^^^^^^^^^
  File "C:\Python314\Lib\asyncio\proactor_events.py", line 165, in _call_connection_lost
    self._sock.shutdown(socket.SHUT_RDWR)
    ~~~~~~~~~~~~~~~~~~~^^^^^^^^^^^^^^^^^^
ConnectionResetError: [WinError 10054] Eine vorhandene Verbindung wurde vom Remotehost geschlossen
WARNING:  Unsupported upgrade request.
WARNING:  No supported WebSocket library detected. Please use "pip install 'uvicorn[standard]'", or install 'websockets' or 'wsproto' manually.
WARNING:  Unsupported upgrade request.
WARNING:  No supported WebSocket library detected. Please use "pip install 'uvicorn[standard]'", or install 'websockets' or 'wsproto' manually.
2026-07-09 04:14:45,345 - asyncio - ERROR - Exception in callback _ProactorBasePipeTransport._call_connection_lost()
handle: <Handle _ProactorBasePipeTransport._call_connection_lost()>
Traceback (most recent call last):
  File "C:\Python314\Lib\asyncio\events.py", line 94, in _run
    self._context.run(self._callback, *self._args)
    ~~~~~~~~~~~~~~~~~^^^^^^^^^^^^^^^^^^^^^^^^^^^^^
  File "C:\Python314\Lib\asyncio\proactor_events.py", line 165, in _call_connection_lost
    self._sock.shutdown(socket.SHUT_RDWR)
    ~~~~~~~~~~~~~~~~~~~^^^^^^^^^^^^^^^^^^
ConnectionResetError: [WinError 10054] Eine vorhandene Verbindung wurde vom Remotehost geschlossen
WARNING:  Unsupported upgrade request.
WARNING:  No supported WebSocket library detected. Please use "pip install 'uvicorn[standard]'", or install 'websockets' or 'wsproto' manually.
WARNING:  Unsupported upgrade request.
WARNING:  No supported WebSocket library detected. Please use "pip install 'uvicorn[standard]'", or install 'websockets' or 'wsproto' manually.
WARNING:  Unsupported upgrade request.
WARNING:  No supported WebSocket library detected. Please use "pip install 'uvicorn[standard]'", or install 'websockets' or 'wsproto' manually.
2026-07-09 04:14:47,832 - asyncio - ERROR - Exception in callback _ProactorBasePipeTransport._call_connection_lost()
handle: <Handle _ProactorBasePipeTransport._call_connection_lost()>
Traceback (most recent call last):
  File "C:\Python314\Lib\asyncio\events.py", line 94, in _run
    self._context.run(self._callback, *self._args)
    ~~~~~~~~~~~~~~~~~^^^^^^^^^^^^^^^^^^^^^^^^^^^^^
  File "C:\Python314\Lib\asyncio\proactor_events.py", line 165, in _call_connection_lost
    self._sock.shutdown(socket.SHUT_RDWR)
    ~~~~~~~~~~~~~~~~~~~^^^^^^^^^^^^^^^^^^
ConnectionResetError: [WinError 10054] Eine vorhandene Verbindung wurde vom Remotehost geschlossen
WARNING:  Unsupported upgrade request.
WARNING:  No supported WebSocket library detected. Please use "pip install 'uvicorn[standard]'", or install 'websockets' or 'wsproto' manually.
2026-07-09 04:14:48,512 - asyncio - ERROR - Exception in callback _ProactorBasePipeTransport._call_connection_lost()
handle: <Handle _ProactorBasePipeTransport._call_connection_lost()>
Traceback (most recent call last):
  File "C:\Python314\Lib\asyncio\events.py", line 94, in _run
    self._context.run(self._callback, *self._args)
    ~~~~~~~~~~~~~~~~~^^^^^^^^^^^^^^^^^^^^^^^^^^^^^
  File "C:\Python314\Lib\asyncio\proactor_events.py", line 165, in _call_connection_lost
    self._sock.shutdown(socket.SHUT_RDWR)
    ~~~~~~~~~~~~~~~~~~~^^^^^^^^^^^^^^^^^^
ConnectionResetError: [WinError 10054] Eine vorhandene Verbindung wurde vom Remotehost geschlossen
WARNING:  Unsupported upgrade request.
WARNING:  No supported WebSocket library detected. Please use "pip install 'uvicorn[standard]'", or install 'websockets' or 'wsproto' manually.
WARNING:  Unsupported upgrade request.
WARNING:  No supported WebSocket library detected. Please use "pip install 'uvicorn[standard]'", or install 'websockets' or 'wsproto' manually.
WARNING:  Unsupported upgrade request.
WARNING:  No supported WebSocket library detected. Please use "pip install 'uvicorn[standard]'", or install 'websockets' or 'wsproto' manually.
2026-07-09 04:14:51,399 - asyncio - ERROR - Exception in callback _ProactorBasePipeTransport._call_connection_lost()
handle: <Handle _ProactorBasePipeTransport._call_connection_lost()>
Traceback (most recent call last):
  File "C:\Python314\Lib\asyncio\events.py", line 94, in _run
    self._context.run(self._callback, *self._args)
    ~~~~~~~~~~~~~~~~~^^^^^^^^^^^^^^^^^^^^^^^^^^^^^
  File "C:\Python314\Lib\asyncio\proactor_events.py", line 165, in _call_connection_lost
    self._sock.shutdown(socket.SHUT_RDWR)
    ~~~~~~~~~~~~~~~~~~~^^^^^^^^^^^^^^^^^^
ConnectionResetError: [WinError 10054] Eine vorhandene Verbindung wurde vom Remotehost geschlossen
WARNING:  Unsupported upgrade request.
WARNING:  No supported WebSocket library detected. Please use "pip install 'uvicorn[standard]'", or install 'websockets' or 'wsproto' manually.
WARNING:  Unsupported upgrade request.
WARNING:  No supported WebSocket library detected. Please use "pip install 'uvicorn[standard]'", or install 'websockets' or 'wsproto' manually.
WARNING:  Unsupported upgrade request.
WARNING:  No supported WebSocket library detected. Please use "pip install 'uvicorn[standard]'", or install 'websockets' or 'wsproto' manually.
WARNING:  Unsupported upgrade request.
WARNING:  No supported WebSocket library detected. Please use "pip install 'uvicorn[standard]'", or install 'websockets' or 'wsproto' manually.
WARNING:  Unsupported upgrade request.
WARNING:  No supported WebSocket library detected. Please use "pip install 'uvicorn[standard]'", or install 'websockets' or 'wsproto' manually.
2026-07-09 04:14:55,550 - asyncio - ERROR - Exception in callback _ProactorBasePipeTransport._call_connection_lost()
handle: <Handle _ProactorBasePipeTransport._call_connection_lost()>
Traceback (most recent call last):
  File "C:\Python314\Lib\asyncio\events.py", line 94, in _run
    self._context.run(self._callback, *self._args)
    ~~~~~~~~~~~~~~~~~^^^^^^^^^^^^^^^^^^^^^^^^^^^^^
  File "C:\Python314\Lib\asyncio\proactor_events.py", line 165, in _call_connection_lost
    self._sock.shutdown(socket.SHUT_RDWR)
    ~~~~~~~~~~~~~~~~~~~^^^^^^^^^^^^^^^^^^
ConnectionResetError: [WinError 10054] Eine vorhandene Verbindung wurde vom Remotehost geschlossen
WARNING:  Unsupported upgrade request.
WARNING:  No supported WebSocket library detected. Please use "pip install 'uvicorn[standard]'", or install 'websockets' or 'wsproto' manually.
2026-07-09 04:14:56,425 - asyncio - ERROR - Exception in callback _ProactorBasePipeTransport._call_connection_lost()
handle: <Handle _ProactorBasePipeTransport._call_connection_lost()>
Traceback (most recent call last):
  File "C:\Python314\Lib\asyncio\events.py", line 94, in _run
    self._context.run(self._callback, *self._args)
    ~~~~~~~~~~~~~~~~~^^^^^^^^^^^^^^^^^^^^^^^^^^^^^
  File "C:\Python314\Lib\asyncio\proactor_events.py", line 165, in _call_connection_lost
    self._sock.shutdown(socket.SHUT_RDWR)
    ~~~~~~~~~~~~~~~~~~~^^^^^^^^^^^^^^^^^^
ConnectionResetError: [WinError 10054] Eine vorhandene Verbindung wurde vom Remotehost geschlossen
WARNING:  Unsupported upgrade request.
WARNING:  No supported WebSocket library detected. Please use "pip install 'uvicorn[standard]'", or install 'websockets' or 'wsproto' manually.
WARNING:  Unsupported upgrade request.
WARNING:  No supported WebSocket library detected. Please use "pip install 'uvicorn[standard]'", or install 'websockets' or 'wsproto' manually.
2026-07-09 04:14:58,530 - asyncio - ERROR - Exception in callback _ProactorBasePipeTransport._call_connection_lost()
handle: <Handle _ProactorBasePipeTransport._call_connection_lost()>
Traceback (most recent call last):
  File "C:\Python314\Lib\asyncio\events.py", line 94, in _run
    self._context.run(self._callback, *self._args)
    ~~~~~~~~~~~~~~~~~^^^^^^^^^^^^^^^^^^^^^^^^^^^^^
  File "C:\Python314\Lib\asyncio\proactor_events.py", line 165, in _call_connection_lost
    self._sock.shutdown(socket.SHUT_RDWR)
    ~~~~~~~~~~~~~~~~~~~^^^^^^^^^^^^^^^^^^
ConnectionResetError: [WinError 10054] Eine vorhandene Verbindung wurde vom Remotehost geschlossen
WARNING:  Unsupported upgrade request.
WARNING:  No supported WebSocket library detected. Please use "pip install 'uvicorn[standard]'", or install 'websockets' or 'wsproto' manually.
2026-07-09 04:14:58,593 - asyncio - ERROR - Exception in callback _ProactorBasePipeTransport._call_connection_lost()
handle: <Handle _ProactorBasePipeTransport._call_connection_lost()>
Traceback (most recent call last):
  File "C:\Python314\Lib\asyncio\events.py", line 94, in _run
    self._context.run(self._callback, *self._args)
    ~~~~~~~~~~~~~~~~~^^^^^^^^^^^^^^^^^^^^^^^^^^^^^
  File "C:\Python314\Lib\asyncio\proactor_events.py", line 165, in _call_connection_lost
    self._sock.shutdown(socket.SHUT_RDWR)
    ~~~~~~~~~~~~~~~~~~~^^^^^^^^^^^^^^^^^^
ConnectionResetError: [WinError 10054] Eine vorhandene Verbindung wurde vom Remotehost geschlossen
WARNING:  Unsupported upgrade request.
WARNING:  No supported WebSocket library detected. Please use "pip install 'uvicorn[standard]'", or install 'websockets' or 'wsproto' manually.
WARNING:  Unsupported upgrade request.
WARNING:  No supported WebSocket library detected. Please use "pip install 'uvicorn[standard]'", or install 'websockets' or 'wsproto' manually.
WARNING:  Unsupported upgrade request.
WARNING:  No supported WebSocket library detected. Please use "pip install 'uvicorn[standard]'", or install 'websockets' or 'wsproto' manually.
WARNING:  Unsupported upgrade request.
WARNING:  No supported WebSocket library detected. Please use "pip install 'uvicorn[standard]'", or install 'websockets' or 'wsproto' manually.
WARNING:  Unsupported upgrade request.
WARNING:  No supported WebSocket library detected. Please use "pip install 'uvicorn[standard]'", or install 'websockets' or 'wsproto' manually.
WARNING:  Unsupported upgrade request.
WARNING:  No supported WebSocket library detected. Please use "pip install 'uvicorn[standard]'", or install 'websockets' or 'wsproto' manually.
WARNING:  Unsupported upgrade request.
WARNING:  No supported WebSocket library detected. Please use "pip install 'uvicorn[standard]'", or install 'websockets' or 'wsproto' manually.
2026-07-09 04:15:06,387 - asyncio - ERROR - Exception in callback _ProactorBasePipeTransport._call_connection_lost()
handle: <Handle _ProactorBasePipeTransport._call_connection_lost()>
Traceback (most recent call last):
  File "C:\Python314\Lib\asyncio\events.py", line 94, in _run
    self._context.run(self._callback, *self._args)
    ~~~~~~~~~~~~~~~~~^^^^^^^^^^^^^^^^^^^^^^^^^^^^^
  File "C:\Python314\Lib\asyncio\proactor_events.py", line 165, in _call_connection_lost
    self._sock.shutdown(socket.SHUT_RDWR)
    ~~~~~~~~~~~~~~~~~~~^^^^^^^^^^^^^^^^^^
ConnectionResetError: [WinError 10054] Eine vorhandene Verbindung wurde vom Remotehost geschlossen
WARNING:  Unsupported upgrade request.
WARNING:  No supported WebSocket library detected. Please use "pip install 'uvicorn[standard]'", or install 'websockets' or 'wsproto' manually.
WARNING:  Unsupported upgrade request.
WARNING:  No supported WebSocket library detected. Please use "pip install 'uvicorn[standard]'", or install 'websockets' or 'wsproto' manually.
WARNING:  Unsupported upgrade request.
WARNING:  No supported WebSocket library detected. Please use "pip install 'uvicorn[standard]'", or install 'websockets' or 'wsproto' manually.
2026-07-09 04:15:08,216 - asyncio - ERROR - Exception in callback _ProactorBasePipeTransport._call_connection_lost()
handle: <Handle _ProactorBasePipeTransport._call_connection_lost()>
Traceback (most recent call last):
  File "C:\Python314\Lib\asyncio\events.py", line 94, in _run
    self._context.run(self._callback, *self._args)
    ~~~~~~~~~~~~~~~~~^^^^^^^^^^^^^^^^^^^^^^^^^^^^^
  File "C:\Python314\Lib\asyncio\proactor_events.py", line 165, in _call_connection_lost
    self._sock.shutdown(socket.SHUT_RDWR)
    ~~~~~~~~~~~~~~~~~~~^^^^^^^^^^^^^^^^^^
ConnectionResetError: [WinError 10054] Eine vorhandene Verbindung wurde vom Remotehost geschlossen
WARNING:  Unsupported upgrade request.
WARNING:  No supported WebSocket library detected. Please use "pip install 'uvicorn[standard]'", or install 'websockets' or 'wsproto' manually.
2026-07-09 04:15:08,479 - asyncio - ERROR - Exception in callback _ProactorBasePipeTransport._call_connection_lost()
handle: <Handle _ProactorBasePipeTransport._call_connection_lost()>
Traceback (most recent call last):
  File "C:\Python314\Lib\asyncio\events.py", line 94, in _run
    self._context.run(self._callback, *self._args)
    ~~~~~~~~~~~~~~~~~^^^^^^^^^^^^^^^^^^^^^^^^^^^^^
  File "C:\Python314\Lib\asyncio\proactor_events.py", line 165, in _call_connection_lost
    self._sock.shutdown(socket.SHUT_RDWR)
    ~~~~~~~~~~~~~~~~~~~^^^^^^^^^^^^^^^^^^
ConnectionResetError: [WinError 10054] Eine vorhandene Verbindung wurde vom Remotehost geschlossen
WARNING:  Unsupported upgrade request.
WARNING:  No supported WebSocket library detected. Please use "pip install 'uvicorn[standard]'", or install 'websockets' or 'wsproto' manually.
WARNING:  Unsupported upgrade request.
WARNING:  No supported WebSocket library detected. Please use "pip install 'uvicorn[standard]'", or install 'websockets' or 'wsproto' manually.
WARNING:  Unsupported upgrade request.
WARNING:  No supported WebSocket library detected. Please use "pip install 'uvicorn[standard]'", or install 'websockets' or 'wsproto' manually.
2026-07-09 04:15:13,609 - asyncio - ERROR - Exception in callback _ProactorBasePipeTransport._call_connection_lost()
handle: <Handle _ProactorBasePipeTransport._call_connection_lost()>
Traceback (most recent call last):
  File "C:\Python314\Lib\asyncio\events.py", line 94, in _run
    self._context.run(self._callback, *self._args)
    ~~~~~~~~~~~~~~~~~^^^^^^^^^^^^^^^^^^^^^^^^^^^^^
  File "C:\Python314\Lib\asyncio\proactor_events.py", line 165, in _call_connection_lost
    self._sock.shutdown(socket.SHUT_RDWR)
    ~~~~~~~~~~~~~~~~~~~^^^^^^^^^^^^^^^^^^
ConnectionResetError: [WinError 10054] Eine vorhandene Verbindung wurde vom Remotehost geschlossen
WARNING:  Unsupported upgrade request.
WARNING:  No supported WebSocket library detected. Please use "pip install 'uvicorn[standard]'", or install 'websockets' or 'wsproto' manually.
WARNING:  Unsupported upgrade request.
WARNING:  No supported WebSocket library detected. Please use "pip install 'uvicorn[standard]'", or install 'websockets' or 'wsproto' manually.
2026-07-09 04:15:15,127 - asyncio - ERROR - Exception in callback _ProactorBasePipeTransport._call_connection_lost()
handle: <Handle _ProactorBasePipeTransport._call_connection_lost()>
Traceback (most recent call last):
  File "C:\Python314\Lib\asyncio\events.py", line 94, in _run
    self._context.run(self._callback, *self._args)
    ~~~~~~~~~~~~~~~~~^^^^^^^^^^^^^^^^^^^^^^^^^^^^^
  File "C:\Python314\Lib\asyncio\proactor_events.py", line 165, in _call_connection_lost
    self._sock.shutdown(socket.SHUT_RDWR)
    ~~~~~~~~~~~~~~~~~~~^^^^^^^^^^^^^^^^^^
ConnectionResetError: [WinError 10054] Eine vorhandene Verbindung wurde vom Remotehost geschlossen
WARNING:  Unsupported upgrade request.
WARNING:  No supported WebSocket library detected. Please use "pip install 'uvicorn[standard]'", or install 'websockets' or 'wsproto' manually.
WARNING:  Unsupported upgrade request.
WARNING:  No supported WebSocket library detected. Please use "pip install 'uvicorn[standard]'", or install 'websockets' or 'wsproto' manually.
WARNING:  Unsupported upgrade request.
WARNING:  No supported WebSocket library detected. Please use "pip install 'uvicorn[standard]'", or install 'websockets' or 'wsproto' manually.
WARNING:  Unsupported upgrade request.
WARNING:  No supported WebSocket library detected. Please use "pip install 'uvicorn[standard]'", or install 'websockets' or 'wsproto' manually.
WARNING:  Unsupported upgrade request.
WARNING:  No supported WebSocket library detected. Please use "pip install 'uvicorn[standard]'", or install 'websockets' or 'wsproto' manually.
WARNING:  Unsupported upgrade request.
WARNING:  No supported WebSocket library detected. Please use "pip install 'uvicorn[standard]'", or install 'websockets' or 'wsproto' manually.
WARNING:  Unsupported upgrade request.
WARNING:  No supported WebSocket library detected. Please use "pip install 'uvicorn[standard]'", or install 'websockets' or 'wsproto' manually.
WARNING:  Unsupported upgrade request.
WARNING:  No supported WebSocket library detected. Please use "pip install 'uvicorn[standard]'", or install 'websockets' or 'wsproto' manually.
2026-07-09 04:15:24,193 - asyncio - ERROR - Exception in callback _ProactorBasePipeTransport._call_connection_lost()
handle: <Handle _ProactorBasePipeTransport._call_connection_lost()>
Traceback (most recent call last):
  File "C:\Python314\Lib\asyncio\events.py", line 94, in _run
    self._context.run(self._callback, *self._args)
    ~~~~~~~~~~~~~~~~~^^^^^^^^^^^^^^^^^^^^^^^^^^^^^
  File "C:\Python314\Lib\asyncio\proactor_events.py", line 165, in _call_connection_lost
    self._sock.shutdown(socket.SHUT_RDWR)
    ~~~~~~~~~~~~~~~~~~~^^^^^^^^^^^^^^^^^^
ConnectionResetError: [WinError 10054] Eine vorhandene Verbindung wurde vom Remotehost geschlossen
WARNING:  Unsupported upgrade request.
WARNING:  No supported WebSocket library detected. Please use "pip install 'uvicorn[standard]'", or install 'websockets' or 'wsproto' manually.
WARNING:  Unsupported upgrade request.
WARNING:  No supported WebSocket library detected. Please use "pip install 'uvicorn[standard]'", or install 'websockets' or 'wsproto' manually.
2026-07-09 04:15:27,336 - asyncio - ERROR - Exception in callback _ProactorBasePipeTransport._call_connection_lost()
handle: <Handle _ProactorBasePipeTransport._call_connection_lost()>
Traceback (most recent call last):
  File "C:\Python314\Lib\asyncio\events.py", line 94, in _run
    self._context.run(self._callback, *self._args)
    ~~~~~~~~~~~~~~~~~^^^^^^^^^^^^^^^^^^^^^^^^^^^^^
  File "C:\Python314\Lib\asyncio\proactor_events.py", line 165, in _call_connection_lost
    self._sock.shutdown(socket.SHUT_RDWR)
    ~~~~~~~~~~~~~~~~~~~^^^^^^^^^^^^^^^^^^
ConnectionResetError: [WinError 10054] Eine vorhandene Verbindung wurde vom Remotehost geschlossen
WARNING:  Unsupported upgrade request.
WARNING:  No supported WebSocket library detected. Please use "pip install 'uvicorn[standard]'", or install 'websockets' or 'wsproto' manually.
2026-07-09 04:15:27,556 - asyncio - ERROR - Exception in callback _ProactorBasePipeTransport._call_connection_lost()
handle: <Handle _ProactorBasePipeTransport._call_connection_lost()>
Traceback (most recent call last):
  File "C:\Python314\Lib\asyncio\events.py", line 94, in _run
    self._context.run(self._callback, *self._args)
    ~~~~~~~~~~~~~~~~~^^^^^^^^^^^^^^^^^^^^^^^^^^^^^
  File "C:\Python314\Lib\asyncio\proactor_events.py", line 165, in _call_connection_lost
    self._sock.shutdown(socket.SHUT_RDWR)
    ~~~~~~~~~~~~~~~~~~~^^^^^^^^^^^^^^^^^^
ConnectionResetError: [WinError 10054] Eine vorhandene Verbindung wurde vom Remotehost geschlossen
WARNING:  Unsupported upgrade request.
WARNING:  No supported WebSocket library detected. Please use "pip install 'uvicorn[standard]'", or install 'websockets' or 'wsproto' manually.
WARNING:  Unsupported upgrade request.
WARNING:  No supported WebSocket library detected. Please use "pip install 'uvicorn[standard]'", or install 'websockets' or 'wsproto' manually.
WARNING:  Unsupported upgrade request.
WARNING:  No supported WebSocket library detected. Please use "pip install 'uvicorn[standard]'", or install 'websockets' or 'wsproto' manually.
2026-07-09 04:15:29,483 - asyncio - ERROR - Exception in callback _ProactorBasePipeTransport._call_connection_lost()
handle: <Handle _ProactorBasePipeTransport._call_connection_lost()>
Traceback (most recent call last):
  File "C:\Python314\Lib\asyncio\events.py", line 94, in _run
    self._context.run(self._callback, *self._args)
    ~~~~~~~~~~~~~~~~~^^^^^^^^^^^^^^^^^^^^^^^^^^^^^
  File "C:\Python314\Lib\asyncio\proactor_events.py", line 165, in _call_connection_lost
    self._sock.shutdown(socket.SHUT_RDWR)
    ~~~~~~~~~~~~~~~~~~~^^^^^^^^^^^^^^^^^^
ConnectionResetError: [WinError 10054] Eine vorhandene Verbindung wurde vom Remotehost geschlossen
WARNING:  Unsupported upgrade request.
WARNING:  No supported WebSocket library detected. Please use "pip install 'uvicorn[standard]'", or install 'websockets' or 'wsproto' manually.
WARNING:  Unsupported upgrade request.
WARNING:  No supported WebSocket library detected. Please use "pip install 'uvicorn[standard]'", or install 'websockets' or 'wsproto' manually.
2026-07-09 04:15:32,697 - asyncio - ERROR - Exception in callback _ProactorBasePipeTransport._call_connection_lost()
handle: <Handle _ProactorBasePipeTransport._call_connection_lost()>
Traceback (most recent call last):
  File "C:\Python314\Lib\asyncio\events.py", line 94, in _run
    self._context.run(self._callback, *self._args)
    ~~~~~~~~~~~~~~~~~^^^^^^^^^^^^^^^^^^^^^^^^^^^^^
  File "C:\Python314\Lib\asyncio\proactor_events.py", line 165, in _call_connection_lost
    self._sock.shutdown(socket.SHUT_RDWR)
    ~~~~~~~~~~~~~~~~~~~^^^^^^^^^^^^^^^^^^
ConnectionResetError: [WinError 10054] Eine vorhandene Verbindung wurde vom Remotehost geschlossen
WARNING:  Unsupported upgrade request.
WARNING:  No supported WebSocket library detected. Please use "pip install 'uvicorn[standard]'", or install 'websockets' or 'wsproto' manually.
2026-07-09 04:15:33,882 - asyncio - ERROR - Exception in callback _ProactorBasePipeTransport._call_connection_lost()
handle: <Handle _ProactorBasePipeTransport._call_connection_lost()>
Traceback (most recent call last):
  File "C:\Python314\Lib\asyncio\events.py", line 94, in _run
    self._context.run(self._callback, *self._args)
    ~~~~~~~~~~~~~~~~~^^^^^^^^^^^^^^^^^^^^^^^^^^^^^
  File "C:\Python314\Lib\asyncio\proactor_events.py", line 165, in _call_connection_lost
    self._sock.shutdown(socket.SHUT_RDWR)
    ~~~~~~~~~~~~~~~~~~~^^^^^^^^^^^^^^^^^^
ConnectionResetError: [WinError 10054] Eine vorhandene Verbindung wurde vom Remotehost geschlossen
WARNING:  Unsupported upgrade request.
WARNING:  No supported WebSocket library detected. Please use "pip install 'uvicorn[standard]'", or install 'websockets' or 'wsproto' manually.
2026-07-09 04:15:35,107 - asyncio - ERROR - Exception in callback _ProactorBasePipeTransport._call_connection_lost()
handle: <Handle _ProactorBasePipeTransport._call_connection_lost()>
Traceback (most recent call last):
  File "C:\Python314\Lib\asyncio\events.py", line 94, in _run
    self._context.run(self._callback, *self._args)
    ~~~~~~~~~~~~~~~~~^^^^^^^^^^^^^^^^^^^^^^^^^^^^^
  File "C:\Python314\Lib\asyncio\proactor_events.py", line 165, in _call_connection_lost
    self._sock.shutdown(socket.SHUT_RDWR)
    ~~~~~~~~~~~~~~~~~~~^^^^^^^^^^^^^^^^^^
ConnectionResetError: [WinError 10054] Eine vorhandene Verbindung wurde vom Remotehost geschlossen
WARNING:  Unsupported upgrade request.
WARNING:  No supported WebSocket library detected. Please use "pip install 'uvicorn[standard]'", or install 'websockets' or 'wsproto' manually.
2026-07-09 04:15:35,170 - asyncio - ERROR - Exception in callback _ProactorBasePipeTransport._call_connection_lost()
handle: <Handle _ProactorBasePipeTransport._call_connection_lost()>
Traceback (most recent call last):
  File "C:\Python314\Lib\asyncio\events.py", line 94, in _run
    self._context.run(self._callback, *self._args)
    ~~~~~~~~~~~~~~~~~^^^^^^^^^^^^^^^^^^^^^^^^^^^^^
  File "C:\Python314\Lib\asyncio\proactor_events.py", line 165, in _call_connection_lost
    self._sock.shutdown(socket.SHUT_RDWR)
    ~~~~~~~~~~~~~~~~~~~^^^^^^^^^^^^^^^^^^
ConnectionResetError: [WinError 10054] Eine vorhandene Verbindung wurde vom Remotehost geschlossen
WARNING:  Unsupported upgrade request.
WARNING:  No supported WebSocket library detected. Please use "pip install 'uvicorn[standard]'", or install 'websockets' or 'wsproto' manually.
WARNING:  Unsupported upgrade request.
WARNING:  No supported WebSocket library detected. Please use "pip install 'uvicorn[standard]'", or install 'websockets' or 'wsproto' manually.
WARNING:  Unsupported upgrade request.
WARNING:  No supported WebSocket library detected. Please use "pip install 'uvicorn[standard]'", or install 'websockets' or 'wsproto' manually.
WARNING:  Unsupported upgrade request.
WARNING:  No supported WebSocket library detected. Please use "pip install 'uvicorn[standard]'", or install 'websockets' or 'wsproto' manually.
WARNING:  Unsupported upgrade request.
WARNING:  No supported WebSocket library detected. Please use "pip install 'uvicorn[standard]'", or install 'websockets' or 'wsproto' manually.
2026-07-09 04:15:41,434 - asyncio - ERROR - Exception in callback _ProactorBasePipeTransport._call_connection_lost()
handle: <Handle _ProactorBasePipeTransport._call_connection_lost()>
Traceback (most recent call last):
  File "C:\Python314\Lib\asyncio\events.py", line 94, in _run
    self._context.run(self._callback, *self._args)
    ~~~~~~~~~~~~~~~~~^^^^^^^^^^^^^^^^^^^^^^^^^^^^^
  File "C:\Python314\Lib\asyncio\proactor_events.py", line 165, in _call_connection_lost
    self._sock.shutdown(socket.SHUT_RDWR)
    ~~~~~~~~~~~~~~~~~~~^^^^^^^^^^^^^^^^^^
ConnectionResetError: [WinError 10054] Eine vorhandene Verbindung wurde vom Remotehost geschlossen
WARNING:  Unsupported upgrade request.
WARNING:  No supported WebSocket library detected. Please use "pip install 'uvicorn[standard]'", or install 'websockets' or 'wsproto' manually.
WARNING:  Unsupported upgrade request.
WARNING:  No supported WebSocket library detected. Please use "pip install 'uvicorn[standard]'", or install 'websockets' or 'wsproto' manually.
WARNING:  Unsupported upgrade request.
WARNING:  No supported WebSocket library detected. Please use "pip install 'uvicorn[standard]'", or install 'websockets' or 'wsproto' manually.
2026-07-09 04:15:43,687 - asyncio - ERROR - Exception in callback _ProactorBasePipeTransport._call_connection_lost()
handle: <Handle _ProactorBasePipeTransport._call_connection_lost()>
Traceback (most recent call last):
  File "C:\Python314\Lib\asyncio\events.py", line 94, in _run
    self._context.run(self._callback, *self._args)
    ~~~~~~~~~~~~~~~~~^^^^^^^^^^^^^^^^^^^^^^^^^^^^^
  File "C:\Python314\Lib\asyncio\proactor_events.py", line 165, in _call_connection_lost
    self._sock.shutdown(socket.SHUT_RDWR)
    ~~~~~~~~~~~~~~~~~~~^^^^^^^^^^^^^^^^^^
ConnectionResetError: [WinError 10054] Eine vorhandene Verbindung wurde vom Remotehost geschlossen
WARNING:  Unsupported upgrade request.
WARNING:  No supported WebSocket library detected. Please use "pip install 'uvicorn[standard]'", or install 'websockets' or 'wsproto' manually.
WARNING:  Unsupported upgrade request.
WARNING:  No supported WebSocket library detected. Please use "pip install 'uvicorn[standard]'", or install 'websockets' or 'wsproto' manually.
WARNING:  Unsupported upgrade request.
WARNING:  No supported WebSocket library detected. Please use "pip install 'uvicorn[standard]'", or install 'websockets' or 'wsproto' manually.
WARNING:  Unsupported upgrade request.
WARNING:  No supported WebSocket library detected. Please use "pip install 'uvicorn[standard]'", or install 'websockets' or 'wsproto' manually.
WARNING:  Unsupported upgrade request.
WARNING:  No supported WebSocket library detected. Please use "pip install 'uvicorn[standard]'", or install 'websockets' or 'wsproto' manually.
2026-07-09 04:15:49,249 - asyncio - ERROR - Exception in callback _ProactorBasePipeTransport._call_connection_lost()
handle: <Handle _ProactorBasePipeTransport._call_connection_lost()>
Traceback (most recent call last):
  File "C:\Python314\Lib\asyncio\events.py", line 94, in _run
    self._context.run(self._callback, *self._args)
    ~~~~~~~~~~~~~~~~~^^^^^^^^^^^^^^^^^^^^^^^^^^^^^
  File "C:\Python314\Lib\asyncio\proactor_events.py", line 165, in _call_connection_lost
    self._sock.shutdown(socket.SHUT_RDWR)
    ~~~~~~~~~~~~~~~~~~~^^^^^^^^^^^^^^^^^^
ConnectionResetError: [WinError 10054] Eine vorhandene Verbindung wurde vom Remotehost geschlossen
WARNING:  Unsupported upgrade request.
WARNING:  No supported WebSocket library detected. Please use "pip install 'uvicorn[standard]'", or install 'websockets' or 'wsproto' manually.
WARNING:  Unsupported upgrade request.
WARNING:  No supported WebSocket library detected. Please use "pip install 'uvicorn[standard]'", or install 'websockets' or 'wsproto' manually.
2026-07-09 04:15:52,029 - asyncio - ERROR - Exception in callback _ProactorBasePipeTransport._call_connection_lost()
handle: <Handle _ProactorBasePipeTransport._call_connection_lost()>
Traceback (most recent call last):
  File "C:\Python314\Lib\asyncio\events.py", line 94, in _run
    self._context.run(self._callback, *self._args)
    ~~~~~~~~~~~~~~~~~^^^^^^^^^^^^^^^^^^^^^^^^^^^^^
  File "C:\Python314\Lib\asyncio\proactor_events.py", line 165, in _call_connection_lost
    self._sock.shutdown(socket.SHUT_RDWR)
    ~~~~~~~~~~~~~~~~~~~^^^^^^^^^^^^^^^^^^
ConnectionResetError: [WinError 10054] Eine vorhandene Verbindung wurde vom Remotehost geschlossen
WARNING:  Unsupported upgrade request.
WARNING:  No supported WebSocket library detected. Please use "pip install 'uvicorn[standard]'", or install 'websockets' or 'wsproto' manually.
WARNING:  Unsupported upgrade request.
WARNING:  No supported WebSocket library detected. Please use "pip install 'uvicorn[standard]'", or install 'websockets' or 'wsproto' manually.
WARNING:  Unsupported upgrade request.
WARNING:  No supported WebSocket library detected. Please use "pip install 'uvicorn[standard]'", or install 'websockets' or 'wsproto' manually.
2026-07-09 04:15:53,107 - asyncio - ERROR - Exception in callback _ProactorBasePipeTransport._call_connection_lost()
handle: <Handle _ProactorBasePipeTransport._call_connection_lost()>
Traceback (most recent call last):
  File "C:\Python314\Lib\asyncio\events.py", line 94, in _run
    self._context.run(self._callback, *self._args)
    ~~~~~~~~~~~~~~~~~^^^^^^^^^^^^^^^^^^^^^^^^^^^^^
  File "C:\Python314\Lib\asyncio\proactor_events.py", line 165, in _call_connection_lost
    self._sock.shutdown(socket.SHUT_RDWR)
    ~~~~~~~~~~~~~~~~~~~^^^^^^^^^^^^^^^^^^
ConnectionResetError: [WinError 10054] Eine vorhandene Verbindung wurde vom Remotehost geschlossen
WARNING:  Unsupported upgrade request.
WARNING:  No supported WebSocket library detected. Please use "pip install 'uvicorn[standard]'", or install 'websockets' or 'wsproto' manually.
WARNING:  Unsupported upgrade request.
WARNING:  No supported WebSocket library detected. Please use "pip install 'uvicorn[standard]'", or install 'websockets' or 'wsproto' manually.
2026-07-09 04:15:54,248 - asyncio - ERROR - Exception in callback _ProactorBasePipeTransport._call_connection_lost()
handle: <Handle _ProactorBasePipeTransport._call_connection_lost()>
Traceback (most recent call last):
  File "C:\Python314\Lib\asyncio\events.py", line 94, in _run
    self._context.run(self._callback, *self._args)
    ~~~~~~~~~~~~~~~~~^^^^^^^^^^^^^^^^^^^^^^^^^^^^^
  File "C:\Python314\Lib\asyncio\proactor_events.py", line 165, in _call_connection_lost
    self._sock.shutdown(socket.SHUT_RDWR)
    ~~~~~~~~~~~~~~~~~~~^^^^^^^^^^^^^^^^^^
ConnectionResetError: [WinError 10054] Eine vorhandene Verbindung wurde vom Remotehost geschlossen
WARNING:  Unsupported upgrade request.
WARNING:  No supported WebSocket library detected. Please use "pip install 'uvicorn[standard]'", or install 'websockets' or 'wsproto' manually.
WARNING:  Unsupported upgrade request.
WARNING:  No supported WebSocket library detected. Please use "pip install 'uvicorn[standard]'", or install 'websockets' or 'wsproto' manually.
WARNING:  Unsupported upgrade request.
WARNING:  No supported WebSocket library detected. Please use "pip install 'uvicorn[standard]'", or install 'websockets' or 'wsproto' manually.
2026-07-09 04:15:58,325 - asyncio - ERROR - Exception in callback _ProactorBasePipeTransport._call_connection_lost()
handle: <Handle _ProactorBasePipeTransport._call_connection_lost()>
Traceback (most recent call last):
  File "C:\Python314\Lib\asyncio\events.py", line 94, in _run
    self._context.run(self._callback, *self._args)
    ~~~~~~~~~~~~~~~~~^^^^^^^^^^^^^^^^^^^^^^^^^^^^^
  File "C:\Python314\Lib\asyncio\proactor_events.py", line 165, in _call_connection_lost
    self._sock.shutdown(socket.SHUT_RDWR)
    ~~~~~~~~~~~~~~~~~~~^^^^^^^^^^^^^^^^^^
ConnectionResetError: [WinError 10054] Eine vorhandene Verbindung wurde vom Remotehost geschlossen
WARNING:  Unsupported upgrade request.
WARNING:  No supported WebSocket library detected. Please use "pip install 'uvicorn[standard]'", or install 'websockets' or 'wsproto' manually.
WARNING:  Unsupported upgrade request.
WARNING:  No supported WebSocket library detected. Please use "pip install 'uvicorn[standard]'", or install 'websockets' or 'wsproto' manually.
WARNING:  Unsupported upgrade request.
WARNING:  No supported WebSocket library detected. Please use "pip install 'uvicorn[standard]'", or install 'websockets' or 'wsproto' manually.
WARNING:  Unsupported upgrade request.
WARNING:  No supported WebSocket library detected. Please use "pip install 'uvicorn[standard]'", or install 'websockets' or 'wsproto' manually.
WARNING:  Unsupported upgrade request.
WARNING:  No supported WebSocket library detected. Please use "pip install 'uvicorn[standard]'", or install 'websockets' or 'wsproto' manually.
WARNING:  Unsupported upgrade request.
WARNING:  No supported WebSocket library detected. Please use "pip install 'uvicorn[standard]'", or install 'websockets' or 'wsproto' manually.
WARNING:  Unsupported upgrade request.
WARNING:  No supported WebSocket library detected. Please use "pip install 'uvicorn[standard]'", or install 'websockets' or 'wsproto' manually.
WARNING:  Unsupported upgrade request.
WARNING:  No supported WebSocket library detected. Please use "pip install 'uvicorn[standard]'", or install 'websockets' or 'wsproto' manually.
2026-07-09 04:16:04,436 - asyncio - ERROR - Exception in callback _ProactorBasePipeTransport._call_connection_lost()
handle: <Handle _ProactorBasePipeTransport._call_connection_lost()>
Traceback (most recent call last):
  File "C:\Python314\Lib\asyncio\events.py", line 94, in _run
    self._context.run(self._callback, *self._args)
    ~~~~~~~~~~~~~~~~~^^^^^^^^^^^^^^^^^^^^^^^^^^^^^
  File "C:\Python314\Lib\asyncio\proactor_events.py", line 165, in _call_connection_lost
    self._sock.shutdown(socket.SHUT_RDWR)
    ~~~~~~~~~~~~~~~~~~~^^^^^^^^^^^^^^^^^^
ConnectionResetError: [WinError 10054] Eine vorhandene Verbindung wurde vom Remotehost geschlossen
WARNING:  Unsupported upgrade request.
WARNING:  No supported WebSocket library detected. Please use "pip install 'uvicorn[standard]'", or install 'websockets' or 'wsproto' manually.
WARNING:  Unsupported upgrade request.
WARNING:  No supported WebSocket library detected. Please use "pip install 'uvicorn[standard]'", or install 'websockets' or 'wsproto' manually.
WARNING:  Unsupported upgrade request.
WARNING:  No supported WebSocket library detected. Please use "pip install 'uvicorn[standard]'", or install 'websockets' or 'wsproto' manually.
WARNING:  Unsupported upgrade request.
WARNING:  No supported WebSocket library detected. Please use "pip install 'uvicorn[standard]'", or install 'websockets' or 'wsproto' manually.
2026-07-09 04:16:09,235 - asyncio - ERROR - Exception in callback _ProactorBasePipeTransport._call_connection_lost()
handle: <Handle _ProactorBasePipeTransport._call_connection_lost()>
Traceback (most recent call last):
  File "C:\Python314\Lib\asyncio\events.py", line 94, in _run
    self._context.run(self._callback, *self._args)
    ~~~~~~~~~~~~~~~~~^^^^^^^^^^^^^^^^^^^^^^^^^^^^^
  File "C:\Python314\Lib\asyncio\proactor_events.py", line 165, in _call_connection_lost
    self._sock.shutdown(socket.SHUT_RDWR)
    ~~~~~~~~~~~~~~~~~~~^^^^^^^^^^^^^^^^^^
ConnectionResetError: [WinError 10054] Eine vorhandene Verbindung wurde vom Remotehost geschlossen
WARNING:  Unsupported upgrade request.
WARNING:  No supported WebSocket library detected. Please use "pip install 'uvicorn[standard]'", or install 'websockets' or 'wsproto' manually.
WARNING:  Unsupported upgrade request.
WARNING:  No supported WebSocket library detected. Please use "pip install 'uvicorn[standard]'", or install 'websockets' or 'wsproto' manually.
WARNING:  Unsupported upgrade request.
WARNING:  No supported WebSocket library detected. Please use "pip install 'uvicorn[standard]'", or install 'websockets' or 'wsproto' manually.
WARNING:  Unsupported upgrade request.
WARNING:  No supported WebSocket library detected. Please use "pip install 'uvicorn[standard]'", or install 'websockets' or 'wsproto' manually.
WARNING:  Unsupported upgrade request.
WARNING:  No supported WebSocket library detected. Please use "pip install 'uvicorn[standard]'", or install 'websockets' or 'wsproto' manually.
WARNING:  Unsupported upgrade request.
WARNING:  No supported WebSocket library detected. Please use "pip install 'uvicorn[standard]'", or install 'websockets' or 'wsproto' manually.
WARNING:  Unsupported upgrade request.
WARNING:  No supported WebSocket library detected. Please use "pip install 'uvicorn[standard]'", or install 'websockets' or 'wsproto' manually.
WARNING:  Unsupported upgrade request.
WARNING:  No supported WebSocket library detected. Please use "pip install 'uvicorn[standard]'", or install 'websockets' or 'wsproto' manually.
WARNING:  Unsupported upgrade request.
WARNING:  No supported WebSocket library detected. Please use "pip install 'uvicorn[standard]'", or install 'websockets' or 'wsproto' manually.
WARNING:  Unsupported upgrade request.
WARNING:  No supported WebSocket library detected. Please use "pip install 'uvicorn[standard]'", or install 'websockets' or 'wsproto' manually.
WARNING:  Unsupported upgrade request.
WARNING:  No supported WebSocket library detected. Please use "pip install 'uvicorn[standard]'", or install 'websockets' or 'wsproto' manually.
WARNING:  Unsupported upgrade request.
WARNING:  No supported WebSocket library detected. Please use "pip install 'uvicorn[standard]'", or install 'websockets' or 'wsproto' manually.
WARNING:  Unsupported upgrade request.
WARNING:  No supported WebSocket library detected. Please use "pip install 'uvicorn[standard]'", or install 'websockets' or 'wsproto' manually.
WARNING:  Unsupported upgrade request.
WARNING:  No supported WebSocket library detected. Please use "pip install 'uvicorn[standard]'", or install 'websockets' or 'wsproto' manually.
WARNING:  Unsupported upgrade request.
WARNING:  No supported WebSocket library detected. Please use "pip install 'uvicorn[standard]'", or install 'websockets' or 'wsproto' manually.
WARNING:  Unsupported upgrade request.
WARNING:  No supported WebSocket library detected. Please use "pip install 'uvicorn[standard]'", or install 'websockets' or 'wsproto' manually.
WARNING:  Unsupported upgrade request.
WARNING:  No supported WebSocket library detected. Please use "pip install 'uvicorn[standard]'", or install 'websockets' or 'wsproto' manually.
WARNING:  Unsupported upgrade request.
WARNING:  No supported WebSocket library detected. Please use "pip install 'uvicorn[standard]'", or install 'websockets' or 'wsproto' manually.
2026-07-09 04:16:24,248 - asyncio - ERROR - Exception in callback _ProactorBasePipeTransport._call_connection_lost()
handle: <Handle _ProactorBasePipeTransport._call_connection_lost()>
Traceback (most recent call last):
  File "C:\Python314\Lib\asyncio\events.py", line 94, in _run
    self._context.run(self._callback, *self._args)
    ~~~~~~~~~~~~~~~~~^^^^^^^^^^^^^^^^^^^^^^^^^^^^^
  File "C:\Python314\Lib\asyncio\proactor_events.py", line 165, in _call_connection_lost
    self._sock.shutdown(socket.SHUT_RDWR)
    ~~~~~~~~~~~~~~~~~~~^^^^^^^^^^^^^^^^^^
ConnectionResetError: [WinError 10054] Eine vorhandene Verbindung wurde vom Remotehost geschlossen
WARNING:  Unsupported upgrade request.
WARNING:  No supported WebSocket library detected. Please use "pip install 'uvicorn[standard]'", or install 'websockets' or 'wsproto' manually.
WARNING:  Unsupported upgrade request.
WARNING:  No supported WebSocket library detected. Please use "pip install 'uvicorn[standard]'", or install 'websockets' or 'wsproto' manually.
2026-07-09 04:16:27,261 - asyncio - ERROR - Exception in callback _ProactorBasePipeTransport._call_connection_lost()
handle: <Handle _ProactorBasePipeTransport._call_connection_lost()>
Traceback (most recent call last):
  File "C:\Python314\Lib\asyncio\events.py", line 94, in _run
    self._context.run(self._callback, *self._args)
    ~~~~~~~~~~~~~~~~~^^^^^^^^^^^^^^^^^^^^^^^^^^^^^
  File "C:\Python314\Lib\asyncio\proactor_events.py", line 165, in _call_connection_lost
    self._sock.shutdown(socket.SHUT_RDWR)
    ~~~~~~~~~~~~~~~~~~~^^^^^^^^^^^^^^^^^^
ConnectionResetError: [WinError 10054] Eine vorhandene Verbindung wurde vom Remotehost geschlossen
WARNING:  Unsupported upgrade request.
WARNING:  No supported WebSocket library detected. Please use "pip install 'uvicorn[standard]'", or install 'websockets' or 'wsproto' manually.
2026-07-09 04:16:29,255 - asyncio - ERROR - Exception in callback _ProactorBasePipeTransport._call_connection_lost()
handle: <Handle _ProactorBasePipeTransport._call_connection_lost()>
Traceback (most recent call last):
  File "C:\Python314\Lib\asyncio\events.py", line 94, in _run
    self._context.run(self._callback, *self._args)
    ~~~~~~~~~~~~~~~~~^^^^^^^^^^^^^^^^^^^^^^^^^^^^^
  File "C:\Python314\Lib\asyncio\proactor_events.py", line 165, in _call_connection_lost
    self._sock.shutdown(socket.SHUT_RDWR)
    ~~~~~~~~~~~~~~~~~~~^^^^^^^^^^^^^^^^^^
ConnectionResetError: [WinError 10054] Eine vorhandene Verbindung wurde vom Remotehost geschlossen
WARNING:  Unsupported upgrade request.
WARNING:  No supported WebSocket library detected. Please use "pip install 'uvicorn[standard]'", or install 'websockets' or 'wsproto' manually.
WARNING:  Unsupported upgrade request.
WARNING:  No supported WebSocket library detected. Please use "pip install 'uvicorn[standard]'", or install 'websockets' or 'wsproto' manually.
WARNING:  Unsupported upgrade request.
WARNING:  No supported WebSocket library detected. Please use "pip install 'uvicorn[standard]'", or install 'websockets' or 'wsproto' manually.
WARNING:  Unsupported upgrade request.
WARNING:  No supported WebSocket library detected. Please use "pip install 'uvicorn[standard]'", or install 'websockets' or 'wsproto' manually.
WARNING:  Unsupported upgrade request.
WARNING:  No supported WebSocket library detected. Please use "pip install 'uvicorn[standard]'", or install 'websockets' or 'wsproto' manually.
WARNING:  Unsupported upgrade request.
WARNING:  No supported WebSocket library detected. Please use "pip install 'uvicorn[standard]'", or install 'websockets' or 'wsproto' manually.
2026-07-09 04:16:32,886 - asyncio - ERROR - Exception in callback _ProactorBasePipeTransport._call_connection_lost()
handle: <Handle _ProactorBasePipeTransport._call_connection_lost()>
Traceback (most recent call last):
  File "C:\Python314\Lib\asyncio\events.py", line 94, in _run
    self._context.run(self._callback, *self._args)
    ~~~~~~~~~~~~~~~~~^^^^^^^^^^^^^^^^^^^^^^^^^^^^^
  File "C:\Python314\Lib\asyncio\proactor_events.py", line 165, in _call_connection_lost
    self._sock.shutdown(socket.SHUT_RDWR)
    ~~~~~~~~~~~~~~~~~~~^^^^^^^^^^^^^^^^^^
ConnectionResetError: [WinError 10054] Eine vorhandene Verbindung wurde vom Remotehost geschlossen
WARNING:  Unsupported upgrade request.
WARNING:  No supported WebSocket library detected. Please use "pip install 'uvicorn[standard]'", or install 'websockets' or 'wsproto' manually.
WARNING:  Unsupported upgrade request.
WARNING:  No supported WebSocket library detected. Please use "pip install 'uvicorn[standard]'", or install 'websockets' or 'wsproto' manually.
WARNING:  Unsupported upgrade request.
WARNING:  No supported WebSocket library detected. Please use "pip install 'uvicorn[standard]'", or install 'websockets' or 'wsproto' manually.
WARNING:  Unsupported upgrade request.
WARNING:  No supported WebSocket library detected. Please use "pip install 'uvicorn[standard]'", or install 'websockets' or 'wsproto' manually.
2026-07-09 04:16:37,822 - asyncio - ERROR - Exception in callback _ProactorBasePipeTransport._call_connection_lost()
handle: <Handle _ProactorBasePipeTransport._call_connection_lost()>
Traceback (most recent call last):
  File "C:\Python314\Lib\asyncio\events.py", line 94, in _run
    self._context.run(self._callback, *self._args)
    ~~~~~~~~~~~~~~~~~^^^^^^^^^^^^^^^^^^^^^^^^^^^^^
  File "C:\Python314\Lib\asyncio\proactor_events.py", line 165, in _call_connection_lost
    self._sock.shutdown(socket.SHUT_RDWR)
    ~~~~~~~~~~~~~~~~~~~^^^^^^^^^^^^^^^^^^
ConnectionResetError: [WinError 10054] Eine vorhandene Verbindung wurde vom Remotehost geschlossen
WARNING:  Unsupported upgrade request.
WARNING:  No supported WebSocket library detected. Please use "pip install 'uvicorn[standard]'", or install 'websockets' or 'wsproto' manually.
WARNING:  Unsupported upgrade request.
WARNING:  No supported WebSocket library detected. Please use "pip install 'uvicorn[standard]'", or install 'websockets' or 'wsproto' manually.
2026-07-09 04:16:38,462 - asyncio - ERROR - Exception in callback _ProactorBasePipeTransport._call_connection_lost()
handle: <Handle _ProactorBasePipeTransport._call_connection_lost()>
Traceback (most recent call last):
  File "C:\Python314\Lib\asyncio\events.py", line 94, in _run
    self._context.run(self._callback, *self._args)
    ~~~~~~~~~~~~~~~~~^^^^^^^^^^^^^^^^^^^^^^^^^^^^^
  File "C:\Python314\Lib\asyncio\proactor_events.py", line 165, in _call_connection_lost
    self._sock.shutdown(socket.SHUT_RDWR)
    ~~~~~~~~~~~~~~~~~~~^^^^^^^^^^^^^^^^^^
ConnectionResetError: [WinError 10054] Eine vorhandene Verbindung wurde vom Remotehost geschlossen
WARNING:  Unsupported upgrade request.
WARNING:  No supported WebSocket library detected. Please use "pip install 'uvicorn[standard]'", or install 'websockets' or 'wsproto' manually.
2026-07-09 04:16:39,299 - asyncio - ERROR - Exception in callback _ProactorBasePipeTransport._call_connection_lost()
handle: <Handle _ProactorBasePipeTransport._call_connection_lost()>
Traceback (most recent call last):
  File "C:\Python314\Lib\asyncio\events.py", line 94, in _run
    self._context.run(self._callback, *self._args)
    ~~~~~~~~~~~~~~~~~^^^^^^^^^^^^^^^^^^^^^^^^^^^^^
  File "C:\Python314\Lib\asyncio\proactor_events.py", line 165, in _call_connection_lost
    self._sock.shutdown(socket.SHUT_RDWR)
    ~~~~~~~~~~~~~~~~~~~^^^^^^^^^^^^^^^^^^
ConnectionResetError: [WinError 10054] Eine vorhandene Verbindung wurde vom Remotehost geschlossen
WARNING:  Unsupported upgrade request.
WARNING:  No supported WebSocket library detected. Please use "pip install 'uvicorn[standard]'", or install 'websockets' or 'wsproto' manually.
2026-07-09 04:16:39,385 - asyncio - ERROR - Exception in callback _ProactorBasePipeTransport._call_connection_lost()
handle: <Handle _ProactorBasePipeTransport._call_connection_lost()>
Traceback (most recent call last):
  File "C:\Python314\Lib\asyncio\events.py", line 94, in _run
    self._context.run(self._callback, *self._args)
    ~~~~~~~~~~~~~~~~~^^^^^^^^^^^^^^^^^^^^^^^^^^^^^
  File "C:\Python314\Lib\asyncio\proactor_events.py", line 165, in _call_connection_lost
    self._sock.shutdown(socket.SHUT_RDWR)
    ~~~~~~~~~~~~~~~~~~~^^^^^^^^^^^^^^^^^^
ConnectionResetError: [WinError 10054] Eine vorhandene Verbindung wurde vom Remotehost geschlossen
WARNING:  Unsupported upgrade request.
WARNING:  No supported WebSocket library detected. Please use "pip install 'uvicorn[standard]'", or install 'websockets' or 'wsproto' manually.
WARNING:  Unsupported upgrade request.
WARNING:  No supported WebSocket library detected. Please use "pip install 'uvicorn[standard]'", or install 'websockets' or 'wsproto' manually.
WARNING:  Unsupported upgrade request.
WARNING:  No supported WebSocket library detected. Please use "pip install 'uvicorn[standard]'", or install 'websockets' or 'wsproto' manually.
2026-07-09 04:16:44,309 - asyncio - ERROR - Exception in callback _ProactorBasePipeTransport._call_connection_lost()
handle: <Handle _ProactorBasePipeTransport._call_connection_lost()>
Traceback (most recent call last):
  File "C:\Python314\Lib\asyncio\events.py", line 94, in _run
    self._context.run(self._callback, *self._args)
    ~~~~~~~~~~~~~~~~~^^^^^^^^^^^^^^^^^^^^^^^^^^^^^
  File "C:\Python314\Lib\asyncio\proactor_events.py", line 165, in _call_connection_lost
    self._sock.shutdown(socket.SHUT_RDWR)
    ~~~~~~~~~~~~~~~~~~~^^^^^^^^^^^^^^^^^^
ConnectionResetError: [WinError 10054] Eine vorhandene Verbindung wurde vom Remotehost geschlossen
WARNING:  Unsupported upgrade request.
WARNING:  No supported WebSocket library detected. Please use "pip install 'uvicorn[standard]'", or install 'websockets' or 'wsproto' manually.
2026-07-09 04:16:44,324 - asyncio - ERROR - Exception in callback _ProactorBasePipeTransport._call_connection_lost()
handle: <Handle _ProactorBasePipeTransport._call_connection_lost()>
Traceback (most recent call last):
  File "C:\Python314\Lib\asyncio\events.py", line 94, in _run
    self._context.run(self._callback, *self._args)
    ~~~~~~~~~~~~~~~~~^^^^^^^^^^^^^^^^^^^^^^^^^^^^^
  File "C:\Python314\Lib\asyncio\proactor_events.py", line 165, in _call_connection_lost
    self._sock.shutdown(socket.SHUT_RDWR)
    ~~~~~~~~~~~~~~~~~~~^^^^^^^^^^^^^^^^^^
ConnectionResetError: [WinError 10054] Eine vorhandene Verbindung wurde vom Remotehost geschlossen
WARNING:  Unsupported upgrade request.
WARNING:  No supported WebSocket library detected. Please use "pip install 'uvicorn[standard]'", or install 'websockets' or 'wsproto' manually.
WARNING:  Unsupported upgrade request.
WARNING:  No supported WebSocket library detected. Please use "pip install 'uvicorn[standard]'", or install 'websockets' or 'wsproto' manually.
2026-07-09 04:16:45,943 - asyncio - ERROR - Exception in callback _ProactorBasePipeTransport._call_connection_lost()
handle: <Handle _ProactorBasePipeTransport._call_connection_lost()>
Traceback (most recent call last):
  File "C:\Python314\Lib\asyncio\events.py", line 94, in _run
    self._context.run(self._callback, *self._args)
    ~~~~~~~~~~~~~~~~~^^^^^^^^^^^^^^^^^^^^^^^^^^^^^
  File "C:\Python314\Lib\asyncio\proactor_events.py", line 165, in _call_connection_lost
    self._sock.shutdown(socket.SHUT_RDWR)
    ~~~~~~~~~~~~~~~~~~~^^^^^^^^^^^^^^^^^^
ConnectionResetError: [WinError 10054] Eine vorhandene Verbindung wurde vom Remotehost geschlossen
WARNING:  Unsupported upgrade request.
WARNING:  No supported WebSocket library detected. Please use "pip install 'uvicorn[standard]'", or install 'websockets' or 'wsproto' manually.
WARNING:  Unsupported upgrade request.
WARNING:  No supported WebSocket library detected. Please use "pip install 'uvicorn[standard]'", or install 'websockets' or 'wsproto' manually.
WARNING:  Unsupported upgrade request.
WARNING:  No supported WebSocket library detected. Please use "pip install 'uvicorn[standard]'", or install 'websockets' or 'wsproto' manually.
2026-07-09 04:16:47,355 - asyncio - ERROR - Exception in callback _ProactorBasePipeTransport._call_connection_lost()
handle: <Handle _ProactorBasePipeTransport._call_connection_lost()>
Traceback (most recent call last):
  File "C:\Python314\Lib\asyncio\events.py", line 94, in _run
    self._context.run(self._callback, *self._args)
    ~~~~~~~~~~~~~~~~~^^^^^^^^^^^^^^^^^^^^^^^^^^^^^
  File "C:\Python314\Lib\asyncio\proactor_events.py", line 165, in _call_connection_lost
    self._sock.shutdown(socket.SHUT_RDWR)
    ~~~~~~~~~~~~~~~~~~~^^^^^^^^^^^^^^^^^^
ConnectionResetError: [WinError 10054] Eine vorhandene Verbindung wurde vom Remotehost geschlossen
WARNING:  Unsupported upgrade request.
WARNING:  No supported WebSocket library detected. Please use "pip install 'uvicorn[standard]'", or install 'websockets' or 'wsproto' manually.
2026-07-09 04:16:49,428 - asyncio - ERROR - Exception in callback _ProactorBasePipeTransport._call_connection_lost()
handle: <Handle _ProactorBasePipeTransport._call_connection_lost()>
Traceback (most recent call last):
  File "C:\Python314\Lib\asyncio\events.py", line 94, in _run
    self._context.run(self._callback, *self._args)
    ~~~~~~~~~~~~~~~~~^^^^^^^^^^^^^^^^^^^^^^^^^^^^^
  File "C:\Python314\Lib\asyncio\proactor_events.py", line 165, in _call_connection_lost
    self._sock.shutdown(socket.SHUT_RDWR)
    ~~~~~~~~~~~~~~~~~~~^^^^^^^^^^^^^^^^^^
ConnectionResetError: [WinError 10054] Eine vorhandene Verbindung wurde vom Remotehost geschlossen
WARNING:  Unsupported upgrade request.
WARNING:  No supported WebSocket library detected. Please use "pip install 'uvicorn[standard]'", or install 'websockets' or 'wsproto' manually.
2026-07-09 04:16:49,602 - asyncio - ERROR - Exception in callback _ProactorBasePipeTransport._call_connection_lost()
handle: <Handle _ProactorBasePipeTransport._call_connection_lost()>
Traceback (most recent call last):
  File "C:\Python314\Lib\asyncio\events.py", line 94, in _run
    self._context.run(self._callback, *self._args)
    ~~~~~~~~~~~~~~~~~^^^^^^^^^^^^^^^^^^^^^^^^^^^^^
  File "C:\Python314\Lib\asyncio\proactor_events.py", line 165, in _call_connection_lost
    self._sock.shutdown(socket.SHUT_RDWR)
    ~~~~~~~~~~~~~~~~~~~^^^^^^^^^^^^^^^^^^
ConnectionResetError: [WinError 10054] Eine vorhandene Verbindung wurde vom Remotehost geschlossen
WARNING:  Unsupported upgrade request.
WARNING:  No supported WebSocket library detected. Please use "pip install 'uvicorn[standard]'", or install 'websockets' or 'wsproto' manually.
WARNING:  Unsupported upgrade request.
WARNING:  No supported WebSocket library detected. Please use "pip install 'uvicorn[standard]'", or install 'websockets' or 'wsproto' manually.
2026-07-09 04:16:52,383 - asyncio - ERROR - Exception in callback _ProactorBasePipeTransport._call_connection_lost()
handle: <Handle _ProactorBasePipeTransport._call_connection_lost()>
Traceback (most recent call last):
  File "C:\Python314\Lib\asyncio\events.py", line 94, in _run
    self._context.run(self._callback, *self._args)
    ~~~~~~~~~~~~~~~~~^^^^^^^^^^^^^^^^^^^^^^^^^^^^^
  File "C:\Python314\Lib\asyncio\proactor_events.py", line 165, in _call_connection_lost
    self._sock.shutdown(socket.SHUT_RDWR)
    ~~~~~~~~~~~~~~~~~~~^^^^^^^^^^^^^^^^^^
ConnectionResetError: [WinError 10054] Eine vorhandene Verbindung wurde vom Remotehost geschlossen
WARNING:  Unsupported upgrade request.
WARNING:  No supported WebSocket library detected. Please use "pip install 'uvicorn[standard]'", or install 'websockets' or 'wsproto' manually.
WARNING:  Unsupported upgrade request.
WARNING:  No supported WebSocket library detected. Please use "pip install 'uvicorn[standard]'", or install 'websockets' or 'wsproto' manually.
WARNING:  Unsupported upgrade request.
WARNING:  No supported WebSocket library detected. Please use "pip install 'uvicorn[standard]'", or install 'websockets' or 'wsproto' manually.
2026-07-09 04:16:55,442 - asyncio - ERROR - Exception in callback _ProactorBasePipeTransport._call_connection_lost()
handle: <Handle _ProactorBasePipeTransport._call_connection_lost()>
Traceback (most recent call last):
  File "C:\Python314\Lib\asyncio\events.py", line 94, in _run
    self._context.run(self._callback, *self._args)
    ~~~~~~~~~~~~~~~~~^^^^^^^^^^^^^^^^^^^^^^^^^^^^^
  File "C:\Python314\Lib\asyncio\proactor_events.py", line 165, in _call_connection_lost
    self._sock.shutdown(socket.SHUT_RDWR)
    ~~~~~~~~~~~~~~~~~~~^^^^^^^^^^^^^^^^^^
ConnectionResetError: [WinError 10054] Eine vorhandene Verbindung wurde vom Remotehost geschlossen
WARNING:  Unsupported upgrade request.
WARNING:  No supported WebSocket library detected. Please use "pip install 'uvicorn[standard]'", or install 'websockets' or 'wsproto' manually.
2026-07-09 04:16:56,033 - asyncio - ERROR - Exception in callback _ProactorBasePipeTransport._call_connection_lost()
handle: <Handle _ProactorBasePipeTransport._call_connection_lost()>
Traceback (most recent call last):
  File "C:\Python314\Lib\asyncio\events.py", line 94, in _run
    self._context.run(self._callback, *self._args)
    ~~~~~~~~~~~~~~~~~^^^^^^^^^^^^^^^^^^^^^^^^^^^^^
  File "C:\Python314\Lib\asyncio\proactor_events.py", line 165, in _call_connection_lost
    self._sock.shutdown(socket.SHUT_RDWR)
    ~~~~~~~~~~~~~~~~~~~^^^^^^^^^^^^^^^^^^
ConnectionResetError: [WinError 10054] Eine vorhandene Verbindung wurde vom Remotehost geschlossen
WARNING:  Unsupported upgrade request.
WARNING:  No supported WebSocket library detected. Please use "pip install 'uvicorn[standard]'", or install 'websockets' or 'wsproto' manually.
WARNING:  Unsupported upgrade request.
WARNING:  No supported WebSocket library detected. Please use "pip install 'uvicorn[standard]'", or install 'websockets' or 'wsproto' manually.
2026-07-09 04:16:57,124 - asyncio - ERROR - Exception in callback _ProactorBasePipeTransport._call_connection_lost()
handle: <Handle _ProactorBasePipeTransport._call_connection_lost()>
Traceback (most recent call last):
  File "C:\Python314\Lib\asyncio\events.py", line 94, in _run
    self._context.run(self._callback, *self._args)
    ~~~~~~~~~~~~~~~~~^^^^^^^^^^^^^^^^^^^^^^^^^^^^^
  File "C:\Python314\Lib\asyncio\proactor_events.py", line 165, in _call_connection_lost
    self._sock.shutdown(socket.SHUT_RDWR)
    ~~~~~~~~~~~~~~~~~~~^^^^^^^^^^^^^^^^^^
ConnectionResetError: [WinError 10054] Eine vorhandene Verbindung wurde vom Remotehost geschlossen
WARNING:  Unsupported upgrade request.
WARNING:  No supported WebSocket library detected. Please use "pip install 'uvicorn[standard]'", or install 'websockets' or 'wsproto' manually.
2026-07-09 04:16:57,876 - asyncio - ERROR - Exception in callback _ProactorBasePipeTransport._call_connection_lost()
handle: <Handle _ProactorBasePipeTransport._call_connection_lost()>
Traceback (most recent call last):
  File "C:\Python314\Lib\asyncio\events.py", line 94, in _run
    self._context.run(self._callback, *self._args)
    ~~~~~~~~~~~~~~~~~^^^^^^^^^^^^^^^^^^^^^^^^^^^^^
  File "C:\Python314\Lib\asyncio\proactor_events.py", line 165, in _call_connection_lost
    self._sock.shutdown(socket.SHUT_RDWR)
    ~~~~~~~~~~~~~~~~~~~^^^^^^^^^^^^^^^^^^
ConnectionResetError: [WinError 10054] Eine vorhandene Verbindung wurde vom Remotehost geschlossen
WARNING:  Unsupported upgrade request.
WARNING:  No supported WebSocket library detected. Please use "pip install 'uvicorn[standard]'", or install 'websockets' or 'wsproto' manually.
2026-07-09 04:16:59,660 - asyncio - ERROR - Exception in callback _ProactorBasePipeTransport._call_connection_lost()
handle: <Handle _ProactorBasePipeTransport._call_connection_lost()>
Traceback (most recent call last):
  File "C:\Python314\Lib\asyncio\events.py", line 94, in _run
    self._context.run(self._callback, *self._args)
    ~~~~~~~~~~~~~~~~~^^^^^^^^^^^^^^^^^^^^^^^^^^^^^
  File "C:\Python314\Lib\asyncio\proactor_events.py", line 165, in _call_connection_lost
    self._sock.shutdown(socket.SHUT_RDWR)
    ~~~~~~~~~~~~~~~~~~~^^^^^^^^^^^^^^^^^^
ConnectionResetError: [WinError 10054] Eine vorhandene Verbindung wurde vom Remotehost geschlossen
WARNING:  Unsupported upgrade request.
WARNING:  No supported WebSocket library detected. Please use "pip install 'uvicorn[standard]'", or install 'websockets' or 'wsproto' manually.
2026-07-09 04:17:01,412 - asyncio - ERROR - Exception in callback _ProactorBasePipeTransport._call_connection_lost()
handle: <Handle _ProactorBasePipeTransport._call_connection_lost()>
Traceback (most recent call last):
  File "C:\Python314\Lib\asyncio\events.py", line 94, in _run
    self._context.run(self._callback, *self._args)
    ~~~~~~~~~~~~~~~~~^^^^^^^^^^^^^^^^^^^^^^^^^^^^^
  File "C:\Python314\Lib\asyncio\proactor_events.py", line 165, in _call_connection_lost
    self._sock.shutdown(socket.SHUT_RDWR)
    ~~~~~~~~~~~~~~~~~~~^^^^^^^^^^^^^^^^^^
ConnectionResetError: [WinError 10054] Eine vorhandene Verbindung wurde vom Remotehost geschlossen
WARNING:  Unsupported upgrade request.
WARNING:  No supported WebSocket library detected. Please use "pip install 'uvicorn[standard]'", or install 'websockets' or 'wsproto' manually.
WARNING:  Unsupported upgrade request.
WARNING:  No supported WebSocket library detected. Please use "pip install 'uvicorn[standard]'", or install 'websockets' or 'wsproto' manually.
2026-07-09 04:17:02,586 - asyncio - ERROR - Exception in callback _ProactorBasePipeTransport._call_connection_lost()
handle: <Handle _ProactorBasePipeTransport._call_connection_lost()>
Traceback (most recent call last):
  File "C:\Python314\Lib\asyncio\events.py", line 94, in _run
    self._context.run(self._callback, *self._args)
    ~~~~~~~~~~~~~~~~~^^^^^^^^^^^^^^^^^^^^^^^^^^^^^
  File "C:\Python314\Lib\asyncio\proactor_events.py", line 165, in _call_connection_lost
    self._sock.shutdown(socket.SHUT_RDWR)
    ~~~~~~~~~~~~~~~~~~~^^^^^^^^^^^^^^^^^^
ConnectionResetError: [WinError 10054] Eine vorhandene Verbindung wurde vom Remotehost geschlossen
WARNING:  Unsupported upgrade request.
WARNING:  No supported WebSocket library detected. Please use "pip install 'uvicorn[standard]'", or install 'websockets' or 'wsproto' manually.
2026-07-09 04:17:02,656 - asyncio - ERROR - Exception in callback _ProactorBasePipeTransport._call_connection_lost()
handle: <Handle _ProactorBasePipeTransport._call_connection_lost()>
Traceback (most recent call last):
  File "C:\Python314\Lib\asyncio\events.py", line 94, in _run
    self._context.run(self._callback, *self._args)
    ~~~~~~~~~~~~~~~~~^^^^^^^^^^^^^^^^^^^^^^^^^^^^^
  File "C:\Python314\Lib\asyncio\proactor_events.py", line 165, in _call_connection_lost
    self._sock.shutdown(socket.SHUT_RDWR)
    ~~~~~~~~~~~~~~~~~~~^^^^^^^^^^^^^^^^^^
ConnectionResetError: [WinError 10054] Eine vorhandene Verbindung wurde vom Remotehost geschlossen
WARNING:  Unsupported upgrade request.
WARNING:  No supported WebSocket library detected. Please use "pip install 'uvicorn[standard]'", or install 'websockets' or 'wsproto' manually.
WARNING:  Unsupported upgrade request.
WARNING:  No supported WebSocket library detected. Please use "pip install 'uvicorn[standard]'", or install 'websockets' or 'wsproto' manually.
2026-07-09 04:17:04,745 - asyncio - ERROR - Exception in callback _ProactorBasePipeTransport._call_connection_lost()
handle: <Handle _ProactorBasePipeTransport._call_connection_lost()>
Traceback (most recent call last):
  File "C:\Python314\Lib\asyncio\events.py", line 94, in _run
    self._context.run(self._callback, *self._args)
    ~~~~~~~~~~~~~~~~~^^^^^^^^^^^^^^^^^^^^^^^^^^^^^
  File "C:\Python314\Lib\asyncio\proactor_events.py", line 165, in _call_connection_lost
    self._sock.shutdown(socket.SHUT_RDWR)
    ~~~~~~~~~~~~~~~~~~~^^^^^^^^^^^^^^^^^^
ConnectionResetError: [WinError 10054] Eine vorhandene Verbindung wurde vom Remotehost geschlossen
WARNING:  Unsupported upgrade request.
WARNING:  No supported WebSocket library detected. Please use "pip install 'uvicorn[standard]'", or install 'websockets' or 'wsproto' manually.
WARNING:  Unsupported upgrade request.
WARNING:  No supported WebSocket library detected. Please use "pip install 'uvicorn[standard]'", or install 'websockets' or 'wsproto' manually.
WARNING:  Unsupported upgrade request.
WARNING:  No supported WebSocket library detected. Please use "pip install 'uvicorn[standard]'", or install 'websockets' or 'wsproto' manually.
WARNING:  Unsupported upgrade request.
WARNING:  No supported WebSocket library detected. Please use "pip install 'uvicorn[standard]'", or install 'websockets' or 'wsproto' manually.
2026-07-09 04:17:08,896 - asyncio - ERROR - Exception in callback _ProactorBasePipeTransport._call_connection_lost()
handle: <Handle _ProactorBasePipeTransport._call_connection_lost()>
Traceback (most recent call last):
  File "C:\Python314\Lib\asyncio\events.py", line 94, in _run
    self._context.run(self._callback, *self._args)
    ~~~~~~~~~~~~~~~~~^^^^^^^^^^^^^^^^^^^^^^^^^^^^^
  File "C:\Python314\Lib\asyncio\proactor_events.py", line 165, in _call_connection_lost
    self._sock.shutdown(socket.SHUT_RDWR)
    ~~~~~~~~~~~~~~~~~~~^^^^^^^^^^^^^^^^^^
ConnectionResetError: [WinError 10054] Eine vorhandene Verbindung wurde vom Remotehost geschlossen
WARNING:  Unsupported upgrade request.
WARNING:  No supported WebSocket library detected. Please use "pip install 'uvicorn[standard]'", or install 'websockets' or 'wsproto' manually.
WARNING:  Unsupported upgrade request.
WARNING:  No supported WebSocket library detected. Please use "pip install 'uvicorn[standard]'", or install 'websockets' or 'wsproto' manually.
WARNING:  Unsupported upgrade request.
WARNING:  No supported WebSocket library detected. Please use "pip install 'uvicorn[standard]'", or install 'websockets' or 'wsproto' manually.
